,,
품명,현재고,소매가
,,단가
"7""평컵플러스이엑스파워 ",2,"51,000"
C형강125*50*20*3.2,2,"75,390"
C형관100*50*2.1T*10M ,14,"52,000"
C형관75*50*2.1 ,42,"58,000"
ES샌딩기원형PO705 ,1,"75,000"
EX메탈망4*8*2.3T ,-1,"29,500"
KA-620-1KB ,-3,"26,500"
LPG가스게이지 ,1,"23,000"
V벨트악취제거용 ,-10,"18,000"
jk led mr 안정기 ,-10,"5,000"
uv반사테이프 ,-1,"160,000"
가공비 ,-612,"5,000"
가로단수코브라꼭지로얄 ,45,"14,000"
가로등기초석200*300*600*내경65 ,,"39,600"
가로등기초석250*400*900*내경80 ,,"48,000"
가로등기초석400*700*H600*170 ,,"95,000"
가로등전구75W ,-33,"15,000"
가마니갈고리30 ,8,"4,000"
가마니갈고리60 ,14,"7,000"
가스누출경보기*LNG ,5,"22,000"
가스라이터전자총 ,52,"5,000"
가스렌지휴대용TY-101 ,1,"18,000"
가스렌지휴대용TY-105 ,1,"24,000"
가스배관브라켓 ,,500
가스배관브라켓32A 1구5전 ,,"3,000"
가스배관브라켓32A 2구5전 ,,"4,000"
가스배관브라켓이중5전 ,,"2,000"
가스배출기한양101 ,12,"33,000"
가스배출기현대 ,,
가스압력조정기4K 준저압 ,4,"23,000"
가스압력조정기5K 준저압 ,5,"34,000"
가스온수기08BF*린나인LPG용 ,,"473,000"
가스온수기13호린나인일제 ,1,"590,000"
가스중간밸브15 ,23,"10,000"
가스중간밸브호수용 ,9,"10,000"
가스켓고무100RF10K ,8,"2,000"
가스켓고무125RF ,6,"2,500"
가스켓고무150RF ,9,"2,500"
가스켓고무200RF ,11,"3,000"
가스켓고무25RF ,10,"1,000"
가스켓고무32RF ,25,"1,000"
가스켓고무40RF ,9,"1,000"
가스켓고무50RF ,59,"1,200"
가스켓고무65RF10K ,14,"1,500"
가스켓고무80RF ,16,"2,000"
가스켓고무FF32 ,10,"1,000"
가스켓고무FF50 ,30,"1,500"
가스켓고무FF80 ,5,"2,000"
가스켓본드록타이튜브40557*95g ,2,"12,000"
가스켓비석면100 ,31,"2,000"
가스켓비석면15 ,30,300
가스켓비석면20 ,8,300
가스켓비석면25 ,40,400
가스켓비석면32 ,8,500
가스켓비석면40 ,9,700
가스켓비석면50 ,33,"1,000"
가스켓비석면65 ,26,"1,400"
가스켓비석면80 ,20,"1,800"
가스켓비석면FF100 ,,"3,500"
가스켓비석면FF15 ,5,"1,000"
가스켓비석면FF20 ,5,"1,000"
가스켓비석면FF25 ,10,"1,400"
가스켓비석면FF32 ,8,"1,500"
가스켓비석면FF40 ,13,"2,000"
가스켓비석면FF50 ,10,"2,400"
가스켓비석면FF65 ,8,"2,700"
가스켓비석면FF80 ,3,"3,000"
가스호수*1M ,-20,"2,000"
가스호수*갈색도시가스1m당 ,,"3,500"
가스호수*회색도시가스1m당 ,5,"3,500"
가스호수9.5*30m*LNG도시가스 ,1,"69,000"
가스호수9.5*50m*LPG오렌지색 ,2,"71,000"
가스호수반도 ,149,500
가스호수연결T자알미늄 ,1,"1,000"
가스호스9.5*100m*LPG청색 ,1,"110,000"
가시철망선*100M ,14,"49,000"
가시철망윤형1000*15M ,7,"110,000"
가시철망윤형600*12m ,7,"75,000"
가위 ,-94,"5,000"
가위*막킥슨 ,,"4,000"
가위63피브시스마토 ,,"58,000"
가위금강적과가위 ,151,"4,000"
가위다목적금강 ,-7,"4,000"
가위다목적스텐베스트 ,,"7,000"
가위다목적화신P220* ,140,"7,000"
가위다목적화신P300* ,101,"8,000"
가위다목적화신P800*대구* ,154,"9,000"
가위대건DS-300C ,27,"7,000"
가위막가위청색손잡이 ,-2,"4,000"
가위실용가위신성SB204호* ,97,"4,000"
가위원예가위P330 ,9,"5,000"
가위원예가위파스칼*화신 ,4,"5,000"
가위잔디가위가든서브730 ,5,"25,000"
가위잠자리표*280 ,-2,"55,000"
가위잠자리표*300 ,3,"67,000"
가위주방갈비가위임페리얼 ,,"7,000"
가위주방화신K-700 ,28,"6,000"
가위화신170곡가위 ,4,"3,000"
가위화신170적가위 ,31,"3,000"
가위화신P-120*적과가위* ,45,"4,000"
가정용모타펌프PW350SMA0.3마력 ,,"245,000"
가정용모타펌프PW600SMA0.5마력 ,,"320,000"
각도절단기ebot ,1,"215,000"
각도절단기양각지파 ,1,"293,000"
각목3*4 ,-113,"38,500"
각목4*5 ,-33,"31,000"
각목5*8 ,-8,"11,000"
각목9*9 ,-8,"18,000"
각반 ,87,"1,000"
각반치마 ,69,"3,000"
각반칼라색 ,59,"4,000"
각삽 ,78,"8,000"
각삽솔표 ,,"8,000"
각삽아동*내리삽 ,37,"7,000"
각삽에덴 ,39,"7,000"
각삽철 ,45,"11,000"
각선호미알미늄자루인화 ,10,"16,000"
각파이프1.4*1.4*6M ,,"20,000"
각파이프20*40*6M ,,"14,000"
각파이프25*25*6 ,,"9,000"
각파이프40*40*2.0T*6M ,,"39,000"
각파이프50*30 ,,"12,500"
각파이프50*50*2.3T ,,"45,000"
각파이프75*45*2.3*6M ,,"30,000"
각파이프75*75 ,,"42,000"
각파이프캡100*100 ,,"1,000"
각파이프캡pvc100*100속각 ,25,"1,200"
간이소변기 ,14,"35,000"
갈대발4자풀마루 ,24,"11,000"
갈대발5자풀마루 ,19,"14,000"
갈대발대나무A끈 ,13,"19,000"
갈대비자루긴것빨강색 ,47,"6,000"
갈매기조리개대 ,100,300
갈퀴P대 ,118,"4,000"
갈퀴P소 ,220,"3,500"
갈퀴P자동*알미늄자루 ,8,"6,000"
갈퀴P접이2단알미늄경동 ,11,"7,000"
갈퀴대나무 ,18,"16,000"
갈퀴스텐자루철 ,13,"6,000"
갈퀴철 ,52,"5,000"
갈퀴철2단자동 ,5,"9,000"
갈퀴철사피대덕진 ,14,"7,000"
갈퀴철사피특대덕진 ,13,"8,000"
감갈고리 ,-1,"9,000"
갓다12*코이코 ,13,"13,000"
갓다14*코이코 ,16,"15,000"
갓다18*코이코 ,6,"18,000"
갓다24코이코 ,2,"23,000"
갓다36코이코 ,2,"39,000"
갓다42코이코 ,1,"60,000"
갓다MCC12*300 ,6,"45,000"
갓다MCC14*350 ,7,"50,000"
갓다MCC18*450 ,4,"61,000"
갓다도규12*300 ,5,"30,000"
갓다도규14*350 ,,"35,000"
갓다도규18*450 ,,"50,000"
"갓다피쿠스12""(300) ",27,"27,000"
"갓다피쿠스14""(350) ",28,"29,000"
강당걸래T부속 ,67,"1,500"
강당걸래국산원사2.0자*청주 ,19,"14,000"
강당걸래국산원사2.5자*청주 ,21,"15,000"
강당걸래국산원사3.0자*청주 ,22,"16,000"
강당걸래스텐자루2자 ,-1,"15,000"
강당걸래스텐자루3자 ,1,"18,000"
강당걸래스텐자루4자 ,1,"24,000"
강당걸래자루 ,132,"2,000"
강선갈고리65*꽤배기 ,14,"8,000"
강선갈고리80*꽤배기 ,23,"9,000"
강선갈고리90*꽤배기 ,31,"10,000"
"강철와이어예초기날8"" ",-3,"11,000"
강화도어번호키*자우겸용K2-G25 ,2,"130,000"
강화도어보조키2그라제외문 ,4,"34,000"
강화도어보조키3그라제양문형 ,3,"45,000"
강화도어보조키미아 ,4,"10,000"
강화도어손잡이봉스텐*32 ,4,"30,000"
강화도어손잡이봉스텐700 ,,"77,000"
강화도어손잡이봉월낫*40 ,10,"30,000"
강화도어손잡이엘자 ,10,"15,000"
강화도어힌지8300KSK수입 ,10,"38,000"
강화도어힌지8300Kkk ,2,"63,000"
강화도어힌지8300N논스톱형 ,1,"110,000"
강화도어힌지8300케이맨 ,,
강화도어힌지8300킹 ,5,"78,000"
강화도어힌지8300킹방수형 ,3,"97,000"
강화도어힌지8500킹 ,2,"90,000"
강화도어힌지기억자쇠 ,15,"2,000"
강화도어힌지상롯트 ,,"10,000"
개망바닥망 ,10,"57,000"
개망옆망 ,37,"28,000"
개목걸이가죽벨트25 ,25,"3,000"
개목걸이가죽벨트30 ,16,"4,000"
개목걸이가죽벨트40 ,16,"7,000"
개목걸이방울소 ,88,"1,000"
개목걸이방울중 ,82,"1,500"
개목걸이피피25 ,34,"2,000"
개목걸이피피30 ,33,"3,000"
개목걸이피피40 ,20,"3,500"
개밥그릇 ,11,"7,000"
개줄 ,23,"5,000"
개줄꽈배기 2번 ,16,"10,000"
개줄꽈배기10번 ,38,"4,000"
개줄꽈배기12변 ,28,"3,000"
개줄도르레대 ,29,"3,000"
개줄도르레중 ,7,"2,000"
개줄도르레특대 ,8,"5,000"
개줄송아지고리 ,,"7,000"
개줄실12 ,18,"5,000"
개줄실16 ,5,"7,000"
개줄실20 ,10,"9,000"
개줄와이어3 ,52,"4,000"
개줄와이어5 ,14,"5,000"
개줄와이어6 ,18,"8,000"
개줄와이어8 ,10,"9,000"
개줄와이어8중간도르레 ,13,"12,000"
개줄체인3 ,50,"4,000"
개줄체인4 ,30,"6,000"
개줄체인5 ,14,"7,000"
개줄체인6중간도르레 ,43,"8,000"
개집2호소 ,3,"39,000"
개집3호중 ,3,"45,000"
개집4호대 ,4,"52,000"
개집5호특대 ,5,"72,000"
개집6호왕대 ,4,"76,000"
개집상대슈퍼 ,2,"135,000"
거울고리 ,140,"1,000"
거적씨앗 ,-52,"3,133"
건강보험 ,-2,"161,210"
건강보험요양 ,-2,"18,500"
건식코아엘지DC1004 ,1,"340,000"
건전지 ,-288,"1,400"
건전지AA ,505,"1,400"
건전지AAA ,780,"1,200"
건전지AAA벌크 ,172,900
건전지AA벌크 ,185,900
건전지FC-9V사각형 ,58,"1,500"
건전지LR03 ,-4,"2,000"
건전지LR44알약 ,40,500
건전지R14*1.5V(두개입) ,-36,"2,000"
건전지R14-CM ,12,"1,500"
건전지R20*1.5V(두개입)D타입 ,157,"2,500"
건전지R20*1.5V(두개입)블루텍 ,10,"4,500"
건전지랜턴용4R25 ,1,"6,000"
건전지리튬도시바cr-p2 ,19,"10,000"
건전지수은2016레벨기 ,20,"2,000"
건전지수은2025 ,29,"1,000"
건전지수은2032*CR 백셀 ,37,"1,000"
건전지수은2450용접면용 ,36,"1,500"
건전지수은에버라이트3개 ,25,"4,000"
건전지슈퍼셀1.5VLR44*알약형 ,17,"1,000"
걸고리12특대영진 ,39,"2,500"
걸고리14왕대대승 ,14,"4,000"
걸고리5소 영진 ,182,600
걸고리6중 영진 ,96,"1,000"
걸고리7대 영진 ,104,"1,500"
걸고리9상대 영진 ,53,"2,000"
걸고리L자형 ,162,500
걸고리ㄷ자형 ,5,800
걸고리만*대 ,154,500
걸고리만*중 ,279,400
걸고리스텐대 ,8,"4,000"
걸고리행가도어용*스텐 ,8,"20,000"
걸래극세사걸래리필40cm파랑 ,16,"3,500"
걸래극세사걸래리필백색 ,9,"8,000"
걸래극세사대셋트*백색 ,8,"18,000"
걸래극세사셋트410*파랑 ,6,"12,000"
걸래기름코머스캡오*말18L ,2,"90,000"
걸래꽃방걸래만밍크 ,17,"5,000"
걸래꽃방걸래셋트 ,18,"8,000"
걸래리스킹걸래2.0자무지 ,16,"4,000"
걸래리스킹걸래3.0자무지 ,13,"6,000"
걸래리스킹기름2.0자셋트 ,18,"12,000"
걸래리스킹기름3.0자셋트 ,14,"13,000"
걸래리스킹기름걸래만2자 ,10,"5,000"
걸래리스킹기름걸래만3자 ,76,"7,000"
걸래리스킹기름말코머스 ,1,"80,000"
걸래리스킹무지셋트2.0자무지 ,48,"11,000"
걸래리스킹무지셋트3.0자무지 ,66,"13,000"
걸래리스킹무지셋트3.5자무지 ,9,"14,000"
걸래리스킹자루 ,60,"6,000"
걸래방울이셋트1.5 ,10,"17,000"
걸래방울이셋트2자 ,9,"18,000"
걸래자루 ,-64,"2,000"
걸래집게형매직와이퍼 ,7,"13,000"
걸래통돌이걸래짤순이포함 ,2,"40,000"
걸래통돌이리필용 ,4,"5,000"
걸래회전탈수기셋트 ,3,"43,000"
게비온청암석1000*1000*300 ,10,"190,000"
게비온청암석1000*1000*400 ,10,"200,000"
게비온청암석1000*400*400벤취 ,8,"130,000"
게비온청암석1000*500*300 ,3,"115,000"
게비온청암석1000*500*400 ,8,"125,000"
게비온청암석1000*600*400 ,3,"135,000"
게시판융액자1200*900 ,3,
게이트볼밸브청동10K*15*10K ,2,"26,000"
게이트볼밸브청동10K*20*10K ,2,"36,000"
게이트볼밸브청동10K*25*10K ,2,"45,000"
게이트볼밸브청동5K*15*5k ,10,"24,000"
게이트볼밸브청동5K*20*5k22165 ,5,"36,000"
게이트볼밸브청동5K*25*5K ,5,"46,000"
게이트볼밸브청동5K*32*5K ,3,"64,000"
게이트볼밸브청동5K*40*5K ,3,"95,000"
게이트볼밸브청동5K*50*5K ,2,"126,000"
게자리125대 ,9,"8,000"
게자리75 ,,
겨울용패팅조끼형광색상호 ,,"27,000"
견사기(KDY)10*12 ,4,"13,000"
견사기(KDY)10*13 ,4,"13,000"
견사기(KDY)11*13 ,11,"13,000"
견사기(KDY)12*14 ,4,"13,000"
견사기(KDY)14*17 ,11,"15,000"
견사기(KDY)17*19 ,9,"15,000"
견사기(KDY)17*21 ,2,"16,000"
견사기(KDY)17*22 ,,"16,000"
견사기(KDY)19*21 ,9,"16,000"
견사기(KDY)19*22 ,2,"17,000"
견사기(KDY)19*24 ,,"18,000"
견사기(KDY)22*24 ,,"19,000"
견사기(KDY)24*27 ,2,"20,000"
견사기(KDY)30*32 ,3,"35,000"
견사기(KOY)38*41 ,2,"66,000"
견사기10*12슈퍼 ,5,"22,000"
견사기10*13슈퍼 ,4,"24,000"
견사기11*13슈퍼 ,4,"22,000"
견사기12*14슈퍼 ,4,"22,000"
견사기14*17슈퍼 ,17,"22,000"
견사기17*19슈퍼 ,16,"23,000"
견사기19*21슈퍼 ,7,"33,000"
견사기19*22슈퍼 ,5,"38,000"
견사기19*24슈퍼 ,6,"38,000"
견사기21*24슈퍼 ,4,"39,000"
견사기22*24슈퍼 ,5,"39,000"
견사기22*27슈퍼 ,5,"45,000"
견사기23*26슈퍼 ,6,"45,000"
견사기24*27슈퍼 ,6,"45,000"
견사기24*30슈퍼 ,5,"46,000"
견사기26*32슈퍼 ,1,"47,000"
견사기27*30슈퍼 ,4,"45,000"
견사기27*32슈퍼 ,4,"48,000"
견사기30*32슈퍼 ,4,"54,000"
견사기32*36슈퍼 ,6,"60,000"
견사기36*41슈퍼 ,4,"87,000"
견사기38*41슈퍼 ,3,"115,000"
견사기41*46슈퍼 ,2,"127,000"
견사기46*50슈퍼 ,1,"130,000"
견사기롱14*17L슈퍼롱 ,3,"34,000"
견사기롱17*19L슈퍼롱 ,2,"41,000"
견사기롱27*32L슈퍼롱 ,,"83,000"
견사기롱32*36L슈퍼롱 ,,"99,000"
견사기목꺽임14*17 ,3,"16,000"
견사기아시바14*17 ,3,"22,000"
견사기아시바17*19 ,3,"23,000"
결속선 ,-43,"5,000"
결속선대350*9KG 수 ,45,"16,000"
결속선대350*9kg국산 ,,"21,000"
결속선대450*9KG 수 ,9,"16,000"
결속선대450*9Kg국산 ,,"20,000"
결속선대550 ,,"18,000"
결속선대600 ,14,"18,000"
결속선대600국산 ,,"20,000"
결속핸들b급철 ,35,"2,000"
결속핸들알미늄30세종 ,53,"12,000"
결속핸들알미늄게단*노랑카바 ,23,"15,000"
결속핸들자동조리개 ,4,"30,000"
결속핸들자주색손잡이 ,-2,"8,000"
결속핸들철근 ,17,"11,000"
결속핸들협진노랑손잡이 ,24,"5,000"
경게석 집게 학카 ,3,"91,000"
경게석150*150*150*42개 ,61,"10,000"
경게석150*170*200h보차도A*25개 ,50,"14,000"
경게석180*205*250h보차도B*16개 ,42,"15,000"
경게석180*210*300h보차도C*12개 ,,"18,000"
경게석고리삼각형 ,2,"5,000"
경게석고리손잡이철 ,29,"5,000"
경게석화강100*100*1000 ,118,"16,500"
경게석화강150*100*1000 ,94,"20,000"
경게석화강150*150*1000*42개 ,212,"23,000"
경게석화강200*180*1000*25개 ,42,"32,000"
경게석화강200*250*1000*20개 ,48,"39,000"
경게석화강경사도150*100*1000경 ,7,"24,000"
경게석화강경사도200*250*1000경 ,1,"45,000"
경게석화강곡선150*150곡선1R ,,"25,000"
경게석화강곡선150*150곡선3R ,,"25,000"
경게석화강낮춤석150*100*1000 ,70,"20,000"
경게석화강낮춤석200*100*1000 ,22,"25,000"
경게외등75W ,-14,"15,000"
경동보일러스텐내장형13KC 겸용 ,1,"630,000"
경동보일러스텐내장형17KC 겸용 ,1,"710,000"
경동보일러스텐내장형20KC 겸용 ,1,"720,000"
경편크리너30*40 ,80,"1,200"
계단미송12*38*300 ,3,"88,000"
계단미송12*38*600 ,3,"145,000"
계단미송대동자100 ,19,"49,000"
계단미송소동자40 ,68,"5,500"
계단사다리4M ,,"1,320,000"
계단손스침핸드레일12자 ,5,"63,000"
계란판흡음재1M*2M*25 ,-12,"13,500"
계량기벽면뚜껑스텐 ,9,"14,000"
계량기스치로폼 ,1,"10,000"
계량기인상링15mm*10전 ,7,"12,000"
계량기인상링15mm20전 ,,"15,000"
"계량기인상링20,25,32mm10전 ",5,"19,000"
계산서발행 ,-39,
계산착오 ,1,
계수대 ,-1,"61,000"
계양고속절단기NHC-14D ,2,"210,000"
계양그라인다100B은색철카바 ,1,"75,000"
계양그라인다100SN-2검정색 ,,"74,000"
계양그라인다100SN빨강색 ,3,"72,000"
"계양그라인다7""-180FB ",1,"220,000"
"계양그라인다7""DG-180FB 180mm ",,
"계양그라인다9""*230 ",,"288,000"
계양그라인다DG850V속도조절용 ,,"120,000"
계양그라인다만조셋트 ,-3,"8,000"
계양그라인다카바KDH125 ,-3,"9,000"
계양금속고속절단기 ,,"400,000"
계양대패PP-3A전기대패 ,,"235,000"
계양드릴6KB ,2,"78,000"
계양드릴DMV10K ,2,"99,000"
계양드릴DMV13K ,,"110,000"
계양믹서드릴D-13 ,1,"278,000"
계양믹서드릴D-16 ,1,"320,000"
계양믹서드릴D-23 ,1,"363,000"
계양믹서드릴PD-13 ,,"195,000"
계양부품절단기안전카바 ,5,"23,000"
계양샌딩기FS-3C ,1,"71,000"
계양송풍기BR-20 ,1,"101,000"
계양원형톱7-C카바 ,4,"6,000"
계양원형톱7CA ,2,"150,000"
계양원형톱9 ,,"320,000"
계양임팩렌지전기IW20 ,1,"260,000"
계양전기톱체인톱350*26날 ,,"184,000"
계양전기톱체인톱400*28.5날 ,1,"242,000"
계양충전그라인다*툴*DG18BL ,,"167,000"
"계양충전그라인다18v5.0,DG18BL ",,"360,000"
계양충전드릴18vBL(5.0Ah) ,,"360,000"
계양충전임팩ID16BL-150I(2.5Ah) ,1,"240,000"
계양충전함마ID-18BLA5.0ah검정 ,,"360,000"
계양함마드릴263치즐 ,,"230,000"
계양함마드릴PHD283B로타리 ,1,"250,000"
계양함마드릴PHD3800 ,1,"490,000"
계양함마파괴PHD-40파괴겸용 ,1,"520,000"
고구마파종기 ,46,"2,000"
고기망대 ,282,"3,000"
고기망중 ,277,"1,500"
고대(랭가고대) 대 ,-3,"7,000"
고대(무궁화) ,26,"3,300"
고대(삽고대)타일용 ,14,"7,000"
고대(타일톱고대) ,2,"5,500"
고대랭가마춤 ,24,"7,000"
고대압착사각고대빨강색 ,12,"7,000"
고리 ,-16,400
고무깔판60*90 ,5,"11,000"
고무너트16MM ,10,200
고무다라 ,-51,"6,000"
고무링 ,-19,
고무망치*검정대 ,24,"6,000"
고무망치*검정중 ,20,"4,000"
고무망치*검정특대65mm ,8,"9,000"
고무망치*백색검정*왕특대 ,1,"16,000"
고무망치*백색대 ,10,"8,000"
고무망치*백색보강토 ,3,"54,000"
고무망치*백색특대 ,5,"12,000"
고무망치*아이보리보강토 ,1,"40,000"
고무망치우레탄에리펀트 대 ,19,"19,000"
고무망치우레탄엘리펀트 중 ,20,"17,000"
고무망치우레탄엘리펀트 특대 ,19,"24,000"
고무바0.5톤포터바 ,,"9,000"
고무바1톤바포터바 ,9,"13,000"
고무바쥬브바2.5 ,465,"2,000"
고무바찰바*소(호로바) ,12,"10,000"
고무바찰바*원형 ,1,"10,000"
고무바찰바넓적*대(호로바) ,4,"11,000"
고무바킹 ,68,220
고무발포시트6T접착M2 ,,"7,500"
고무발포시트9T140*30M접착 ,,"9,800"
고무발포시트테이프50M/M ,,"8,000"
고무발포시트테이프75M/M ,,"11,000"
고무원형캡40 ,-30,900
고무원형캡65 ,-10,"1,600"
고무테이프*태영 ,66,"2,000"
고무통*1호330뚜꼉포함특호 ,7,"70,000"
고무통*2호200L뚜껑포함 ,4,"52,000"
고무통*5호120L뚜껑포함 ,6,"45,000"
고무통*8호90L105호뚜껑포함 ,10,"35,000"
고무통*9호50L103뚜껑포함 ,7,"33,000"
고무통*상통중180 ,5,"33,000"
고무통*상통특240 ,3,"45,000"
고무통*타원형500 ,,"63,000"
고무통*타원형대180 ,5,"46,000"
고무통*타원형중120 ,5,"42,000"
고무통500*검정빨강고래통 ,2,"89,000"
고무통600*검정빨강고래통 ,6,"94,000"
고무통뚜껑 2호200L뚜껑 ,-1,"9,000"
고무통뚜껑 5호120L ,-2,"6,000"
고무통뚜껑 8호90L ,9,"5,000"
고무통뚜껑 9호50L ,7,"3,000"
고무통뚜껑500검정 ,3,"27,000"
고무통뚜껑650 ,7,"29,000"
고무통사각대라운드 ,8,"16,000"
고무통사각중 ,7,"13,000"
고무판 ,-2,"144,000"
고무판2.4T*91*15M ,1,"110,000"
고무판3.2T*91*15M ,2,"124,000"
고무판4.8T*910*10M ,2,"137,000"
고무판6.4T*910*10M ,1,"155,000"
고무판9.6T*91*10M ,2,"240,000"
고무판M당2.4T*91*1M당 ,15,"11,000"
고무판M당3.2T*91*1M당 ,-3,"16,000"
고무판M당4.8T*91*1M당 ,4,"20,000"
고무판M당6.4T*91*1M당 ,3,"25,000"
고무판M당9.6T*90*1M당 ,2,"37,000"
고무판우사17T1220*1830*엠보싱 ,2,"110,000"
고무헤라130 ,134,"2,000"
고무헤라우레탄130 ,34,"3,000"
고무헤라우레탄대200 ,25,"4,000"
고무헤라특대300 ,-2,"4,000"
고물개*알미늄38CM금강 ,11,"15,000"
고물개*알미늄50CM금강 ,5,"18,000"
고물개대회색*솔표 ,23,"14,000"
고물개적색나무자루*명보 ,12,"6,000"
고속절단기안전카바계양 ,,"40,000"
고식걸고리대 ,246,300
고압동력80A혼다GX200 ,,"1,375,000"
고압분무기세라믹권총*동명 ,4,"48,000"
고압분무기전기3마력80A*13미리 ,1,"836,000"
고양이망 ,1,"41,000"
고용보험 ,-3,"42,550"
고용일수 ,-183,"90,000"
고정대P*수도배관용 ,30,"1,500"
고지가위스프링 ,17,"2,000"
고지가위아로스180-1.2M ,2,"86,000"
고지가위아로스180-1.8M ,1,"95,000"
고지가위톱날교체용160ZD아로스 ,3,"27,000"
고지가위톱날교체용1800P가마끼 ,3,"21,000"
고지가위톱날교체용가마끼210 ,1,"18,000"
고지가위톱아로스160ZD*3.0*3단 ,4,"89,000"
고지가위톱화신S-300 ,1,"55,000"
고지가위톱화신S-330 ,1,"77,000"
고지가위톱화신로프3.6mS-400 ,2,"68,000"
고지가위헤드 ,1,"45,000"
고지톱PS*1.2가마끼 ,2,"66,000"
고지톱PS*2.0가마끼 ,2,"83,000"
고지톱PS*3.0가마끼 ,1,"95,000"
고지톱날CUAH백마태흥 ,1,"22,000"
고지톱날교체용PS300k가마끼 ,9,"33,000"
고추꼬인백색 ,38,"7,000"
고추꼬인청색*12개 ,88,"7,000"
고추꼬인흑색 ,36,"7,000"
고추끈 ,84,"7,000"
고추끈꼬인것 ,211,"7,000"
고추끈꼬인흑색유인끈 ,5,"14,000"
고추끈백색 ,6,"7,000"
고추대뽑기알미늄자루 ,10,"12,000"
고추말뚝120 ,993,600
고추말뚝150 ,663,700
고추말뚝180 ,740,900
고추말뚝박기항타기(소) ,,
고추말뚝박기항타기(중)60cm ,3,"21,000"
고추말뚝원형22T*150*20개 ,119,"2,400"
고추말뚝원형22T*180*20개 ,70,"3,000"
고추말뚝원형22T*200*20개 ,60,"3,500"
고추말뚝하우스파이프160 ,"1,355","3,000"
고추말뚝하우스파이프200 ,200,"3,000"
고추멍석12자*8자봉재 ,,"10,000"
고추멍석6M*20M*벼망 ,3,"48,000"
고추멍석6M*30M벼망 ,5,"87,000"
고추멍석망2.4m*25m갈색 ,,"67,000"
고추멍석망녹색2.4m*25m ,1,"64,000"
고추부직포백색2.2*8미터 ,1,"6,000"
곡괭이날*넓적 ,42,"10,000"
곡괭이날*넓적*빨간자루포함 ,4,"21,000"
곡괭이날*반평화전 ,12,"10,000"
곡괭이날*조경스프링국산 ,2,"22,000"
곡괭이날조경용-중국 ,2,"19,000"
곡괭이미니*손잡이칼라 ,6,"17,000"
곡괭이자루A급(노랑) ,,"11,000"
곡괭이자루빨강 ,49,"11,000"
곡괭이자루우레탄무진동 ,7,"8,000"
곡괭이조경용 ,2,"22,000"
곡괭이조경우레탄자루 ,2,"20,000"
골함석 ,53,"13,000"
곰팡이제로 ,11,"6,000"
공과금 ,-12,"150,000"
공구 셋트 ,1,"50,000"
공구가방500*290*260(KPB-20) ,2,"55,000"
공구가방툴백소91261 ,1,"26,000"
공구박스 ,12,"46,000"
공구박스12칸 ,5,"21,000"
공구셋트11피스*퍄워하우스 ,-1,"22,000"
공구수리비 ,93,"10,000"
공구임대료 ,,"40,000"
공구집2구스마토1001 ,5,"10,000"
공구집2구스마토1002 ,3,"10,000"
공구함디월트2.0*3단 ,-2,"350,000"
공구함멀티박스SUB-18피스함 ,1,"27,000"
공구함봉고철재1620*500*500 ,,"420,000"
공구함양문형J-103특1호 ,3,"20,000"
공구함양문형J-204특2호 ,4,"18,000"
공구함양문형소J-204 ,,"20,000"
공구함양문형중J-103빨강 ,2,"21,000"
공구함일반형소J402특4호 ,,"19,000"
공구함일반형중J502특5호 ,3,"23,000"
공구함일반형특1호601 ,3,"27,000"
공기창 천정 대200*200 ,-153,"2,000"
공기창 천정 중 ,321,"1,000"
공기창150*150스텐 ,12,"7,000"
공사안내간판대 ,,"180,000"
공사안내간판소 ,,"85,000"
공업용랩보호청랩40mic ,54,"24,000"
공업용랩손풀림개1갑2조 ,28,"3,000"
공업용랩투명15하늘산 ,51,"16,000"
공업용랩투명18하늘산 ,68,"18,000"
공업용랩투명20명성20 ,28,"22,000"
"공업용선풍기16""회전탁상용위브 ",,"76,000"
"공업용선풍기24""TK알미늄날개 ",,"180,000"
"공업용선풍기24""금강 ",7,"155,000"
"공업용선풍기24""홈빛 ",3,"158,000"
"공업용선풍기30""TK알미늄날개 ",,"190,000"
"공업용선풍기30""금강 ",10,"170,000"
"공업용선풍기30""홈빛 ",,"180,000"
공업용환풍기고압25*BP흡배출용 ,2,"42,000"
곶감걸이 ,,500
과속방지턱1000*1000*75T ,,"115,000"
과속방지턱1000*1000*75T*2장 ,,"115,000"
과수지주대높이조절용*3.4M ,2,"18,000"
광명단1L ,5,"22,000"
광전식감지기 ,-40,"20,800"
괭이*뿌리호미*네기 ,1,"16,000"
괭이*삼각톱니*각선호미 ,3,"18,000"
괭이*솔표 ,,"14,000"
괭이*올스텐 ,17,"12,000"
괭이개량나무자루 ,7,"7,000"
괭이개량스텐자루*은학표 ,5,"8,000"
괭이개량철자루*은학표 ,1,"7,000"
괭이담배괭이(괭이좁은거) ,15,"6,000"
괭이자루 ,683,"2,000"
괭이자루참나무황소 ,2,"7,000"
괭이주물넓적화전물푸레자무포함 ,20,"10,000"
괭이호바주물*스텐자루 ,14,"12,000"
괭이화전괭이날(중) ,17,"5,000"
교량암거1500*1500*2000*5.5톤 ,,"1,280,000"
교량접속스라브6종셋트 ,,"14,500"
교통규제표시시속30K*600 ,-2,"70,000"
교통규제표시이동식지주2M ,1,"40,000"
구급함 ,2,"36,000"
구급함특대스페셜 ,,"115,000"
구두칼제일 ,17,"3,000"
구루마 ,2,"45,000"
구루마녹색1륜 ,4,"67,000"
구루마녹색1륜*통바퀴 ,,"87,000"
구루마녹색2륜 ,3,"81,000"
구루마녹색2륜*통바퀴 ,2,"105,000"
"구루마바퀴10""에어 ",,"9,000"
"구루마바퀴10""통발포핸드카 ",-6,"14,000"
"구루마바퀴12""에어*핸드카특용 ",4,"16,000"
"구루마바퀴13""통바퀴국산명보 ",36,"27,000"
구루마바퀴13국산*PP*흥심보 ,1,"24,000"
구루마바퀴13에어*금강 ,11,"13,000"
구루마바퀴나무용A급400-8 ,2,"30,000"
"구루마바퀴산소카통바퀴8""*2.50* ",-1,"17,000"
구루마바퀴핸드카특350-5통바퀴 ,,"18,000"
구루마심보 ,,"7,000"
구루마에프알1륜*노랑 ,3,"95,000"
구루마에프알1륜*노랑통바퀴 ,,"115,000"
구루마에프알2륜*노랑 ,3,"135,000"
구루마에프알2륜*노량통바퀴 ,,"152,000"
구루마에프알하우스일륜 ,2,"99,000"
구루마차대1륜 ,10,"30,000"
구루마차대2륜 ,-1,"40,000"
구루마판녹색 ,8,"26,000"
구루마판볼트너트 ,238,500
구루마판에프알피*노랑 ,19,"46,000"
구루마판에프알피하우스용 ,,"46,000"
구루마판함석 ,11,"28,000"
구루마함석1륜 ,3,"68,000"
구루마함석1륜*통바퀴 ,2,"87,000"
구루마함석2륜 ,4,"94,000"
구루마함석2륜*통바퀴 ,2,"123,000"
구리스*15k골드펄2중장비용 ,-1,"125,000"
구리스*골든펄3KG ,10,"35,000"
구리스400g하이락스카트리지 ,18,"8,000"
구리스500g골드페리어 ,11,"8,000"
구리스건마또 ,7,"54,000"
구리스건챔피언 ,,"45,000"
구리스건프레솔 ,,"48,000"
구리스니불1/4 ,-33,"1,000"
구리스니불1/8 ,37,400
구리스니불3/8 ,30,"1,600"
구리스니불45도1/8 ,94,"1,000"
구리스니불6 ,98,200
구리스니불8 ,29,250
구리스니불엘1/4 ,-139,"1,000"
구리스니불엘1/8 ,60,500
구리스니불엘3/8 ,17,"1,500"
구리스니불엘6 ,90,300
구리스니불엘8 ,100,500
구리스소세지형500g ,,"9,500"
구리스에어말통챔피언888 ,,"295,000"
구리스호수고무30*마또 ,10,"20,000"
구리스호수고무30소*KHK ,7,"7,000"
구리스호수고무35*마또 ,-2,"16,000"
구리스호수고무구찌소B급 ,,"6,000"
구명환 ,1,"56,000"
구조재12*1*4 ,52,"19,000"
구조재12*2*10라메코 ,2,"48,400"
구조재12*2*2라메코6개입 ,452,"11,000"
구조재12*2*4라메코 ,841,"18,500"
구조재12*2*6라메코 ,117,"33,000"
구조재12*2*8라메코 ,3,"33,000"
구조재12*4*4 ,-13,"23,000"
국기게양로프6미리*200미터 ,1,"50,000"
국민연금 ,-2,"180,000"
굴뚝갓100 ,1,"15,000"
굴뚝갓125 ,2,"15,000"
굴뚝갓150 ,4,"16,000"
굴뚝갓175 ,1,"17,000"
굴뚝갓200 ,1,"18,000"
굴뚝갓250 ,7,"20,000"
굴뚝갓300 ,5,"25,000"
굴뚝스텐보호망150 ,,"23,000"
굴뚝스텐소켓100 ,1,"15,000"
굴뚝스텐소켓125 ,1,"15,000"
굴뚝스텐소켓125*150 ,,"30,000"
굴뚝스텐소켓150 ,3,"15,000"
굴뚝스텐소켓175 ,3,"30,000"
굴뚝스텐소켓175*125 ,,"45,000"
굴뚝스텐소켓200 ,3,"33,000"
굴뚝스텐소켓350 ,,"54,000"
굴뚝스텐엘100 ,,"62,000"
굴뚝스텐엘125 ,2,"52,000"
굴뚝스텐엘150 ,1,"50,000"
굴뚝스텐엘175 ,4,"7,500"
굴뚝스텐엘200 ,8,"84,000"
굴뚝스텐자바라100*4M ,1,"30,000"
굴뚝스텐자바라125*4M ,3,"44,000"
굴뚝스텐자바라150*4M ,-9,"68,000"
굴뚝스텐자바라200*4M ,,"76,000"
굴뚝스텐자바라200*6M ,,"110,000"
굴뚝스텐자바라250*3M ,,"80,000"
굴뚝스텐직관100*4m ,,"122,000"
굴뚝스텐직관125*4m ,4,"122,000"
굴뚝스텐직관150*4m ,2,"132,000"
굴뚝스텐직관175*4m ,2,"160,000"
굴뚝스텐직관200*4m ,3,"255,000"
굴뚝스텐직관250*4m ,,"298,000"
굴뚝스텐직관350*4m ,,"396,000"
굴뚝스텐캡150 ,3,"25,000"
굴뚝스텐캡200 ,,"68,000"
굴뚝스텐티100 ,1,"39,000"
굴뚝스텐티125 ,3,"39,000"
굴뚝스텐티150 ,3,"33,000"
굴뚝스텐티175 ,2,"54,000"
굴뚝스텐티200 ,3,"62,000"
굽도리 ,,
귀뚜라미기름탱크노줄2M ,2,"7,000"
귀뚜라미도시가스LNG16000 ,,"495,000"
귀뚜라미도시가스연통75 ,3,"18,000"
귀뚜라미룸스위치 ,,"40,000"
귀뚜보일러내장형C17스텐겸용 ,1,"730,000"
귀뚜보일러내장형C21스텐겸용 ,1,"810,000"
귀뚜보일러내장형D13 스텐 ,1,"715,000"
귀뚜보일러외장17스텐 ,1,"680,000"
귀뚜보일러외장21스텐 ,1,"700,000"
귀마개3M*200개 ,348,500
귀마개3M끈1110 ,99,800
귀마개방한 ,162,"5,000"
그늘막95% 3*4*2면봉제*95 ,15,"20,000"
그늘막95% 4*6*2면봉제*95 ,9,"33,000"
그늘막95% 6*10*2면봉제*95 ,6,"56,000"
그늘막95% 6*8*2면봉제*95 ,7,"47,000"
그늘막98% 4*3*사면봉제4중직*98 ,5,"42,000"
그늘막98% 4*5*사면봉제4중직*98 ,4,"65,000"
그늘막98% 4*6*사면봉제4중직*98 ,4,"72,000"
그늘막98% 5*6*사면봉제4중직*98 ,2,"99,000"
그늘막98% 6*8*사면봉제4중직*98 ,1,"116,000"
그라스포0.8*1M*5M용접석면포 ,6,"30,000"
그라스포1.6*1M*23M용접석면포 ,,"130,000"
그라스포1.6*1M*5M용접석면포 ,4,"36,000"
그라인다3M 4CG-1 ,14,"68,000"
"그라인다만조4""게양안쪽 ",71,"3,000"
"그라인다만조4""디월트 ",,"3,000"
그라인다만조4게양 ,-3,"3,000"
"그라인다만조7""계양 ",11,"5,000"
"그라인다만조7""마끼다 ",3,"5,000"
그라인다만조보쉬4 ,19,"5,000"
그라인다수리 ,-33,"10,000"
"그라인다스페나6"" ",,"10,000"
그라인다임대 ,,"50,000"
그라인다집진커버KDH125 ,5,"26,000"
"그라인다카바4"" ",3,"6,000"
"그라인다카바5""세경 ",10,"6,000"
"그라인다카바7"" ",3,"13,000"
"그라인다카바9"" ",,"21,500"
그라인다핸들7인지 ,,"10,000"
그라인다핸들프리*편한손 ,32,"5,000"
그레이팅1000*1000*50T ,7,"128,000"
그레이팅1000*1000*75T ,5,"190,000"
그레이팅1100*1100*50T ,4,"135,000"
그레이팅1100*1100*75T ,2,"300,000"
그레이팅1200*1200*50T ,1,"180,000"
그레이팅1200*1200*75T ,3,"250,000"
그레이팅1300*1300*50T ,5,"200,000"
그레이팅1300*1300*75T ,1,"330,000"
그레이팅150*1000*3.2 ,,"20,000"
그레이팅200*1000*2.5 PE배수용 ,129,"16,500"
그레이팅200*1000*4.4 ,,
그레이팅250*1000*4.4 ,6,"30,000"
그레이팅250*1000*5.0 ,4,"35,000"
그레이팅300*1000*2.5 PE배수용 ,65,"22,000"
그레이팅300*1000*3.2 PE배수용 ,17,"30,000"
그레이팅300*1000*5.0*측구*국산 ,40,"51,000"
그레이팅300*1000*5.0*측구*수입 ,26,"33,000"
그레이팅300*400*2.4*집수정용 ,8,"13,000"
그레이팅400*1000*3.2 ,9,"33,000"
그레이팅400*1000*4.4 ,12,"42,000"
그레이팅400*1000*5.0*측구*국산 ,88,"49,000"
그레이팅400*1000*5.0T*수입 ,22,"40,000"
그레이팅400*1000*50T중하중(7*4 ,,"91,000"
그레이팅400*500*4.4집수정용 ,17,"18,000"
그레이팅400*500*5.0국산 ,-2,"33,000"
그레이팅400*500*5T수입 ,9,"20,000"
그레이팅500*1000*4.4 ,,"47,000"
그레이팅500*1000*5.0 ,20,"60,000"
그레이팅500*1000*7.5 ,,"108,000"
그레이팅500*500*5.0국산 ,4,"32,000"
그레이팅500*500*5.0수입 ,4,"21,000"
그레이팅500*500*7.5 ,8,"52,000"
그레이팅500*600*50T국산콘맨홀 ,3,"45,000"
그레이팅600*1000*44국산 ,,"50,000"
그레이팅600*600*50T중하중 ,,"105,000"
그레이팅600*600*50T중하중수입 ,2,"79,000"
그레이팅600*600*50국산 ,,"46,000"
그레이팅600*600*50수입 ,2,"35,000"
그레이팅700*700*50T국산 ,2,"84,000"
그레이팅700*700*50T수입 ,6,"58,000"
그레이팅700*700*50T중하중 ,,"126,000"
그레이팅700*700*50T중하중수입 ,2,"84,000"
그레이팅700*700*75T국산 ,7,"142,500"
그레이팅700*700*75T중하중수입 ,1,"148,000"
그레이팅800*800*50T국산 ,,"72,000"
그레이팅800*800*50수입 ,4,"67,000"
그레이팅800*800*75T국산 ,10,"129,000"
그레이팅900*900*50T중하중 ,,"160,000"
그레이팅900*900*50국산 ,14,"121,000"
그레이팅900*900*75T국산차량용 ,2,"231,000"
그레이팅900*900*75T중하중 ,,"220,000"
그레이팅900*900*75국산 ,7,"145,000"
그레이팅U형200*1000*25국산 ,12,"20,000"
그레이팅U형200*1000*25콘배수로 ,26,"22,000"
그레이팅U형200*1000*32국산 ,19,"26,000"
그레이팅U형200*1000*32수입 ,22,"22,000"
그레이팅U형300*1000*25콘배 ,42,"27,000"
그레이팅U형300*1000*32국산 ,16,"33,000"
그레이팅U형300*1000*44 ,,"52,000"
그레이팅U형300*1000*50국산 ,7,"57,000"
그레이팅U형400*1000*3.2T ,,"42,000"
그레이팅U형400*1000*3.2T수입 ,,"26,400"
그레이팅U형400*1000*4.4T ,,"46,000"
그레이팅U형400*1000*5.0T ,10,"75,000"
그레이팅U형500*1000*5.0T ,,"75,000"
그레이팅U형600*600*50사면날개 ,6,"85,000"
그레이팅U형600*600*75 ,,"155,000"
그레이팅U형700*700*75사면날개 ,,"155,000"
그레이팅U형800*800*32 ,,"72,000"
그레이팅U형800*800*75사면날개 ,,"205,000"
그레이팅집수정300*400*24 ,19,"12,000"
그레이팅집수정400*500*32 ,25,"20,000"
그레이팅집수정용스틸320*290 ,5,"12,000"
그레이팅집수정용청색320*290 ,4,"8,500"
그레이팅차도용1조4*5*5T*7톤 ,2,"74,000"
그레이팅차도용1조5*6*5T*7톤 ,3,"100,000"
그레이팅칼라400*1000 ,,"125,000"
그레이팅칼라주물700* ,,"125,000"
그레이팅칼라주물800* ,,"93,000"
그레이팅칼라후렘400* ,-7,"36,000"
그레이팅후렘1000*1000*50T ,10,"55,000"
그레이팅후렘1000*1000*75T ,3,"66,000"
그레이팅후렘1100*1100*50T ,-1,"60,000"
그레이팅후렘1100*1100*75T ,1,"74,000"
그레이팅후렘1200*1200*50T ,,"60,000"
그레이팅후렘1200*1200*75T ,1,"66,000"
그레이팅후렘1300*1300*50T ,3,"66,000"
그레이팅후렘1300*1300*75T ,1,"79,000"
그레이팅후렘150*1000*32 ,6,"18,000"
그레이팅후렘200*1000*3.2 ,38,"18,000"
그레이팅후렘200*1000*4.4 ,4,"22,000"
그레이팅후렘300*1000*3.2 ,,"21,000"
그레이팅후렘300*1000*4.4 ,10,"26,000"
그레이팅후렘300*1000*50 ,5,"33,000"
그레이팅후렘400*1000*44 ,14,"30,000"
그레이팅후렘400*1000*50 ,10,"33,000"
그레이팅후렘400*500*44 ,,"15,000"
그레이팅후렘400*500*50국산 ,,"24,000"
그레이팅후렘400*500*50수입 ,9,"20,000"
그레이팅후렘500*1000*44 ,,"33,000"
그레이팅후렘500*1000*50 ,,"36,000"
그레이팅후렘500*500*50T국산 ,,"27,000"
그레이팅후렘500*500*50T수입 ,3,"25,000"
그레이팅후렘500*500*75T ,5,"32,000"
그레이팅후렘500*600*50T국산콘?,3,"30,000"
그레이팅후렘600*600*50T국산 ,4,"30,000"
그레이팅후렘600*600*50T수입 ,,"28,000"
그레이팅후렘700*700*50T국산 ,-3,"45,000"
그레이팅후렘700*700*50수입 ,-1,"38,000"
그레이팅후렘700*700*75T국산 ,2,"48,000"
그레이팅후렘800*800*50T국산 ,12,"45,000"
그레이팅후렘800*800*75T국산 ,1,"54,000"
그레이팅후렘900*900*50국산 ,19,"60,000"
그레이팅후렘900*900*75T중하중 ,,"53,000"
그레이팅후렘900*900*75국산 ,5,"60,000"
근적외선램프 ,3,"50,000"
근적외선벽걸이고정 ,,"110,000"
근적외선벽걸이회전 ,,"135,000"
근적외선스텐드자동 ,,"160,000"
근적외선탁상용 ,,"130,000"
근전외선벽걸이자동 ,2,"130,000"
글루건 핫메트봉 대*오공 ,27,"8,000"
글루건 핫메트봉 소*오공 ,34,"7,000"
글루건100w*엑소 ,,"43,000"
글루건20w화신*소 ,15,"7,000"
글루건40W*엑소 ,7,"9,000"
글루건40W*화신GL-40W ,11,"11,000"
글루건60W*엑소 ,2,"23,000"
글루건G250-A화신 ,1,"10,000"
글루건엑소100W*gr-100 ,1,"43,000"
글루건엑소GR-20 ,9,"9,000"
글루건엑소GR-60 ,1,"23,000"
글루건자야 ,1,"9,000"
글루건핫메트건100W*에소 ,2,"43,000"
글루건핫메트건20w엑소*소 ,9,"9,000"
글루건핫메트건40W에소 ,14,"23,000"
글루건화신(대) ,21,"7,000"
글루건화신(중) ,11,"6,000"
금속광택제 제일 J-880 ,5,"5,000"
금속흡음재 ,-1,"148,000"
급수캡호수 ,29,"3,000"
기고대P ,1,"5,000"
기고대드라이비트용P ,9,"5,000"
기고대목재 ,-2,"8,000"
기고대발포 ,10,"11,000"
기고대청색손잡이사각 ,9,"12,000"
기공비 ,-3,"200,000"
기공인건비 ,-4,"300,000"
기름노즐붓싱귀뚜라미 ,10,"3,000"
기름탱크1드럼 ,3,"145,000"
기름탱크2드럼 ,4,"165,000"
기름탱크3드럼 ,4,"180,000"
기름탱크5드럼 ,2,"280,000"
기름탱크노줄1m귀뚜 ,8,"6,000"
기름탱크노줄2m귀뚜 ,,"7,000"
기름탱크노즐1.5M귀뚜 ,1,"6,000"
기름탱크노즐1M경동 ,12,"6,000"
기름탱크노즐경동1M ,3,"6,000"
기름탱크노즐경동2M ,,"7,000"
기리 ,-28,"18,000"
기리10 ,-3,"7,000"
기리12 ,-3,"7,000"
기리드래보10*160 ,8,"8,000"
기리드래보10*210 ,7,"10,000"
기리드래보10*260 ,6,"12,000"
기리드래보10*310 ,4,"15,000"
기리드래보10*350 ,3,"19,000"
기리드래보10*450 ,,"20,000"
기리드래보11*160 ,11,"9,000"
기리드래보12*160 ,5,"9,000"
기리드래보12*210 ,11,"11,000"
기리드래보12*260 ,10,"13,000"
기리드래보12*310 ,2,"16,000"
기리드래보12*450 ,2,"26,000"
기리드래보13*160 ,7,"10,000"
기리드래보13*210 ,8,"15,000"
기리드래보13*260 ,9,"16,000"
기리드래보13*310 ,8,"20,000"
기리드래보14*160 ,14,"11,000"
기리드래보14*210 ,16,"14,000"
기리드래보14*260 ,6,"16,000"
기리드래보14*310 ,7,"18,000"
기리드래보14*450 ,2,"28,000"
기리드래보14*48*170십자블랭코 ,-1,"15,000"
기리드래보16*260 ,4,"21,000"
기리드래보17*210 ,16,"19,000"
기리드래보17*260 ,7,"28,000"
기리드래보17*310 ,9,"30,000"
기리드래보17*450 ,5,"47,000"
기리드래보18*210 ,5,"25,000"
기리드래보19*210 ,4,"23,000"
기리드래보19*310 ,4,"35,000"
기리드래보19*450 ,2,"45,000"
기리드래보20*200 ,4,"34,000"
기리드래보20*300 ,3,"36,000"
기리드래보20*450 ,2,"48,000"
기리드래보22*1000 ,,"130,000"
기리드래보22*250 ,,"38,000"
기리드래보22*300 ,1,"47,000"
기리드래보22*450 ,,"48,000"
기리드래보22*600 ,1,"58,000"
기리드래보24*250 ,2,"46,000"
기리드래보24*450 ,4,"65,000"
기리드래보25*250 ,,"46,000"
기리드래보25*250십자날 ,,"90,000"
기리드래보25*300 ,2,"65,000"
기리드래보25*450 ,3,"62,000"
기리드래보28*250십자날 ,1,"94,000"
기리드래보28*450십자날 ,1,"110,000"
기리드래보3.5*110 ,15,"8,000"
기리드래보5.0*110 ,7,"7,000"
기리드래보5.0*160 ,14,"6,000"
기리드래보5.0*210 ,6,"9,000"
기리드래보5.5*110 ,4,"6,000"
기리드래보5.5*160 ,15,"6,000"
기리드래보6*160 ,19,"6,000"
기리드래보6*210 ,12,"10,000"
기리드래보6*260 ,7,"11,000"
기리드래보6.5*160 ,9,"7,000"
기리드래보6.5*210 ,11,"11,000"
기리드래보6.5*260 ,8,"12,000"
기리드래보7*160 ,6,"7,000"
기리드래보8*160 ,7,"7,000"
기리드래보8*210 ,3,"10,000"
기리드래보8*260 ,9,"12,000"
기리드래보8*310 ,5,"18,000"
기리드래보9*160 ,3,"7,000"
기리드래보9*210 ,7,"11,000"
기리메이커20*210 ,1,"20,000"
기리메이커22*260 ,3,"25,000"
기리메이커24*260 ,3,"26,000"
기리보쉬10*160 ,2,"6,000"
기리보쉬12*160 ,6,"6,000"
기리보쉬13*210 ,8,"14,000"
기리보쉬24*250 ,,"33,000"
기리보쉬25*260 ,3,"37,000"
기리보쉬25*450 ,2,"49,000"
기리보쉬5*110 ,,"4,500"
기리보쉬5*160 ,10,"6,000"
기리보쉬5*210 ,,"8,000"
기리보쉬6*160 ,25,"5,500"
기리보쉬6*210 ,8,"10,000"
기리보쉬6.5*160 ,10,"6,000"
기리보쉬6.5*210 ,9,"9,000"
기리보쉬7*160 ,1,"4,500"
기리보쉬8*160 ,1,"4,500"
기리스기마르맨 ,10,"6,000"
기리스텝기리*철4-12제스트 ,7,"12,000"
기리스텝기리*철6~25제스트 ,10,"18,000"
기리스텝기리*철6~35제스트Z-SD5 ,12,"23,000"
기리스텝기리*철6~60mm이엑스 ,2,"69,000"
기리스텝기리스텐4-12 제스트 ,16,"18,000"
기리스텝기리스텐6-25중제스트 ,12,"27,000"
기리스텝기리스텐6-35대제스트 ,6,"46,000"
기리스텝기리하브3~13제스트 미니소,5,"18,000"
기리스텝기리하브4~18제스트 소,5,"24,000"
기리스텝기리하브4~22제스트 중,5,"27,000"
기리스텝기리하브5~32제스트 대,5,"41,000"
기리케일14*210 ,10,"12,000"
기리케일17*160 ,9,"14,000"
기리케일17*210 ,8,"15,000"
기리타일유리기리fox99 ,1,"15,000"
기리힐티십자06*170 ,5,"18,000"
기리힐티십자06*220 ,5,"22,000"
기리힐티십자06*270 ,4,"24,000"
기리힐티십자06.5*100 ,9,"15,000"
기리힐티십자10*100 ,6,"19,000"
기리힐티십자10*150 ,5,"22,000"
기리힐티십자10*200 ,3,"23,000"
기리힐티십자12*100 ,-1,"22,000"
기리힐티십자12.5*150 ,2,"32,000"
기리힐티십자12.7*300 ,2,"37,000"
기리힐티십자14*100*14/17 ,2,"36,000"
기리힐티십자14*150*14/22 ,2,"31,000"
기리힐티십자14*200*14*27 ,2,"38,000"
기리힐티십자14*300*14*37 ,4,"56,000"
기리힐티십자17*150*17/22 ,1,"47,000"
기리힐티십자17.4*300 ,3,"67,000"
기리힐티십자20*150*20/22 ,,"51,000"
기리힐티십자22*200*22/27 ,,"63,000"
기리힐티십자22*260 ,,"90,000"
기어뭉치 ,-2,"33,500"
"기어풀러3""세신 ",1,"28,000"
"기어풀러4""세신버팔로 ",2,"36,000"
"기어풀러5""세신버팔로 ",2,"45,000"
"기어풀러6""세신버팔로 ",2,"51,000"
"기어풀러8""세신버팔로 ",1,"95,000"
기어플라이어제암4일제암 ,,"54,000"
기어플라이어제암5일제암 ,,"78,000"
기어플라이어제암6일제암 ,,"90,000"
기어플라이어제암8일제암 ,,"210,000"
기어플라이제암어3일제암 ,,"42,000"
"기억자쇠3""L자 ",77,300
"기억자쇠3""T자 ",229,310
"기억자쇠4""L자 ",90,500
"기억자쇠4""T자 ",228,500
"기억자쇠5""L자 ",200,800
"기억자쇠5""T자 ",120,800
"기억자쇠6""L자 ",130,"1,000"
"기억자쇠6""T자 ",86,"1,000"
"기억자쇠6""스텐 ",,"1,000"
기억자쇠하이사시용60*130 ,643,800
기억자쇠하이사시용60*80 ,507,500
기억자쇠하이사시평철230 ,558,300
기억자스퀘어150 ,32,"4,000"
기억자스퀘어200 ,31,"5,000"
기억자스퀘어250 ,40,"6,000"
기억자스퀘어300 ,34,"7,000"
기와함석750*2500흑색 적색 커피 ,-1,
기장료 ,4,"110,000"
기타류 ,-14,"10,000"
긴닝도르레3 ,7,"21,000"
긴닝도르레4 ,6,"23,000"
긴닝도르레5 ,-1,"28,000"
깍기영창 ,49,"6,500"
깔대기피대 200*35,28,"2,000"
깔대기피소 100*15,28,"1,000"
깔대기피왕대 ,14,"3,000"
깔대기피중 ,20,"1,500"
깔대기피특대 ,31,"2,000"
꺽쇠15 ,484,"1,200"
꺽쇠20 ,476,"1,600"
꺽쇠30 ,199,"2,000"
꺽쇠40 ,263,"2,500"
꼬마전구 ,42,500
꼭지가위 ,10,"3,500"
꽃삽모종삽 대 톱니 ,28,"3,000"
꽃삽모종삽 중 ,1,"2,000"
꽃장화 ,,"17,000"
꽃조루 ,8,"4,000"
꽝청소기*대진 ,,"120,000"
꿩망1.5*30초록색 ,,"22,000"
끈과수유인천끈(대) ,32,"6,500"
끈빨강대(SR) ,87,"5,000"
끈빨강소(SR) ,,
끈초록*땅콩모양 ,153,"1,000"
끈초록원형 ,35,"2,000"
끈초록원형대*소프트끈1kg ,30,"6,000"
끈흑색원형대*소프트끈1kg ,164,"4,600"
끌철마10.13.16. ,42,"11,000"
끌철마19.22.25 ,39,"12,000"
끌철마32.38 ,18,"13,000"
나비와샤*100개 ,390,440
나비와샤고부4.5T ,,"1,100"
나사실 ,-261,300
나선호수100*30M ,1,"330,000"
나선호수125*30m ,,
나선호수150*20M ,,
나선호수25*50M ,2,"61,000"
나선호수32*50M ,4,"85,000"
나선호수38*50M ,5,"114,000"
나선호수50*50M ,4,"138,000"
나선호수65*50M ,1,"260,000"
나선호수75*50M ,,"330,000"
나선호수미터당*100 ,7,"15,000"
나선호수미터당*25 ,14,"2,500"
나선호수미터당*32 ,-28,"3,000"
나선호수미터당*38 ,-12,"3,500"
나선호수미터당*50 ,-105,"4,500"
나선호수미터당*65 ,-5,"7,000"
나선호수미터당*75 ,12,"9,000"
나선호수흑색한미38*50M ,,"120,000"
"나이론브러쉬8"" ",-3,"19,400"
나일론끈*3국방색 ,25,"7,500"
나일론끈*3노랑 ,,"7,500"
나일론끈*3녹색 ,5,"7,500"
나일론끈*3백색 ,32,"7,500"
나일론끈*3주황색 ,23,"7,500"
나일론끈*5국방색 ,16,"12,000"
나일론끈*5주황색 ,10,"12,000"
나일론끈*5초록색 ,10,"12,000"
나일론끈*6국방색 ,,"16,000"
나일론끈*6녹색 ,4,"16,000"
나프탈렌 ,,"2,400"
낙엽망P청색285카바만 ,5,"8,000"
낙엽송12*20*30 ,,"6,000"
낙엽송12*30*30 ,,"9,000"
낙줄미제7*3 ,1,"135,000"
낙줄중국산7*3 ,1,"40,000"
낙하방지안전고리2구 ,,"30,000"
낚시줄형광색 ,14,"11,000"
난로드럼소각용원형*금강 ,7,"96,000"
난로받침대대 ,31,"36,000"
난로열풍히터신일1011R ,,"1,300,000"
난로주물나무난로원형 ,,"300,000"
난로화목난로사각*125굴뚝 ,2,"420,000"
난방온도조절기PD-1D ,-1,"30,000"
난연방음제 ,,"30,000"
난연흡음제 ,,
납 ,19,"7,000"
납인두30W자야 ,15,"7,000"
납인두60W나무자루 ,7,"13,000"
납인두납 ,4,"7,000"
납인두받침대SF-68S ,8,"8,000"
낫 ,-17,"5,000"
낫*꼬마녹색정구지 ,61,"3,000"
낫도로코낫(뉴시즌) ,50,"9,000"
낫명품 ,714,"5,000"
낫수원 ,197,"2,000"
낫스텐면도낫 ,-1,"8,000"
낫스텐자루인화 ,21,"7,000"
낫신광흑낫 ,,"5,000"
낫야채부추낫 ,61,"3,000"
낫왼손잡이(도표) ,23,"7,000"
낫일자꼬마낫시금치 ,34,"3,000"
낫장대V낫 ,5,"12,000"
낫장대낫1.0*스텐자루명보 ,10,"7,000"
낫장대낫1.2*스텐자루명보 ,9,"7,000"
낫장대용미니낫 ,10,"13,000"
낫장대홀치기낫3단 ,,"30,000"
낫장대훌치기낫2단 ,7,"21,000"
낫접낫 ,7,"7,000"
낫조선낫*중 ,47,"5,000"
낫조선낫A ,37,"8,000"
낫철자루 ,-1,"2,000"
낫특단조대장간 ,50,"5,000"
내벽단열재4T*30M ,2,"135,000"
내시경카메라CN*5M ,,"40,000"
내화몰탈25kg ,-5,"33,000"
냄새차단세면싱크NP50도원 ,5,"16,000"
냉동라체3나니와 ,18,"11,000"
냉동라체4 OKT*9*10*11*12 ,2,"11,000"
냉동라체5나니와13*14*17*19 ,1,"16,000"
냉동라체6나니와15*17*19*21 ,,"18,000"
냉온수기 ,-1,"200,000"
너트 ,-102,
너트10 ,"-3,497",50
너트12 ,-649,70
너트14 ,383,100
너트16 ,-87,150
너트16풀림방지*나일론너트 ,,180
너트18 ,180,200
너트20 ,278,220
너트22 ,92,300
너트24 ,64,500
너트25 ,64,500
너트3/4풀림방지나일론너트 ,,400
너트4 ,"2,354",10
너트5 ,"3,739",15
너트6 ,"5,803",30
너트8 ,"3,987",30
너트나비3/8 ,200,150
너트스텐16 ,,300
너트스텐20 ,,600
너트스텐8/3 ,-100,70
너트스텐8/3 ,-260,100
너트스텐캡1/2 ,6,800
너트스텐캡3/8 ,2,500
"너트인지1"" ",161,550
너트인지1(검정비도금) ,50,400
너트인지16/5 ,"6,219",30
너트인지2/1무도금 ,"1,691",70
너트인지2/1백 ,"4,331",80
너트인지4/1백 ,400,30
너트인지4/3백 ,573,300
너트인지4/3흑 ,581,300
너트인지8/3 ,"1,144",80
너트인지8/5 ,"1,430",130
너트인지8/5백 ,"1,083",150
너트인지8/7 ,85,400
너트후렌지너트2/1 ,418,120
너트후렌지너트3/8 ,410,100
너트후렌지너트5/16(백) ,577,50
너트후렌지너트7/16 ,300,100
넉가래 ,273,"5,000"
넉가래날 ,-5,"3,500"
넉가래바퀴달린것 ,3,"24,000"
넉가래알미늄보라색 ,26,"10,000"
넉가래자루 ,212,"2,000"
넉가래자루*니스 ,28,"3,000"
넉가래특대 ,13,"14,000"
넝마집게대 50cm ,20,"2,000"
넝마집게특대70 ,58,"3,000"
넝마집게특왕대90 ,20,"4,000"
넝마집게환경집게 ,78,"4,000"
네기*보강나무자루 ,9,"7,000"
"네기*보강스텐자루(주황,국방색) ",31,"8,000"
네기*보강철자루 ,9,"7,000"
네기*스텐알미늄자루 ,9,"12,000"
네기솔표나무자루U ,20,"15,000"
네기알미늄대*50cm(금강) ,15,"19,000"
네기알미늄중*38cm(금강) ,8,"16,000"
네기자루 ,10,"2,000"
네기초록*알미늄자루 ,4,"8,000"
넥산2T투명2T*4자*투명1M ,25,"30,000"
넥산2T투명2T*5자*투명1M ,14,"35,000"
넥산3T녹색*4자*1M ,14,"42,000"
넥산3T녹색*5자*1M ,7,"50,000"
넥산복층판10T*1000*2000 ,5,"66,000"
넥산복층판쪼인트45*1M당 ,9,"3,500"
노기스*캘리퍼스150 ,3,"20,000"
노기스디지털150 ,2,"49,000"
노루망4자*100미터 ,,"35,000"
노루망4자*50미터 ,11,"18,000"
노루망5자*100미터연호 ,4,"48,000"
노루망5자*100미터천광 ,3,"38,000"
노루망5자*50미터 ,13,"29,000"
노미*대 ,6,"8,000"
노미*소 ,26,"6,000"
노미*중 ,11,"7,000"
노미SDS*250 ,4,"9,000"
노미SDS*350 ,19,"11,000"
노미SDS*450대 ,,"12,000"
노미오공KH55-21*350 ,1,"22,000"
노미육공65-30*410 ,,
노미육공PH-65*30-410BNK ,2,"25,000"
노미주물치즐W-50 ,2,"18,000"
노미주물치즐W-75 ,1,"20,000"
노스철기리14.5M ,1,"9,000"
노스철기리14.M ,,"15,000"
노스철기리15.5M ,2,"14,000"
노스철기리15M ,2,"14,000"
노스철기리16.5M ,2,"12,000"
노스철기리16M ,1,"12,000"
노스철기리17*태화 ,2,"19,000"
노스철기리17.5M ,3,"12,000"
노스철기리18.5M ,2,"10,000"
노스철기리18M ,1,"10,000"
노스철기리19.5M ,2,"11,000"
노스철기리19M ,3,"11,000"
노스철기리20M ,1,"12,000"
노스철기리21M ,2,"12,000"
노스철기리22M ,5,"13,000"
노스철기리23M ,2,"17,000"
노스철기리24M ,3,"18,000"
노스철기리24태화 ,2,"36,000"
노스철기리25M ,,"17,000"
노스철기리25태화 ,2,"40,000"
녹제거3M*w-100 ,-7,"8,000"
녹제거WD-40구형 ,15,"7,000"
녹제거WD-40신형 ,215,"8,000"
녹제거제500g ,4,"14,000"
녹화*우죽끈*조경나무끈 ,1,"38,000"
녹화끈6*8롤 ,10,"9,500"
녹화끈8*8롤 ,19,"9,500"
녹화끈박스6*박스 ,3,"75,000"
녹화끈박스8*박스 ,5,"75,000"
녹화로프12*새끼줄 ,1,"8,000"
녹화마대100*6개 ,,"14,000"
녹화마대120*6개 ,39,"16,000"
녹화마대20*30개 ,158,"3,800"
녹화마대30*18개 ,123,"5,000"
녹화마대40*15개 ,76,"7,000"
녹화마대60*9개 ,38,"11,000"
녹화지주목밴드2.1*160M박스 ,12,"22,000"
녹화천연밴드3.0*15M*40개 ,1,"135,000"
녹화천연밴드3.0*15M개당 ,50,"4,000"
녹화테이프15*8개 ,20,"7,000"
녹화테이프20*6개 ,12,"9,000"
논스립세라믹ㄱ자노랑 ,10,"22,000"
논스립세라믹ㄱ자적색 ,30,"22,000"
논스립세라믹ㄱ자회색8자*65 ,26,"22,000"
논스립세라믹ㄱ자흑색 ,9,"22,000"
논스립세라믹ㅡ자적색8자*65 ,50,"20,000"
논스립세라믹ㅡ자회색 ,34,"20,000"
논스립신주4자 ,33,"28,000"
논스립신주5자 ,29,"35,000"
논스립신주6자 ,25,"42,000"
논스립테이프검정노랑5*15M ,,"15,000"
농기구포크나무자루*단조 ,10,"12,000"
농기구포크철자루 ,2,"11,000"
농사용방석대*280 ,22,"10,000"
농사용방석소*120 ,69,"7,000"
농사용방석중*170 ,48,"8,000"
"농사용부직포0.6m*200m,60밀도 ",1,"60,000"
"농사용부직포0.8m*200m,60밀도 ",3,"79,000"
"농사용부직포1.0m*200m,60밀도 ",5,"102,000"
"농사용부직포1.2m*200m,60밀도 ",1,"120,000"
"농사용부직포1.5m*200m,60밀도 ",,
농사용부직포핀*T자*200개 ,3,"16,000"
농사용부직포핀*철ㄷ자150mm ,"15,300",70
농사용의자*고추 ,,"44,000"
농약근삼이 ,-1,
농약대완셋트빨간손잡이 ,16,"8,500"
농업용수관40*50M범아 ,2,"66,000"
농자재갈매기핀대 ,,150
농자재강선8자*4.35T*100개 ,80,"2,000"
농자재방조캡검정 ,1,"3,500"
농자재에스고리 ,820,150
농자재유크램48*48 ,100,"1,800"
뇌곡리우래실길59-89 ,-1,
눈삽 ,-567,"4,000"
능형망1.8m*융융도금1m당 ,,"19,000"
능형망5자*10M녹색코팅 ,5,"78,000"
능형망6자*10M녹색코팅 ,9,"93,000"
능형망6자미터당부자재포함 ,,"27,500"
능형망아연4자*10M ,2,"66,000"
능형망아연5자*10m ,5,"120,000"
능형망아연6자*10M ,3,"135,000"
능형망아연m2당 ,,"5,000"
니스수성바니시무광4ℓ ,2,"46,000"
니스수성바니시유광4ℓ ,1,"46,000"
니퍼 ,-56,"7,000"
"니퍼*6""코이코 ",60,"5,000"
니퍼*미니엑소 ,7,"9,000"
"니퍼8""구마가와KJ200-DC ",38,"14,000"
"니퍼8""크닉펙스 ",-1,"45,000"
"니퍼8""크레임 ",,"43,000"
"니퍼8""히어로HO-538M ",3,"17,000"
니퍼돼지이빨*게이바KM037 ,13,"27,000"
"니퍼로버스타4""2724s ",6,"26,000"
"니퍼로버스타4.5"" ",5,"26,000"
"니퍼로버스타5"" ",1,"26,000"
니퍼로버스타6 ,49,"16,000"
니퍼미니컷팅STN125 ,6,"12,000"
니퍼미니플라토170 ,19,"10,000"
니퍼스마토150 ,-3,"5,000"
니퍼일제미니*빅터 ,-1,"24,000"
"니퍼일제히어로6"" ",4,"10,000"
"니퍼일제히어로8"" ",6,"11,000"
"니퍼케이디6"" ",6,"4,000"
니퍼파워200 ,2,"18,000"
다가네SDS*22*250주걱 ,4,"9,000"
다가네SDS*25*320중 ,4,"10,000"
다가네SDS*50*280주걱 ,,"10,000"
다가네SDS*50*350주걱 ,9,"12,000"
다가네SDS*80*350주걱 ,8,"17,000"
다가네노미대 ,40,"7,000"
다가네노미중 ,5,"5,000"
다가네노미특대 ,26,"10,000"
다가네에어권총형100 ,5,"6,000"
다가네에어권총형150*8/3 ,15,"9,000"
다가네에어셋트5개*170CM ,1,"45,000"
다가네타일용*대 ,10,"8,000"
다가네함마17*1000 ,,"20,000"
다기능파이프렌지 ,1,"23,000"
다기능플라이어 ,-1,"9,000"
다대15*1000 ,20,"6,500"
다대15*1200 ,21,"8,000"
다대15*150 ,27,"1,500"
다대15*200 ,12,"2,000"
다대15*250 ,28,"2,500"
다대15*300 ,6,"3,000"
다대15*400 ,16,"4,000"
다대15*500 ,14,"5,000"
다대15*600 ,8,"6,000"
다대15*700 ,8,"7,000"
다대15*800 ,13,"7,000"
다대15*900 ,,
다대20*1000 ,12,"8,500"
다대20*150 ,32,"2,000"
다대20*200 ,17,"2,000"
다대20*250 ,1,"2,500"
다대20*300 ,12,"3,000"
다대20*400 ,30,"4,000"
다대20*500 ,4,"5,000"
다대20*600 ,4,"6,000"
다대25*1000 ,7,"13,000"
다대25*150mm ,2,"2,000"
다대25*200 ,6,"3,000"
다대25*300 ,18,"4,000"
다대25*400 ,16,"5,000"
다대25*500 ,9,"6,000"
다대25*600 ,8,"7,000"
다대25*800KS ,1,"10,000"
다대32*1000 ,5,"13,000"
다대32*150 ,25,"3,000"
다대32*200 ,27,"4,000"
다대32*300 ,23,"5,000"
다대32*400 ,17,"6,000"
다대32*500 ,-4,"7,000"
다대32*600 ,3,"9,000"
다대32*800 ,,"14,000"
다대40*1000 ,,"15,000"
다대40*150 ,29,"3,500"
다대40*200 ,1,"4,000"
다대40*300 ,18,"6,000"
다대40*400 ,16,"7,000"
다대40*500 ,6,"8,000"
다대40*600 ,,"9,000"
다대50*150 ,10,"5,000"
다대50*200 ,22,"5,500"
다대50*250 ,5,"7,000"
다대50*300 ,18,"7,000"
다대50*400 ,17,"9,000"
다대50*500 ,6,"10,000"
다대50*600 ,6,"12,000"
다대65*200 ,,"9,000"
다대65*500 ,,"16,500"
다대8*50mm ,18,"1,000"
다락방접이식사다리9 ,1,"345,000"
다리미천 ,-16,"5,600"
다보 ,532,100
다보유리선반용 ,2,"3,000"
다슬기올갱이수경 ,,"3,000"
다슬기올갱이수경대 ,5,"5,000"
다용도주머니*K-200 ,8,"18,000"
다용도주머니*K-202폰얼룩이 ,20,"18,000"
다용도주머니*도쿄 ,-3,"15,000"
다용도주머니*일륜 ,2,"8,000"
다용도주머니*티파타송일검정 ,8,"18,000"
다우다천백색*1마 ,72,"1,000"
다우다천적색*1마 ,18,"1,000"
다우다천청색*1마 ,78,"1,000"
다우다천황색*1마 ,290,"1,000"
"다운라이트3""5W주광색 ",,"1,700"
다이야몬드즐셋트5개 ,3,"7,000"
다이젯휴즈2A500V ,,700
다이젯휴즈4A500V ,,700
닥트맞춤 ,-2,
"닥트알미늄10""*250 ",4,"55,000"
"닥트알미늄12""*300 ",3,"69,000"
"닥트알미늄14""*350 ",,"73,000"
"닥트알미늄2""*50 ",6,"18,000"
닥트알미늄2.5*65 ,2,"20,000"
"닥트알미늄3""*75 ",3,"18,000"
"닥트알미늄3""*75중국산 ",5,"8,000"
"닥트알미늄4""*100 ",14,"25,000"
"닥트알미늄5""*125 ",6,"30,000"
"닥트알미늄6""*150 ",2,"36,000"
"닥트알미늄8""*200 ",4,"46,000"
닥트주문250*250*200 ,,"28,600"
"닥트천10""*250*10m ",3,"55,000"
"닥트천12""*300*10m ",2,"69,000"
"닥트천13""*325*10m ",,"69,000"
"닥트천14""*350*10m ",1,"73,000"
"닥트천16""*400*10m ",2,"89,000"
"닥트천18""*450*10m ",,"105,000"
"닥트천2""*50*10m ",2,"22,000"
"닥트천20""*500*10m ",2,"90,000"
"닥트천3""*75*10m ",3,"18,000"
"닥트천4""*100*10m ",15,"25,000"
"닥트천5""*125*10m ",5,"30,000"
"닥트천6""*150*10m ",4,"36,000"
"닥트천8""*200*10m ",4,"46,000"
닥트호수pvc100*30M ,,"230,000"
닥트호수pvc50*50m ,,"165,000"
닥트호수pvc65*50m ,1,"240,000"
닥트호수pvc75*50m ,,"265,000"
닥트호수미터당100mm ,23,"14,000"
닥트호수미터당50mm ,20,"6,000"
닥트호수미터당65mm ,47,"8,000"
닥트호수미터당75mm ,11,"9,000"
단구 ,-51,"2,000"
단구*U소켓 ,122,"1,000"
단독경보형음성연기감지기현대 ,-3,"11,000"
단수거위목코브라 ,1,"28,000"
단열몰탈 ,,"8,000"
단조망치 ,-19,"6,000"
단조후크1톤 ,19,"5,000"
달력 ,-200,"1,100"
달리대*920*610 ,1,"99,000"
달리소757*457 ,1,"42,000"
달리중*838*531 ,5,"58,000"
달리중*무소음 ,1,"88,000"
닭망 090*9M ,6,"18,000"
닭망 120*9M ,14,"23,000"
닭망 150*9M ,6,"28,000"
닭망 180*9M ,6,"38,000"
닭망*090*30m ,2,"60,000"
닭망*120*30m ,2,"78,000"
닭망*150*30m ,3,"88,000"
닭망*180*30m ,5,"106,000"
닭망마춤 ,,"100,000"
닭망병아리용 3*9M ,11,"25,000"
닭망병아리용 4*9M ,13,"32,000"
닭망병아리용 5*9M ,10,"39,000"
닭망병아리용 6*9M ,7,"45,000"
닭망병아리용3자*30m ,3,"88,000"
닭망병아리용4자*30m ,4,"101,000"
닭망병아리용5자*30M ,2,"113,000"
닭망병아리용6자*30M ,5,"145,000"
닭모이통 ,1,"15,000"
대가리못 ,-2,"19,000"
대걸래봉걸이20개 ,-3,"48,000"
대나무갈퀴 ,10,"16,000"
대두못*1근 ,9,"2,000"
대두못22mm ,,"20,000"
대두못25mm ,2,"20,000"
대두못32mm면귀못 ,9,"19,800"
대문수동개폐기*삼부나이트랏찌 ,4,"16,000"
대문자동개폐기*유니코 ,1,"35,000"
대변기 ,,"45,000"
대변기물탱크사각 ,3,"5,000"
대변기세척밸브 ,,
대변기세척밸브*글로벌 ,18,"46,000"
대변기세척밸브TFT301대림 ,,"90,000"
대변기세척밸브토토RCF400A ,1,"94,000"
대변기세척밸브토토RCF401A ,1,"105,000"
대변기세척밸브피스톤 ,29,"5,000"
대변기손잡이뭉치 ,-60,"14,500"
대변기절수형TFT306A*대림 ,1,"93,000"
대변기풋시 ,-41,"7,000"
대변기후궁 ,,"60,000"
대변기후레쉬밸브스파트 ,2,"10,000"
대산마른날(중국) ,29,"6,000"
대소변세척밸브절수형*유성 ,1,"68,000"
대패 강력월성 ,2,"22,000"
대패모서리대패*캇타날용 ,7,"14,000"
대패신신소 ,1,"24,000"
대패중종48 ,1,"33,000"
대패중종60 ,,"38,000"
대패중종기아간나 ,1,"43,000"
대포송풍기 ,-1,"250,000"
더블슈벨16/5팔자 ,26,"5,000"
더블슈벨1인지*5톤 ,,"35,000"
더블슈벨3/8팔자 ,17,"6,000"
"던버클1"" ",,"15,000"
던버클1/2 ,60,"3,500"
던버클1/4 ,42,"1,400"
던버클3/16 ,80,"1,200"
던버클3/4 ,24,"8,000"
던버클3/8 ,41,"2,400"
던버클5/16 ,67,"1,700"
던버클5/8 ,14,"5,000"
던버클7/8 ,,"11,000"
던버클고리1000휀스대문 ,4,"15,000"
"던버클짜게1""*18""비도금검정 ",12,"36,000"
던버클짜게1/2비도금검정 ,1,"12,000"
던버클짜게5/8비도금검정 ,,"13,000"
던버클짜게7/8비도금검정 ,1,"14,000"
"던버클짜게도금1"" ",,"18,000"
던버클짜게도금1/2 ,7,"10,000"
던버클짜게도금3/4 ,,"16,000"
던버클짜게도금5/8 ,19,"14,000"
던버클짜게도금7/8 ,19,"18,000"
덧신1곽 50켤레 ,3,"15,000"
덧신낱게 ,100,500
데코판*다이아*08자 ,110,"12,000"
데코판*다이아*10자 ,42,"15,000"
데코판*다이아*12자 ,14,"17,000"
데코판*백송*08자 ,72,"12,000"
데코판*백송*10자* ,229,"15,000"
데코판*백송*12자* ,237,"17,000"
데코판*자게*08자 ,,"12,000"
데코판*자게*10자 ,28,"15,000"
데코판*자게*12자 ,12,"17,000"
데코판*집성*08자 ,73,"12,000"
데코판*집성*10자 ,10,"15,000"
데코판*집성*12자 ,1,"17,000"
데코판1평 ,,"50,000"
데코판쪼인나 ,169,"4,000"
데크스토퍼 ,-9,"49,000"
데크에스고리100*1000개 ,-20,160
데크에스고리120*1000개 ,"3,990",176
데크에스고리80*1000개 ,"4,000",130
데퍼드릴척2/*13미리 ,1,"15,000"
데퍼드릴척2/1심보 ,2,"6,000"
도가니3탄*토관 ,13,"9,000"
도가니4탄 ,5,"15,000"
도규망치345소 ,2,"31,000"
도규망치345소소 ,14,"28,000"
도규망치390소 ,16,"34,000"
도규망치390중 ,9,"34,000"
도규망치450소 ,10,"33,000"
도규망치450중 ,5,"34,000"
도규인테리어빠루*v형200 ,3,"27,000"
도규인테리어빠루*v형250 ,10,"30,000"
도규인테리어빠루*v형300 ,5,"33,000"
도규치핑함마 ,,"380,000"
도끼 ,19,"10,000"
도끼날대 ,18,"10,000"
도끼무진동대*스텐자루3K ,-2,"33,000"
도끼무진동소*스텐자루 ,-3,"28,000"
도끼무진동중*스텐자루 ,,"30,000"
도끼우레탄자루3㎏ ,4,"28,000"
도끼우레탄자루4㎏ ,6,"31,000"
도끼자루 ,-1,"6,000"
도라이버 ,-528,"3,000"
도라이버4*100동아 ,8,"3,000"
도라이버5.0*100제스트 ,48,"5,000"
도라이버5.0*150제스트 ,56,"5,000"
도라이버6*150동아+- ,45,"6,000"
도라이버6.35*100제스트 ,45,"6,000"
도라이버6.35*150제스트 ,33,"6,000"
도라이버6.35*200제스트 ,33,"7,000"
도라이버다가네타일용 ,6,"9,000"
도라이버베셀D150+.- ,9,"9,000"
도라이버베셀전공십자150 ,12,"9,000"
도라이버베셀전공일자150 ,15,"9,000"
도라이버삼각 ,12,"5,000"
도라이버세신전공십자150 ,7,"5,000"
도라이버세신전공일자150 ,10,"5,000"
도라이버시계셋트코이코 ,1,"4,000"
도라이버정밀+ 100백셀 ,3,"6,000"
도라이버정밀- 100백셀 ,10,"6,000"
도라이버정밀- 150백셀 ,4,"6,000"
도라이버주먹 ,36,"2,000"
도라이버주먹라쳇 ,-2,"2,000"
도라이버챔피온6*100 ,24,"5,000"
도라이버챔피온703*200일자직소 ,10,"4,000"
도라이버챔피온703-3.2* 75 ,,"3,000"
도라이버챔피온703-3.2*100 ,57,"4,000"
도라이버챔피온703-3.2*150 ,3,"4,000"
도라이버챔피온705*5*100 ,21,"4,000"
도라이버챔피온705*5*150일자 ,1,"4,000"
도라이버코너아넥스AKL520 ,2,"52,000"
도라이버특대십자 ,2,"12,000"
도라이버함마 ,46,"6,000"
도라이버함마13*125꽤베기 ,4,"10,000"
도라이버함마13*400꽈베기 ,7,"16,000"
도라이버함마13*600꽈배기 ,2,"19,000"
도라이버함마13*900꽈배기 ,-1,"21,000"
도라이버함마9*200꽈배기 ,23,"8,000"
도라이버함마9*300꽈배기 ,16,"10,000"
도라이버함마특대500*일제 ,1,"27,000"
도라이버후레시볼코너 ,14,"8,000"
"도로컷팅날16""효성 ",1,"180,000"
"도르레1"" ",34,"2,000"
"도르레1.5"" ",44,"3,000"
"도르레2"" ",2,"8,000"
"도르레3"" ",7,"12,000"
도르레3*이중 ,1,"24,000"
"도르레4"" ",3,"20,000"
도르레4*이중 ,7,"32,000"
도르레5 ,2,"23,000"
도르레블럭 ,,"20,000"
"도르레스나치2""초록 ",-6,"18,000"
도르레크롬20 ,92,"1,500"
도르레크롬25Ø ,40,"2,000"
도르레크롬38Ø ,25,"3,000"
도르레크롬50Ø ,45,"5,000"
도르레팔자모양(대) ,27,"3,000"
도리깨 ,17,"9,000"
도리깨손 ,11,"4,600"
도막방수제수성아덱스 ,1,
도바리100 ,"1,400",50
도바리120 ,100,50
도바리150 ,"1,000",70
도바리180 ,"1,600",76
도바리200 ,"1,500",80
도바리250 ,"1,800",100
도바리300 ,"1,600",120
도바리350 ,900,140
도바리400 ,"1,000",180
도바리450 ,300,200
도바리500 ,300,220
도바리600 ,200,250
도서실명판 ,-1,"120,000"
도어록 ,-4,"11,000"
도어벨 ,17,"8,000"
도어체크2단스톱1620킹ㄷ자형 ,17,"38,500"
도어체크2단스톱1630킹-자 ,3,"39,800"
도어체크620킹ㄷ자 ,8,"33,000"
도어체크630킹-자 ,7,"34,000"
도어체크630킹ㄱ자 ,19,"34,000"
도어체크S-630F*스타 ,20,"28,000"
도어체크ㄱ자브라켓 ,13,"3,000"
도어체크목재용K100목재용 ,3,"45,000"
도어체크방화문용2630방화문용 ,10,"47,000"
도어체크방화문용K990sp ,,"110,000"
도어케노피800*1200조립형 ,22,"72,000"
도어훅 ,141,"3,000"
도어훅금색대 ,8,"3,000"
도어훅은색소 ,24,"2,000"
도어훅자석 ,4,"8,000"
도치*대 ,74,"3,500"
도치KGT-100대명 ,16,"11,000"
도치KGT-150대명 ,10,"15,000"
도치KGT-250대명 ,16,"16,000"
도치TKT160역학방지 ,17,"13,000"
도치Z-GT3009*자동제스트세경 ,12,"12,000"
도치램프*스프링원터치귀요미 ,5,"25,000"
도치램프*스프링토치귀요미 ,1,"20,000"
도치램프LPG용대 ,10,"44,000"
도치램프LPG용밸브호수용 ,8,"14,000"
도치램프LPG용소 ,6,"36,000"
도치램프LPG용중 ,6,"39,000"
도치수동터보SH-3000 ,55,"9,000"
돈사고리 ,150,"1,000"
돈사고리자동 ,40,"2,000"
돈사고리자동스텐 ,,"2,400"
돌망치대 ,78,"8,000"
돌망치소 ,-1,"7,000"
돌망치중 ,14,"7,000"
돌망치칼라중 ,40,"7,000"
돌망치특대 ,40,"9,000"
돔와샤#14*16*500개 ,5,"10,000"
돔와샤*1000개 ,-88,"12,000"
돗자리꽃무늬 ,29,"5,000"
돗자리좋은날 ,10,"7,000"
돗자리특대 ,10,"4,000"
동갓다105대원32mm ,4,"16,000"
동갓다105슈퍼 ,,"33,000"
동갓다107대원45mm ,7,"28,000"
동갓다107슈퍼 ,1,"49,000"
동갓다205슈퍼 ,2,"75,000"
동갓다날1050 ,17,"8,000"
동갓다날1070H스텐 ,12,"9,000"
동갓다날2050 ,1,"12,000"
동관15m/m*6m ,,"33,000"
동관단엘15 ,50,"4,500"
동관링직15(소켓) ,18,"5,000"
동관링직15CF속소켓15 ,19,"4,500"
동관링직15CM발브소켓15 ,29,"4,500"
동관링직15수전엘보15 ,15,"5,000"
동관링직15엘15*RJ ,31,"9,500"
동관링직15유니온(양소켓) ,42,"6,000"
동관링직15장엘15 ,27,"5,000"
동관링직15티15 ,6,"10,000"
동관링직19유니온(양소켓) ,6,"11,000"
동관링직20발브소켓 ,,"11,000"
동관링직20속소켓 ,3,"11,000"
동관링직20유니온(양소켓) ,3,"12,000"
동관링직25발브소켓 ,7,"14,500"
동관링직25소켓25 ,11,"17,000"
동관링직25속소켓 ,8,"18,000"
동관소켓15용접용 ,12,800
동관엘15용접용 ,-10,"1,000"
동관캡15용접용 ,50,700
동관티15용접용 ,45,"1,500"
동력분무기고압외구건손잡이노랑 ,4,"35,000"
동력분무기흡입호수25망포함 ,1,"45,000"
동파방지기밴드형 ,6,"8,000"
동파방지기삽입형1M ,9,"9,000"
동파방지기삽입형2M ,15,"12,000"
동파방지기삽입형3M ,11,"15,000"
동파방지기삽입형5M ,11,"18,000"
동파방지선*우주10M ,22,"14,000"
동파방지선*우주1M ,55,"3,500"
동파방지선*우주2M ,44,"5,000"
동파방지선*우주3M ,45,"6,000"
동파방지선*우주5M ,51,"8,000"
동파방지선1M(센서형) ,47,"9,000"
동파방지선2M(센서형) ,31,"11,000"
동파방지선3M(센서형) ,28,"12,000"
동파방지선5M(센서형) ,28,"14,000"
동파방지센서0.75SQ*30M우주 ,20,"6,000"
동파방지센서1.0SQ*50미터 ,9,"7,000"
돼지코 ,-34,"3,000"
돼지코*스위치부착 ,8,"6,000"
두건 ,-3,"3,000"
드라이딱지대정한 ,3,"17,000"
드라이비트디스크하스너2*200개 ,11,"14,000"
드라이비트마감재 ,,"43,000"
드라이비트메쉬망50M ,4,"44,000"
드라이비트본드*테라코 ,,"45,000"
드라이픽스2 ,,"26,000"
드라이픽스포대20K ,,"12,000"
드럼통철(공드럼) ,1,"35,000"
드레샤쪼인트15 ,12,"5,500"
드레샤쪼인트20 ,25,"8,000"
드레샤쪼인트25 ,9,"9,000"
드레샤쪼인트32 ,10,"11,000"
드레샤쪼인트40 ,7,"13,000"
드레샤쪼인트50 ,2,"16,000"
드레인망75 ,20,"1,500"
드레인발코니100 ,20,"8,000"
드레인발코니75 ,9,"5,500"
드레인벽체주물100 ,16,"22,000"
드레인벽체주물125 ,,"35,000"
드레인벽체주물150 ,3,"49,000"
드레인벽체주물75 ,8,"18,000"
드레인벽체주물캡75 ,,"5,000"
드레인보드부직포20㎡ ,3,"88,000"
드레인옥상주물100 ,12,"18,000"
드레인옥상주물150A형 ,,"36,000"
드레인옥상주물75 ,7,"16,000"
드레인옥상주물75*주물카바 ,20,"15,000"
드레인옥상주물캡75 ,47,"12,000"
드레인옥상프라스틱75 ,12,"4,500"
드론DJI리토X1LitoX1-RC2조종기 ,-1,"1,010,000"
드롭인앙카8/3*50개 ,-10,180
드롭인앙카8/3펀치 ,5,"5,000"
드릴걸이*KSB ,,"12,000"
드릴아답터3.0 ,5,"8,000"
드릴아답터3.2 ,5,"8,000"
드릴아답터3.5 ,5,"9,000"
드릴아답터4.2 ,5,"9,000"
드릴아답터5.0 ,4,"11,000"
드릴아답터6.0 ,4,"12,000"
드릴아답터6.5 ,4,"12,000"
드릴아답터소켓 ,-2,"6,000"
드릴집국방얼룩이오성 ,5,"13,000"
드릴집백조통가죽 ,5,"20,000"
드릴집원단3구*송일 ,5,"15,000"
드릴집통가죽6구*송일 ,10,"15,000"
드릴척10-2/1 ,,"6,500"
드릴척10-8/3 ,4,"7,000"
드릴척13*2/1*편한손SDS*셋트 ,3,"13,000"
드릴척13-2/1*삼미 ,18,"8,000"
드릴척13-8/3 ,6,"8,000"
드릴척16 ,,"16,500"
드릴척6*8/3 ,9,"4,000"
드릴척아답타충전*10SDC95선키 ,8,"23,000"
드릴척아답타충전*13SDC127선키 ,17,"26,000"
드릴척아바 ,7,"8,000"
드릴척아바13SDS ,,"4,000"
드릴척키레스타입10*8/3 ,9,"5,000"
드릴척키레스타입13-1/2 ,,"9,000"
드릴척키레스타입충전10SKD-95 ,8,"23,000"
드릴척키레스타입충전13SKD-127 ,-3,"26,000"
드릴척키레스타입충전13Z-K6313 ,10,"15,000"
드릴척함마아답터D-23 ,-2,"20,000"
드릴척핸들13 ,53,"3,000"
드릴척핸들16 ,3,"6,000"
드릴척핸들6 ,14,"2,000"
드릴철10-8/3 ,,"6,500"
드릴철아답타13*2/1 ,,"10,000"
드릴충전척아답타13*?,,"12,000"
들깨망4*5M ,,"23,000"
등박스아카시아8자 ,1,"160,000"
등박스워시8자 ,1,"160,000"
등박스월낫8자 ,1,"160,000"
등박스유러피안8자 ,,"280,000"
등받이3*3스기 ,5,"45,000"
등받이쎈타프레임 ,-2,"6,000"
등받이코너프레임 ,-10,"40,000"
등산야전괭이*명보 ,3,"14,000"
등산화블랙야크 ,-2,"242,000"
등유 ,,900
등짐펌프*소방용 ,10,"68,000"
등짐펌프15ℓ ,-14,"58,000"
디딤석원형빗살무늬 ,-40,"10,000"
디비닥17*2000 ,-10,"10,900"
디비닥디콘17*100 ,,"6,200"
디시케이열풍기KQB2000 ,3,"33,000"
디알에프고무링100 ,,"1,000"
디알에프고무링125 ,,"1,400"
디알에프고무링32 ,,420
디알에프고무링50 ,,600
디알에프고무링75 ,,800
디알에프소켓100소켓 ,9,"7,000"
디알에프소켓150 ,5,"19,000"
디알에프소켓50소켓 ,20,"2,500"
디알에프소켓보수용100 ,7,"9,500"
디알에프소켓보수용50 ,7,"3,500"
디알에프소켓보수용75 ,17,"6,500"
디알에프엘100/45엘 ,-5,"6,000"
디알에프엘100엘 ,-3,"9,000"
디알에프엘50엘 ,-6,"2,200"
디알에프엘75엘 ,-16,"5,000"
디알에프티100 ,-7,"10,000"
디알에프티100*50티 ,,"7,000"
디알에프티100*75티 ,-3,"10,000"
디알에프티50 ,-4,"3,600"
디엘바25*1000 ,-92,"15,000"
디엘바25*1000조캡포함 ,-8,"15,000"
디엘바25*800조캡포함 ,,"8,300"
디엘바30*600 ,,"6,000"
디엘바32*800 ,,"15,000"
디엘바캡25*1000 ,8,"1,200"
디엘바캡30*500 ,-31,"1,500"
"디월트고속절단기14""D28730 ",2,"210,000"
"디월트그라인다4""DWE750S ",3,"75,000"
디월트배터리 ,-1,"100,000"
디월트송풍기DWB6800-KR ,1,"99,000"
디월트열풍기1800W*D26411KR ,1,"88,000"
"디월트원형톱7""DWE561 ",1,"197,000"
디월트청소기3in1 ,,"256,800"
디월트청소기핸드용충전 ,,"340,000"
디월트충전그라인다DCG4051ST3.5 ,1,"400,000"
디월트충전그라인다DCG405P2툴 ,1,"231,000"
디월트충전그라인다DCG407P2*20V ,1,"555,000"
디월트충전그라인더60v셋트 ,,"650,000"
디월트충전기 ,,"82,000"
디월트충전드릴20v5.0dcd1007h1t ,,"580,000"
디월트충전드릴DCD709N툴 ,,"140,000"
디월트충전로터리함마DCH263P2 ,1,"697,000"
디월트충전밧데리20V*5.0ah ,,"164,000"
디월트충전밧데리3.0AH*60V ,,"220,000"
디월트충전송풍기*툴18vDCE100N ,1,"120,000"
디월트충전송풍기18v XR5.0a ,,"510,000"
"디월트충전원형톱7""DCS570 툴 ",1,"297,000"
디월트충전원형톱스킬60v셋트 ,,"680,000"
디월트충전임팩20V5.0*DCF845P2T ,1,"460,000"
디월트충전임팩렌지DCF922툴 ,,"245,000"
디월트컷소DW304PK-KR ,1,"240,000"
디월트컷소충전DCS382N-KR툴 ,,"320,000"
디지탈온도계 ,6,"40,000"
디지탈현관주키SM-500 ,,
디지털각도기ST56-020 ,,"30,000"
디지털도어록SM-500 ,1,"95,000"
디지털도어록TM-3200S 무타공,2,"92,000"
디지털보조번호밀레310 ,4,"95,000"
디지털보조번호밀레330 ,2,"110,000"
디지털보조키SR-05N실버SYNC ,3,"45,000"
디지털온도조절기 DT100-R ,,"58,000"
디지털카메라 ,,
디콘(콘너트)60*200개 ,200,800
디콘*250개16mm ,,"1,240"
디콘*500개12mm ,170,250
디콘각관*500개 ,500,360
디콘각산12 ,,400
디프샤사각100*300 ,11,"15,000"
디프샤사각150*300 ,4,"15,000"
디프샤사각200*300 ,8,"15,000"
디프샤원형150*300 ,19,"15,000"
디프샤원형200*300 ,9,"15,000"
똥바가지똥 ,31,"4,000"
뜰채스텐특*롱180낙엽제거 ,2,"44,000"
뜰채스텐특1호B*35cm ,2,"20,000"
라벨프린터 ,-1,"237,600"
라왕12*10*10집성목문재 ,5,"8,000"
라왕7*15*10 ,,"5,000"
라왕집성7자*30*40 ,48,"6,000"
라이터가스 ,20,"1,500"
라이트*PC*6자폴리카보네트 ,19,"24,000"
라이트*PC*7자폴리카보네트 ,49,"28,800"
라이트*PC*8자폴리카보네트 ,38,"32,400"
라이트광폭피티1.2T미터당대한철 ,,"8,200"
라이트못 ,-17,"4,000"
라이트못*천광 ,97,"4,000"
라이트중피티6자 ,69,"11,000"
라이트중피티7자 ,93,"12,000"
라이트중피티8자 ,125,"14,000"
라이트평720*30M ,,"77,000"
라지에다10 ,4,"90,000"
라지에다15 ,,"135,000"
라지에다5 ,4,"45,000"
라지에다받침 ,29,"3,000"
라지에다앵글밸브15상부용 ,1,"13,000"
라지에다앵글밸브20상부용 ,5,"26,000"
라지에다앵글밸브25상부용 ,1,"40,000"
라지에다유니온엘보15하부용 ,10,"9,000"
라지에다유니온엘보20하부용 ,2,"12,000"
라지에다유니온엘보25부용 ,1,"23,000"
라지에다히타120T-7P홈빛 ,,"67,000"
라지에다히타150T-9P보마네타이 ,5,"115,000"
라지에다히타200T-11P보마네타이 ,,"145,000"
라지에다히타250T-13P보마네타이 ,,"161,000"
라체미니핸들2/1*8/3*영주 ,-2,"13,000"
라체미니핸들셋트*영주 ,3,"18,000"
라체핸들2/1*칼호 ,2,"18,000"
라체핸들KDY*8/3둥근형 ,,"7,000"
라체핸들썬키2/1둥근형 ,,"10,000"
라체핸들제스트*2/1야마토 ,7,"13,000"
라티스4*8*6T*P갈색 4*8,26,"63,000"
라티스4*8*6T*P백색 ,2,"69,000"
라티스프레임*캡12자 ,44,"9,000"
락스말 ,,"17,000"
락카 ,685,"2,800"
락카국방색 ,66,"2,800"
락카금색 ,10,"3,500"
락카녹색 ,115,"2,800"
락카동서 ,,
락카무광*백색 ,10,"2,800"
락카무광*투명 ,39,"2,800"
락카무광*흑색 ,24,"2,800"
락카백색*흰색 ,510,"2,800"
락카사비방청프라이마 ,158,"4,000"
락카스프레이건 ,,"8,000"
락카아이보리 ,24,"2,800"
락카연녹 ,49,"2,800"
락카연밤일신제약 ,45,"2,800"
락카연회색일신제약 ,122,"2,800"
락카융융징크실버IS4420*20개 ,153,"7,000"
락카은색 ,421,"2,800"
락카적색 ,274,"2,800"
락카주황 ,125,"2,800"
락카중회색일신 ,156,"2,800"
락카진밤일신 ,67,"2,800"
락카진회색일신제약 ,137,"2,800"
락카청색 ,209,"2,800"
락카투명 ,149,"2,800"
락카황색일신제약 ,180,"2,800"
락카휀스용형광색 ,15,"7,000"
락카흑색*검정 ,378,"2,800"
람마혼다 ,,"1,400,000"
랜턴 ,"58,485",
랜턴*캠핑용쏠라 ,7,"15,000"
랜턴1005줌라이트천루멘 ,9,"11,000"
랜턴LED랜턴성일SI-302건전지형 ,17,"15,000"
랜턴LED손전등 충전 DJD57 ,9,"44,000"
랜턴건전지4fm ,1,"3,000"
랜턴미니우신WS004 ,63,"10,000"
랜턴미니줌용 ,-5,"18,000"
랜턴손전등충전식xhp160LED ,1,"36,000"
랜턴충전LED손전등se-207성은 ,2,"21,000"
랜턴헤드LC009줌용 ,-2,"18,000"
랜턴헤드충전제스트MS2 ,19,"11,000"
램프BL ,129,"5,500"
랭가고대광신절곡 ,21,"7,000"
랭가고대드라이비트용 ,23,"12,000"
랭가고대마춤절곡자루긴것 ,8,"10,000"
랭가고대삽고대나무자루 ,2,"11,000"
랭가고대스텐특*상진 ,3,"13,000"
랭가고대원형 ,5,"7,000"
랭가고대타일(머리조금한거) ,28,"7,000"
랭가망치 ,,"10,000"
랭가망치석재용*초경 ,13,"20,000"
랭가망치영창*중 ,8,"10,000"
레미콘12*210 ,-266,"67,000"
레미콘12*240 ,-484,"336,000"
레바블럭0.5톤중산 ,1,"108,000"
레바블럭0.75-대산 ,2,"183,000"
레바블럭1.5톤-대산 ,3,"220,000"
레바블럭2톤-대산 ,2,"240,000"
레바블럭3톤-대산 ,1,"260,000"
레벨기삼각대*중 ,5,"45,000"
레벨기삼각대SB ,3,"58,000"
레벨기오토신콘S28*오토레벨 ,1,"185,000"
레벨기오토신콘S32*오토레벨 ,1,"190,000"
레벨기오토자동소키아B30A ,,"590,000"
레벨기오토자동소키아B40A ,1,"390,000"
레벨봉150-RC형 ,,"1,500"
레벨봉150-보급형 ,722,"1,300"
레벨봉200-거푸집형*150개 ,,"2,100"
레벨봉200-보급형 ,,"1,400"
레벨봉250-거푸집형*150개 ,,"2,900"
레이저레벨기삼각다리신콘 ,2,"36,000"
레이저레벨기신콘PL-222P ,,"200,000"
레이저레벨기신콘SL-222H ,1,"160,000"
레이저레벨기신콘SL-432P추방식 ,,"350,000"
레이저레벨기신콘SL-445P ,1,"430,000"
레이저레벨기조적GPL-5G보쉬 ,1,"220,000"
레이저레벨기조적코세코KC5P ,,"240,000"
레이저레벨다리*ELT50 ,5,"36,000"
레이저수평계MS350-3D ,-1,"157,000"
레이저온도계태광TK305 ,,"40,000"
레이저포인트 ,2,"18,000"
레일롤러셋트 ,-2,
레일반오메가12 ,2,"28,000"
레일반오메가6 ,32,"15,000"
레일반오메가9 ,1,"23,000"
레일오메가12 ,24,"30,000"
레일오메가6 ,37,"15,000"
레일오메가9 ,3,"23,000"
레지보 6자 ,50,"1,000"
레진수지배수로200*200*1000셋트 ,1,"40,000"
레진수지배수로250*300*1000셋트 ,1,"45,000"
레진수지배수로300*300*1000셋트 ,1,"55,000"
렌지임팩아답타1/2제스트 Z-BH12 ,8,"12,000"
로고상호인쇄비 ,-39,"4,000"
로고제판비 ,,"15,000"
로드체인12*5M ,,"165,000"
로드체인8*2미터 ,,"15,000"
로드체인낙줄10mm*1M구사리 ,,"37,000"
로드체인낙줄10mm*2M구사리 ,,"55,000"
로드체인낙줄10mm*3M구사리 ,2,"98,000"
로드체인낙줄10mm*5M구사리 ,2,"135,000"
로드체인낙줄10mm*6M구사리 ,,"156,000"
로드체인낙줄8mm*1.5M구사리 ,3,"38,000"
로드체인낙줄8mm*1.5M구사리한쪽 ,3,"33,000"
로드체인낙줄8mm*1M구사리한쪽 ,2,"30,000"
로드체인낙줄8mm*2M구사리 ,3,"43,000"
로드체인낙줄8mm*2M구사리한쪽 ,2,"40,000"
로드체인낙줄8mm*3M구사리 ,2,"70,000"
로드체인낙줄8mm*3M구사리한쪽 ,2,"65,000"
로드체인낙줄8mm*5M구사리 ,1,"110,000"
로드체인낙줄8mm*6M구사리 ,3,"130,000"
로라 ,-207,"3,000"
"로라4""리필용*수성 ",66,"1,200"
"로라4""리필용*유성 ",348,"1,200"
로라겸용7 ,4,"3,000"
로라겸용8 ,-4,"3,000"
로라겸용9 ,19,"3,500"
로라대*나무*160 ,-1,"3,000"
로라대*리필용 ,50,"1,000"
로라대*알미늄 ,92,"4,000"
로라대알미늄5단 ,4,"35,000"
"로라미니4"" ",587,"2,000"
로라미니6 ,394,"2,000"
로라수성4 ,111,"2,500"
로라수성7 ,93,"3,000"
로라수성8 ,55,"3,500"
로라수성9 ,197,"3,500"
로라유성4 ,145,"2,500"
로라유성6 ,46,"3,000"
"로라유성6""국산 ",15,"3,000"
로라유성7 ,29,"3,000"
"로라유성8""국산 ",8,"3,000"
로라유성9국산 ,79,"3,500"
로라판*투명색 ,73,"3,000"
로타리펌프*동아정밀 ,4,"59,000"
로프 ,-11,
로프05 ,54,"5,500"
로프06개별포장 ,39,"12,000"
로프08(100m) ,16,"18,000"
로프10 ,14,"27,500"
로프12 ,25,"35,000"
로프14 ,9,"57,000"
로프16 ,8,"79,000"
로프18 ,3,"132,000"
로프20 ,,"189,000"
로프22 ,1,"195,000"
로프24 ,1,"273,000"
로프30*200M ,,"380,000"
로프브레이크끈5미리*국기게양 ,1,"35,000"
롱로즈150코이코 ,20,"5,000"
롱로즈로버스타115 ,5,"26,000"
"롱로즈로보스타6"" ",7,"16,000"
롱크립플라이어9 ,9,"8,000"
루바240워시오크 ,,"12,000"
루바240월낫 ,64,"11,000"
루바240화이트오크 ,42,"10,000"
루바300워시오크 ,,"14,400"
루바300월낫 ,53,"12,000"
루바300화이트오크 ,43,"12,000"
루바380워시오크 ,,"16,000"
루바마감워시 ,102,"6,500"
루바마감월낫 ,30,"7,000"
루바마감화이트오크 ,100,"5,000"
루바아카시아24전 ,1,"12,000"
루바아카시아30전 ,70,"15,000"
루핑1*40미터 ,2,"25,000"
루핑못 ,4,"17,000"
리무버셋트양용*Z-BR4 4셋트 ,8,"8,000"
리미트 ,,"40,000"
리베트3.2*08*200개 ,50,"4,000"
리베트4.0*10(200개) ,36,"5,000"
리베트4.8*16(200개) ,20,"6,000"
리베트건나니와822 ,29,"14,000"
리브나스100/2000 ,121,"1,600"
리브나스150*2000 ,213,"3,000"
리브나스200*2000 ,206,"3,500"
리브나스300*2000 ,76,"5,000"
리브나스400*2000 ,36,"5,500"
리브나스500*2000 ,50,"6,800"
리브나스600*2000 ,25,"8,000"
리스킹걸래판2자 ,64,"4,000"
리스킹걸래판3자 ,34,"5,000"
리어카바퀴조국산개당 ,,"73,000"
리어카바퀴조중국개당 ,8,"39,000"
리어카바퀴통개당 ,,"74,000"
리어카일반철근뼈대만(바퀴x) ,1,"110,000"
리어카철판(바퀴x) ,1,"317,000"
리어카콘크리트75소 ,1,"190,000"
리어카콘크리트85중 ,1,"200,000"
리어카콘크리트95대 ,2,"200,000"
리어카합판 ,,"290,000"
리튬이온겸용충전기12V-20w ,1,"80,000"
릴선연장(C)1510미주 ,6,"39,000"
릴선연장(C)1520미주 ,4,"46,000"
릴선연장(C)1530미주 ,5,"76,000"
릴선연장(C)1550미주 ,3,"118,000"
릴선연장(C)2510미주 ,4,"59,000"
릴선연장(C)2520미주 ,1,"75,000"
릴선연장(C)2520미주3구차단기 ,1,"159,000"
릴선연장(C)2530미주 ,3,"98,000"
릴선연장(C)2530미주3구차단기 ,2,"170,000"
릴선연장(C)2550미주 ,1,"190,000"
릴선연장(C)2550미주3구차단기 ,1,"215,000"
릴선연장(C)4010미주 ,3,"88,000"
릴선연장(C)4020미주 ,2,"158,000"
릴선연장(C)4030미주 ,2,"240,000"
릴선연장(C)4050미주 ,1,"273,000"
릴선연장1.5*10호(8m)성림 ,2,"16,000"
릴선연장1.5*20호(18m)성림 ,3,"30,000"
릴선연장1.5*30호(28m)성림 ,3,"45,000"
릴선접지성림1.5*28*접지차단 ,4,"62,000"
릴선접지성림1.5*48*접지차단 ,1,"80,000"
릴선접지성림2.5*28*접지차단 ,2,"115,000"
릴선접지성림2.5*48*접지차단 ,2,"188,000"
릴선접지차단(CS)2.5*50미주 ,2,"230,000"
릴선접지차단(ES)1.5*30미주 ,,"105,000"
릴선접지차단(ES)1.5*50미주 ,2,"145,000"
릴선접지차단(ES)2.5*30미주 ,,"145,000"
릴선접지차단안전(CS)1.5*100M ,1,"210,000"
릴선접지차단안전(CS)2.5*100M ,1,"350,000"
릴선접지차단안전(CS)4.0*30M ,2,"224,000"
릴선접지차단안전(CS)4.0*50M ,,"350,000"
릴선콘센트2구 ,-103,"2,000"
"마그텍대패3""MT191G ",,"150,000"
마끼다각도절단기1040S ,,"350,000"
"마끼다그라인다4""GA4030 ",1,"68,000"
"마끼다대패3""1900B전기 ",1,"240,000"
마끼다드릴DP2010 ,1,"70,000"
마끼다매거진드릴6841 ,1,"430,000"
마끼다원형톱7*HS7600 ,2,"198,000"
"마끼다원형톱9"" ",,"250,000"
마끼다임팩렌지(3/4)6906 ,,"760,000"
"마끼다임팩렌지1""*TW100 ",,"1,430,000"
마끼다임팩렌지2/1 ,,"490,000"
마끼다임팩충전렌지18V*dtw300rt ,1,"690,000"
마끼다충전그라인다베어툴밧데리 ,,"178,000"
마끼다충전기18V리튬 ,1,"110,000"
마끼다충전드릴14 ,2,"180,000"
마끼다충전밧데리18V*5.0ah ,1,"179,000"
마끼다충전원형톱18v5.0DSS611RT ,,"450,000"
마끼다충전임팩렌지18v*5.0dtd17 ,,"480,000"
마끼다충전임팩렌지DTW1002z ,,"600,000"
마끼다컷소JR3050T ,1,"220,000"
마끼다트리머셋트RT0700CX6 ,,"450,000"
마끼다파괴함마HM0810TA ,1,"450,000"
마끼다파괴함마HM1306 ,,"920,000"
마끼다파괴함마HR2630 ,,"220,000"
마대80KG홍색(소)54*66 ,495,200
마대90KG 국산신재 ,75,700
마대90KG홍색정품소망74*109 ,"1,187",400
마대모래국산* ,"1,970",200
마대모래군용450*600 ,558,400
마대모래비니루 ,100,150
마대백색신재40*수입 ,477,440
마대볼트*국산*200장 ,541,300
마대왕겨 ,574,550
마대왕겨마대신재 ,,"1,100"
마대중고40*원료마대옆트임 ,"1,474",400
마대중고소금 ,"1,800",300
마대중고참깨 ,750,350
마루본체정키*원형노랑곽 ,7,"9,000"
마루본체정키*원형빨강곽 ,5,"8,000"
마루본체정키사각 ,5,"15,000"
마르맨 ,10,"6,000"
마르맨마춤스텐 ,1,"11,000"
"마른날4""티롤릿DCU ",6,"10,000"
마벨칼MCK-01 ,1,"33,000"
마벨칼MEK-60*전공칼 ,1,"21,000"
마스크*클래시*비말덴탈50개 ,26,"8,000"
마스크목도리겸용 ,26,"5,000"
마스크방한면 ,-110,900
마스크방한면*고급영일사 ,288,"1,400"
마스크방한용 ,-290,900
마스크분진3M1급8822 ,838,"2,200"
마스크분진3M2급8710 ,"1,302","1,000"
마스크분진3M방독3200 ,,"17,000"
마스크분진3M방독6200 ,8,"26,000"
마스크분진3M방독면7502실리콘 ,8,"45,000"
마스크분진3M방독필터2097K분홍 ,48,"8,000"
마스크분진3M방독필터6003K ,21,"14,000"
마스크분진3M방독필터CH3311K-10 ,,"8,000"
마스크분진3M활성탄2097K분홍색 ,,"8,000"
마스크분진8301(1급)*20개 ,804,"1,200"
마스크분진도부 ,470,"9,000"
마스크분진도부방독DM-24 ,6,"12,000"
마스크분진도부방독휠터 ,17,"3,000"
마스크분진도부휠터 ,20,700
마스크분진배기건강 ,60,"2,500"
마스크분진애니가드1급 ,280,"2,000"
마스크분진크린가드M10*20개 ,360,"1,000"
마스터링크5/8타원형적색 ,4,"10,000"
마춤 ,212,"210,000"
마춤ABS문짝 ,21,"140,000"
마춤목재 ,-1,"1,000"
마춤목창 ,-12,"40,000"
마춤문짝 ,-43,"100,000"
마춤방충망 ,10,"50,000"
마춤보온덮개 ,,"39,600"
마춤사시 ,,
마춤왁구 ,5,"120,000"
마춤조선문 ,22,"150,000"
마춤창 ,48,"2,739,000"
마춤휀스대문헤베당 ,1,"120,000"
마포걸래*셋트 ,15,"8,000"
마포걸래*셋트스텐자루130 ,-42,"8,000"
마포걸래*셋트스텐자루160 ,-4,"9,000"
마포걸래*셋트철나무자루130 ,5,"8,000"
마포걸래*셋트철나무자루160 ,,"8,000"
마포걸래-극세사마끄미 ,46,"4,000"
마포걸래-순면백색 ,46,"4,000"
마포걸래-청국산 ,103,"4,000"
마포걸래걸이 ,-2,"26,000"
마포걸래자루나무철130 ,9,"4,000"
마포걸래자루스텐자루120 ,127,"4,500"
마포걸래자루스텐자루150 ,2,"5,000"
마포걸래자루스텐자루160 ,34,"6,000"
마포걸레고급 ,22,"4,000"
마포자루나무 ,30,"3,000"
마포자루대알미늄156mm ,48,"4,000"
마포자루알미늄120cm ,39,"3,000"
마포자루철150 ,135,"4,000"
막삽 ,142,"7,000"
막삽참솔표 ,12,"12,000"
막스기리320*14.3 ,4,"20,000"
막스기리320*17.5 ,5,"41,000"
막스기리320*18 ,3,"27,000"
막스기리320*19*320 썬파워 ,2,"47,000"
막스기리320*21.5 ,1,"30,000"
막스기리320*22 ,1,"30,000"
막스기리320*28*320썬파워 ,4,"60,000"
막스기리320*32 썬파워 ,3,"59,000"
막스기리505*25*505썬파워 ,1,"57,000"
막스기리505*28*505썬파워 ,3,"66,000"
막스기리505*32*505썬파워 ,3,"69,000"
막스기리540*12.7 ,1,"23,000"
막스기리540*14.3 ,3,"24,000"
막스기리540*16 ,1,"30,000"
막스기리540*17.5 ,1,"27,000"
막스기리540*18 ,3,"30,000"
막스기리540*21.5 ,1,"30,000"
막스기리540*22 ,2,"28,000"
막스노미350 ,1,"12,000"
막스노미450 ,2,"14,000"
막스다가네 ,4,"12,000"
막스다가네50*350주걱 ,1,"11,000"
막스다가네80*280 ,2,"13,000"
막스다가네80*350주걱 ,,"15,000"
막스다가네80*600 ,1,"25,000"
만능가위가마끼 ,1,"12,000"
만능벤지대 ,,"18,000"
만능벤지소 ,2,"12,000"
만능톱*대 ,4,"9,000"
"만력기10""*우성 ",2,"69,000"
"만력기12"" ",3,"75,000"
"만력기3""*우성 ",3,"23,000"
"만력기4""*우성 ",3,"28,600"
"만력기5""*우성 ",4,"33,000"
"만력기6""*우성 ",5,"38,000"
"만력기8""*우성 ",2,"64,000"
말굽*발로만*대흥메탈 ,17,"8,000"
말굽*발로만SONE ,36,"8,000"
말굽*밤색 ,56,"3,000"
말굽*밤색대 ,10,"4,000"
말굽실버 ,22,"3,000"
말목 ,-61,"3,000"
망사테이프35 ,3,"6,000"
망사테이프50 ,7,"7,000"
망치*검사망치 ,20,"7,000"
망치*카토자석망치220소 ,,"20,000"
망치*카토자석망치390소 ,5,"20,000"
망치*카토자석망치390중 ,4,"21,000"
망치걸이가죽 ,,"6,000"
망치걸이원단국방색 ,21,"5,000"
망치걸이투명 ,13,"6,000"
망치무진동스텐자루 ,1,"8,000"
망치무진동자석망치대세화 ,-9,"14,000"
망치무진총자석망치중세화 ,2,"12,000"
망치세화대*자루칼라 ,,"6,000"
망치용접*검사망치 ,15,"7,000"
망치우레탄칼라중망치(대) ,9,"8,000"
망치우레탄칼라중망치(소) ,17,"6,000"
망치우레탄칼라중망치(중) ,15,"7,000"
망치우레탄칼라중망치(특대) ,-3,"9,000"
망치자루 ,30,"3,000"
망치자루고무 ,,"3,000"
망치자루대 ,24,"4,000"
망치특수용접해머 ,,"11,000"
망치한일망치단소 ,10,"6,000"
망치호두 ,3,"5,000"
망후크(백색)100 ,50,600
망후크(백색)150 ,150,600
매거진비트날힐티s-MBL116PH2 ,14,"13,000"
매거진비트날힐티s-MBL166PH2 ,4,"16,000"
매미고리*스텐 ,-19,"4,000"
매미고리스프링*스텐 ,31,"5,000"
"매입등LED6""*15W다운라이트 ",,"9,000"
매직스페샬도바리150*22개 ,,"11,000"
매직스페샬도바리200 ,,"10,000"
매직유성매직 ,187,800
매직유성매직캠모나미 ,7,"1,500"
매직테이프 ,254,"1,200"
매직테이프*백 ,125,"1,200"
매직테이프*적 ,130,"1,200"
매직테이프*청 ,421,"1,200"
매직테이프*황(노랑) ,94,"1,200"
매직테이프*회 ,"2,130","1,200"
매트*잔디폭1.0M*25M*20mm미터당 ,101,"16,000"
매트*잔디폭1.2M*15M*미터당 ,45,"25,000"
매트그물1200*미터당녹색 ,29,"20,000"
매트롤쿠션회색1.2*18*1m(롤12m) ,12,"18,000"
매트물결*초록색550*420 ,25,"6,000"
매트생고무900*1500검정 ,-11,"35,000"
매트스프링900*600 ,6,"22,000"
매트스프링철피모900*600 ,9,"36,000"
매트어서오600*900 ,,"15,000"
매트어서오900*1200 ,,"30,000"
매트점박이600*900 ,3,"21,000"
매트점박이900*1200 ,4,"36,000"
매트충격흡수매트500*500*2.5t ,,"11,000"
매트타이어900*600 ,20,"35,000"
매트탄성발바닦모양 ,1,"6,000"
맥가이버칼 ,-2,"9,000"
맨홀사다리300*210*20파이 ,66,"9,000"
맨홀주철600차도용오수 ,1,"85,000"
맨홀주철600차도용유공우수 ,,"90,000"
맨홀주철648KS30톤우수 틀 ,5,"75,000"
맨홀주철648KS30톤우수뚜껑 ,5,"120,000"
맨홀주철648KS상수도*87k ,,"330,000"
맨홀주철648KS오수경량58k국산 ,5,"198,000"
맨홀주철648KS우수유공경량58K ,3,"198,000"
맨홀주철648KS우수유공중량87k ,,"330,000"
맨홀주철648KS전기용 ,4,"230,000"
맨홀주철648KS차도용오수 ,,"200,000"
맨홀주철648KS차도용유공 ,-1,"202,000"
맨홀주철648KS통신용 ,3,"230,000"
맨홀주철인상링600 ,2,"69,000"
맨홀주철인상링648-B ,2,"58,000"
맨홀주철인상링648KS ,,"85,000"
맨홀주철인상링766-B ,1,"108,000"
맨홀칼라사각오수 ,,"150,000"
맨홀칼라사각우수 ,2,"150,000"
맨홀콘크600*600*1000*5T앵글 ,6,"190,000"
맨홀콘크600*600*600*5T앵글 ,4,"190,000"
맨홀콘크800*800*1000*5T앵글 ,6,"240,000"
맨홀콘크800*800*1000*7.5T앵글 ,2,"270,000"
맨홀콘크리트 ,2,"120,000"
맨홀콘크리트1000*1000 ,4,"220,000"
맨홀콘크리트1200*1200 ,1,"255,000"
맨홀콘크리트1500*1500사각 ,,
맨홀콘크리트300*400*600 ,,
맨홀콘크리트300*400*900집수정 ,4,"90,000"
맨홀콘크리트400*500*900집수정 ,4,"100,000"
맨홀콘크리트600*600*1000 ,9,"120,000"
맨홀콘크리트600*600*600깊이 ,2,"110,000"
맨홀콘크리트800*800*1000 ,5,"180,000"
맨홀콘크리트900*900*1000 ,3,"195,000"
맨홀콘크상판뚜껑 800외경11 ,,"110,000"
맨홀콘크상판뚜껑 900외경12 ,,"100,000"
맨홀콘크상판뚜껑1000외경13 ,,"110,000"
맨홀콘크상판뚜껑1200외경15 ,,"125,000"
맨홀콘크인상각 600*1000 ,,"110,000"
맨홀콘크인상각 600*600*500 ,3,"110,000"
맨홀콘크인상각 800*1000 ,1,"150,000"
맨홀콘크인상각 800*800*500 ,3,"135,000"
맨홀콘크인상각 900*1000 ,,"150,000"
맨홀콘크인상각1000*1000 ,1,"180,000"
맨홀콘크인상각1000*500 ,,"180,000"
맨홀콘크인상각1200*1000 ,,"210,000"
맨홀콘크인상각1500*1000 ,,"360,000"
맨홀통신맨홀600*600조 ,,"160,000"
맨홀통신사각피이600*1000*740 ,1,"95,000"
맨홀통신사각피이셋트 ,2,"195,000"
맨홀통신콘크수공1호1200*60 ,5,"120,000"
맨홀통신콘크수공2호1700*80 ,,"360,000"
먹물대*송죽 ,97,"2,500"
먹물백색 ,16,"2,500"
먹물분말미제 ,12,"8,000"
먹물소*송죽 ,20,"1,500"
먹실 ,-23,"1,000"
먹실일제*백색 ,2,"3,000"
먹실일제노랑06*500 ,1,"12,000"
먹통고급 ,1,"12,000"
먹통달구벌*수동 ,6,"13,000"
먹통달구벌*자동 ,5,"14,000"
먹통백록사*대수동 ,88,"13,000"
먹통백롱사*대자동 ,,"13,000"
먹통일반대명 ,9,"5,000"
먹통타지마분말수동PL-CLMT ,12,"22,000"
먹통타지마분말자동PL-CLJM ,11,"28,000"
먹통타지마자동PS-SUM-R10M ,2,"22,000"
먹통타지마자동RAKB ,4,"24,000"
먼지마개대 ,26,"4,000"
먼지마개소 ,30,"3,000"
먼지제거제 ,,"5,000"
먼지털이개총채 ,26,"1,500"
먼지털이먼지킬러 ,7,"5,000"
멀바우대동자100 ,,"45,000"
멀바우소동자 ,,"5,000"
멀바우집성계단재12*38*300 ,9,"111,000"
멀바우핸드레일60*70 ,,"53,000"
멀티스카프*제일 ,154,"2,000"
멀티쪼인트15A육각 ,4,"13,000"
멀티쪼인트20A육각 ,5,"14,000"
멀티쪼인트25A육각 ,10,"15,000"
멀티쪼인트32A육각 ,5,"16,000"
멀티컷터기툴M18DMT ,,"165,000"
멀티컷터날HOB-1010 ,2,"2,500"
멀티컷터날HOB-1020 ,2,"2,500"
멀티컷터날HOB-1034 ,1,"2,500"
멀티컷터날HOB-1045 ,,"3,000"
멀티컷터날HOB-1065 ,,"5,000"
멀티컷터날HOB-1130다용도티나늄 ,2,"3,500"
멀티텝2구2M ,45,"6,000"
멀티텝2구3M ,36,"7,000"
멀티텝2구5M ,32,"10,000"
멀티텝3구2M ,17,"7,000"
멀티텝3구3m ,25,"8,000"
멀티텝3구5m ,79,"11,000"
멀티텝개별2구*1.5 ,17,"10,000"
멀티텝개별2구*3M ,19,"12,000"
멀티텝개별2구*5M ,2,"16,000"
멀티텝개별3구*1.5 ,9,"11,000"
멀티텝개별3구*3M ,20,"12,000"
멀티텝개별3구*5M ,20,"18,000"
멀티텝개별4구*1.5 ,4,"14,000"
멀티텝개별4구*3M ,2,"15,000"
멀티텝개별4구*5M ,21,"19,000"
멀티텝개별5구*1.5*현 ,21,"15,000"
멀티텝개별5구*3M ,12,"21,000"
멀티텝개별5구*5M ,5,"25,000"
멀티텝개별6구*1.5 ,19,"16,000"
멀티텝개별6구*3M ,6,"22,000"
멀티텝개별6구*5M ,5,"24,000"
멀티텝고용량누전2구1.5m ,2,"19,000"
멀티텝고용량누전2구3m ,2,"23,000"
멀티텝고용량누전2구5m ,2,"30,000"
멀티텝방수4구*5M ,2,"35,000"
멀티텝차단4구*2M ,6,"9,000"
멀티텝차단4구*3M ,1,"12,000"
멀티텝차단4구*5M ,6,"14,000"
멀티텝차단5구*1.5M ,5,"12,000"
멀티텝차단5구*3M ,1,"14,000"
멀티텝차단5구*5M ,13,"16,000"
멀티텝차단6구1.5M ,2,"13,000"
멀티텝차단6구3m ,-2,"15,000"
멀티텝차단6구5m ,9,"18,000"
메가폰535BSW*두영 ,,"65,000"
메가폰MGP-3 ,2,"25,000"
메가폰분리식CM1.5*8 ,,"60,000"
메가폰일체식AA1.5*8 ,,"42,000"
메꾸라피이15*20 ,,400
메꾸라피이15*오링임시마개 ,43,500
메꾸라피이15임시마개 ,81,200
메꾸라피이20임시마개 ,50,300
메꾸라피이25임시마개 ,70,800
메도몰 정한 ,706,"2,000"
메도칠 ,-398,"1,200"
메모드망100*94*200개 ,2,"37,000"
메모드망70*94*200개 ,3,"25,000"
메쉬망베너휀스지주 ,1,"12,000"
메쉬망베너휀스지주포함 ,20,"44,000"
메쉬휀스던버클고리 ,20,"14,000"
메인보드 ,-1,"141,000"
메지칼고대(대) ,20,"4,000"
메지칼고대(소) ,16,"3,000"
메타보kgs305m ,-1,
메타폴15발브소켓 ,11,"4,000"
메타폴15소켓 ,18,"5,000"
메타폴15속소켓 ,21,"4,000"
메타폴15수전엘 ,9,"5,000"
메타폴15수전엘날개 ,13,"5,500"
메타폴15수전티 ,12,"5,500"
메타폴15엘 ,25,"5,000"
메타폴15티 ,11,"8,000"
메타폴20속소켓 ,,"8,000"
메탈나스1000*폭1m*18M ,3,"95,000"
메탈나스200*폭1m*20M ,5,"20,000"
멜로디 ,10,"6,000"
멩기못 ,-96,"2,000"
멩기못25mm면귀못 ,1,"16,500"
면바소 ,5,"3,000"
면보로면특 ,26,"14,000"
면사 ,38,"1,300"
면실 ,-11,"1,500"
멸균채수병 ,-100,
모기망1M당*4자 ,-291,"3,000"
모기망1M당*5자 ,-213,"3,500"
모기망1M당*6자 ,-286,"4,000"
모기망4자*18M ,9,"39,000"
모기망5자*18M ,8,"44,000"
모기망6자*18M ,10,"50,000"
모기망쫄대 ,-6,"1,700"
모기망하우수용6자*30m ,2,"36,000"
모기망하우스용5자*90M* ,,"57,000"
모기망하우스용6자*90M ,3,"72,000"
모기장방장5-6인용 ,2,"22,000"
모기퇴치램프13w ,4,
모노륨 ,-5,"8,000"
모래 ,-92,"275,000"
모래*1톤덮프 ,15,"150,000"
모래*미장사1톤 ,,"180,000"
모래*미장사25톤(18루배) ,,"790,000"
모래*미장사5.5톤 ,,"380,000"
모래*중사1톤 ,12,"150,000"
모래*중사25톤*18루배 ,,"590,000"
모래*중사5.5톤 ,9,"330,000"
모래*포대20Kg ,-19,"5,500"
모래1루배중사(운임X) ,10,"100,000"
모래망 ,,"36,000"
모래망1M당*2.0부7mm ,,"10,000"
모래망1M당*3.0부10mm ,,"10,000"
모래망2.0부(3자*9m) ,-1,"70,000"
모래망3.0부(3자*9m) ,,"80,000"
모래망코팅2부(7mm)3자9m ,6,"72,000"
모래망코팅2부(7mm)4자9m ,2,"92,000"
모래망코팅3부(10mm)3자*9m ,3,"95,000"
모래망코팅3부(10mm)4자9m ,4,"109,000"
모래자루 ,,"5,500"
모래주머니국산국방색 ,285,180
모래함1200*700*850 ,,"240,000"
모임동칼라 ,-10,"7,000"
모임동칼라엘 ,-20,"1,900"
모임동칼라통 ,-10,"8,000"
모임선홈통 ,10,"8,000"
모임통100*75 ,29,"5,000"
모임통65*75 ,8,"4,000"
모임통65/50 ,76,"3,000"
모자 ,88,"5,000"
모자*군모자*회색 검정 빨강 ,34,"8,000"
모자*등산용골덴밤색 ,5,"8,000"
모자방한워머신형*빨강검정얼룩?,19,"5,000"
모자방한털모자*군밤검정밤색 ,34,"8,000"
모자벌망 ,31,"8,000"
모자아주머니*농사용 ,5,"4,000"
모자여자패션 ,22,"10,000"
모자정글 ,8,"5,000"
모자정글*망사 ,150,"5,000"
모자케주얼 ,40,"6,000"
모타 ,-4,"220,000"
모타가정용가압펌프PB410SMA ,-1,"390,000"
"모타렌지경영8"" ",20,"12,000"
모타지하수깊은물PU-951M ,2,"395,000"
모타후렌지45*46 ,15,"3,000"
모타후렌지고무바킹 ,18,800
목공연필SB ,73,"2,500"
목기230*리22*230 ,2,"10,000"
목기230*리38*230 ,2,"23,000"
목기리125*06*125 ,7,"4,000"
목기리125*07*125 ,3,"4,000"
목기리125*08*125 ,10,"4,000"
목기리125*09*125 ,8,"5,000"
목기리125*10*125 ,11,"5,000"
목기리125*11*125 ,5,"4,000"
목기리125*12*125 ,5,"5,000"
목기리125*13*125 ,4,"6,000"
목기리125*14*125 ,2,"6,000"
목기리125*15*125 ,4,"7,000"
목기리125*16*125 ,3,"7,000"
목기리125*17*125 ,4,"8,000"
목기리125*18*125 ,6,"8,000"
목기리125*20*125 ,2,"7,000"
목기리125*22*125 ,3,"8,000"
목기리125*23*125 ,5,"8,000"
목기리125*25*125 ,4,"9,000"
목기리125*30*125 ,1,"10,000"
목기리230*06*230 ,5,"6,000"
목기리230*07*230 ,5,"6,000"
목기리230*08*230 ,13,"6,500"
목기리230*09*230 ,3,"7,000"
목기리230*10*230 ,5,"7,000"
목기리230*11*230 ,5,"8,000"
목기리230*12*230 ,6,"8,000"
목기리230*13*230 ,7,"9,000"
목기리230*15*230 ,10,"10,000"
목기리230*16*230 ,6,"10,000"
목기리230*17*230 ,3,"10,000"
목기리230*18*230 ,2,"10,000"
목기리230*19*230 ,4,"10,000"
목기리230*20*230 ,4,"9,000"
목기리230*21*230 ,3,"10,000"
목기리230*22*230 ,2,"10,000"
목기리230*23*230 ,3,"10,000"
목기리230*26*230 ,1,"13,000"
목기리230*27*230 ,6,"13,000"
목기리230*28*230 ,6,"14,000"
목기리230*28*230 ,1,"14,000"
목기리230*29*230 ,7,"15,000"
목기리230*30*230 ,9,"20,000"
목기리230*35*230 ,3,"21,000"
목기리230*38*230 ,2,"15,000"
목기리창나비25 ,4,"5,000"
목기리창나비28 ,2,"5,000"
목기리창모양셋트6피 ,5,"15,000"
목도리고급 ,-13,
목돌림버튼절수기헤드 ,16,"5,000"
목수망치대 ,12,"4,500"
목수망치왕대 ,10,"5,500"
목수망치유리망치소 ,23,"4,000"
목수망치유리망치중 ,9,"5,000"
목수망치중 ,15,"5,000"
목수연필 ,8,"2,000"
목수연필독일제스타빌라 ,3,"3,000"
목재12*10*10*12개라메코 ,550,"43,000"
목재12*10*10*12개미송 ,57,"39,000"
목재12*15*20*뉴송*6개 ,58,"31,000"
목재12*15*30(1.0*2.0)*6개입라 ,117,"35,000"
목재12*15*30(1.0*2.3)라메코(6 ,161,"45,000"
목재12*20*30*뉴송4개 ,64,"11,000"
목재12*30*30*뉴송 ,31,"16,500"
목재개당12*10*10개당 ,-77,"3,500"
목재개당12*10*15개당 ,,"5,000"
목재개당12*15*20개당 ,15,"7,000"
목재개당12*15*30사재(3*6) ,190,"7,000"
목재개당12*15*30사재(3*7) ,20,"8,800"
목재스템플 ,46,"1,000"
목폴라 ,-1,"3,000"
몰그린5000 ,,"33,000"
몰그린M-2000(몰다인) ,1,"20,000"
몰다인DM2000테라코3 ,,"27,000"
몰다인MD-ONE테라코 ,9,"20,000"
몰딩53-1평160 ,29,"7,200"
몰딩53-1평60 ,79,"3,000"
몰딩루바마감 ,-30,"6,000"
몰딩반짝백색6전 ,,"4,500"
몰딩반짝백색거실7전 ,,"4,500"
몰딩반짝백색거실8전 ,11,"4,500"
몰딩반짝백색평30 ,24,"3,000"
몰딩반짝백색평40 ,50,"4,000"
몰딩반짝백색평50 ,-1,"5,000"
몰딩반짝백색평80 ,-5,"6,000"
몰딩백색2단5전 ,-7,"4,500"
몰딩백색2단소 ,-3,"3,300"
몰딩백색300 ,,
몰딩백색300 ,,"20,000"
몰딩백색갈매기 ,,
몰딩백색거실80 ,14,"4,500"
몰딩백색걸래받이 ,42,"4,500"
몰딩백색코너4전 ,,"8,000"
몰딩백색코너6전 ,,"10,000"
몰딩백색평100 ,79,"8,000"
몰딩백색평120 ,18,"9,000"
몰딩백색평200 ,-3,"12,000"
몰딩백색평30*30개 ,72,"3,000"
몰딩백색평40*30개 ,110,"4,000"
몰딩백색평50*20개 ,82,"5,000"
몰딩백색평60 ,55,"6,000"
몰딩백색평80 ,61,"7,000"
몰딩백색피씨 ,,"3,000"
몰딩백색피이3게단 ,,"3,000"
몰딩소프트오크2계단소 ,82,"4,000"
몰딩소프트오크3계단대 ,70,"6,000"
몰딩소프트오크3계단중 ,40,"5,000"
몰딩소프트오크4게단 ,,
몰딩소프트오크거실1-80 ,15,"6,000"
몰딩소프트오크걸래받이 ,30,"6,000"
몰딩소프트오크라운드대 ,,"11,000"
몰딩소프트오크라운드중 ,,"7,000"
몰딩소프트오크마이너스2단 ,77,"5,000"
몰딩소프트오크머리100 ,10,"13,000"
몰딩소프트오크머리60 ,16,"15,000"
몰딩소프트오크문선1호각구 ,,"6,000"
몰딩소프트오크문선반달1호 ,,"6,000"
몰딩소프트오크코너100 ,9,"18,000"
몰딩소프트오크코너40 ,11,"15,000"
몰딩소프트오크코너60 ,5,"15,000"
몰딩소프트오크평 30 ,46,"3,500"
몰딩소프트오크평 40 ,54,"4,000"
몰딩소프트오크평 50 ,100,"4,500"
몰딩소프트오크평 60 ,44,"6,000"
몰딩소프트오크평 80 ,56,"7,000"
몰딩소프트오크평100 ,7,"8,000"
몰딩소프트오크평120 ,8,"9,000"
몰딩소프트오크평160 ,36,"10,000"
몰딩소프트오크평200 ,,"12,000"
몰딩소프트오크평250 ,,"14,000"
몰딩소프트오크평300 ,9,"18,000"
몰딩소프트오크평400 ,,"22,000"
몰딩소프트오크평600 ,,
몰딩소프트오크하박기 ,,
몰딩소프트오크허리129*15 ,,
몰딩소프트오크허리80*12 ,,
몰딩아카시아3계단대70*15 ,31,"7,000"
몰딩아카시아3계단중 ,-9,"6,000"
몰딩아카시아거실70 ,35,"5,000"
몰딩아카시아거실80 ,21,"5,000"
몰딩아카시아걸래받이 ,12,"5,000"
몰딩아카시아라운드중60*20 ,50,"8,000"
몰딩아카시아루바마감90*12 ,78,"7,000"
몰딩아카시아마이너스 ,64,"4,000"
몰딩아카시아문선 ,,"6,000"
몰딩아카시아코너10전 ,4,"16,000"
몰딩아카시아코너4전 ,8,"10,000"
몰딩아카시아코너6.5전 ,14,"13,000"
몰딩아카시아코너머리100 ,2,"13,000"
몰딩아카시아코너머리65 ,11,"12,000"
몰딩아카시아평 3전*30개 ,21,"3,000"
몰딩아카시아평 4전*30개 ,23,"4,000"
몰딩아카시아평 5전 ,40,"5,000"
몰딩아카시아평 6전 ,37,"6,000"
몰딩아카시아평 8전 ,31,"7,000"
몰딩아카시아평10전 ,80,"8,000"
몰딩아카시아평12전 ,31,"9,000"
몰딩아카시아평16전 ,17,"10,000"
몰딩아카시아평20전 ,,"12,000"
몰딩아카시아평25전 ,,"14,000"
몰딩아카시아평30전 ,12,"18,000"
몰딩아카시아평40전 ,27,"22,000"
몰딩오크걸레받이 ,-4,
몰딩워시3게단48*15 ,20,"5,000"
몰딩워시3게단대70*15 ,114,"6,000"
몰딩워시각구 ,41,"5,000"
몰딩워시거실70 ,11,"6,000"
몰딩워시거실80 ,67,"6,000"
몰딩워시걸래받이 ,13,"6,000"
몰딩워시라운드중 ,107,"8,000"
몰딩워시마감몰딩 ,20,"7,000"
몰딩워시머리목(대) ,,"13,000"
몰딩워시머리목(중) ,7,"8,000"
몰딩워시문선 ,10,"6,000"
몰딩워시코너(대) ,20,"11,000"
몰딩워시코너(소) ,66,"7,000"
몰딩워시코너(중)65*65 ,2,"9,000"
몰딩워시평 30 ,90,"3,000"
몰딩워시평 40 ,59,"4,000"
몰딩워시평 50 ,46,"4,500"
몰딩워시평 60 ,,"6,000"
몰딩워시평 80 ,34,"7,000"
몰딩워시평100 ,18,"8,000"
몰딩워시평120 ,36,"9,000"
몰딩워시평160 ,50,"10,000"
몰딩워시평200 ,28,"12,000"
몰딩워시평250 ,25,"14,000"
몰딩워시평300 ,,"18,000"
몰딩워시평400 ,,"22,000"
몰딩워시평600 ,,
몰딩워시허리몰딩 ,18,"4,500"
몰딩월낫3단대 ,-7,"6,000"
몰딩월낫3단중 ,39,"5,000"
몰딩월낫거실1-80 ,51,"6,000"
몰딩월낫거실2-70 ,34,"5,000"
몰딩월낫걸래받이 ,77,"6,000"
몰딩월낫라운드대 ,20,"12,000"
몰딩월낫라운드중 ,22,"11,000"
몰딩월낫루바마감재90*12 ,30,"8,000"
몰딩월낫문선각구 ,,"5,000"
몰딩월낫문선반달 ,46,"5,000"
몰딩월낫인코너60 ,25,"13,000"
몰딩월낫코너100 ,18,"16,000"
몰딩월낫코너40 ,-6,"13,000"
몰딩월낫코너60 ,20,"13,000"
몰딩월낫코너머리100 ,10,"13,000"
몰딩월낫코너머리60 ,10,"12,000"
몰딩월낫평 30*30개 ,60,"3,000"
몰딩월낫평 40*30개 ,58,"4,000"
몰딩월낫평 50*20개 ,37,"5,000"
몰딩월낫평 60*20개 ,66,"6,000"
몰딩월낫평 80 ,42,"7,000"
몰딩월낫평100 ,44,"8,000"
몰딩월낫평120 ,20,"9,000"
몰딩월낫평160 ,29,"10,000"
몰딩월낫평200 ,3,"12,000"
몰딩월낫평250 ,20,"14,000"
몰딩월낫평300 ,1,"18,000"
몰딩월낫평400 ,,"20,000"
몰딩월낫피이3게단 ,41,"4,000"
몰딩월낫피이중 ,20,"2,500"
몰딩월낫하박기 ,49,"6,000"
몰딩월낫허리129*15 ,5,"7,000"
몰딩인사이딩6 ,,
몰딩체리카드 ,122,
몰딩체리피이3게단 ,50,
몰딩체리피이대 ,404,
몰딩체리피이중 ,298,
몰딩펄백색50 ,,
몰딩피3단*체리 ,,
몰딩피백색2단(25*15) ,142,"3,000"
몰딩피백색2단(40*15)*30개 ,266,"3,500"
몰딩피백색평25 ,42,"2,500"
몰딩피백색평40 ,-7,"3,000"
몰딩홍송3게단 ,96,"3,500"
몰딩홍송3게단대 ,,"4,300"
몰딩홍송4게단 ,,
몰딩홍송거실80 ,38,"5,000"
몰딩홍송걸래받이 ,50,"4,000"
몰딩홍송문선각구 ,6,
몰딩홍송문선반달 ,-3,
몰딩홍송평100 ,30,"3,500"
몰딩홍송평160 ,,
몰딩홍송평200 ,,
몰딩홍송평40 ,24,"4,000"
몰딩홍송평60 ,,
몰딩홍송평80 ,32,"5,000"
몰딩홍송피3게단 ,,
몰딩홍송피이 ,109,"2,500"
몰탈1.5kg ,214,"2,000"
몰탈10kg고강도 ,12,"6,000"
몰탈10kg급결방수초속경 ,46,"14,000"
몰탈25kg한일 ,,"2,400"
몰탈급결방수고강도3Kg ,39,"7,000"
몰탈레미탈40kg*한일 ,270,"6,000"
몰탈전시멘트2K ,105,"2,000"
몰탈조적용 ,,"7,700"
못 ,-6,"1,500"
"못1""*10kg ",,"29,000"
"못1""*3k박스 ",,"20,000"
못1.1/2(38mm) ,2,"22,000"
못1.1/4(32mm)*14K ,2,"22,000"
"못2""(50mm) ",22,"19,000"
못2.5(63mm)*15K ,1,"20,000"
"못3""(75mm) ",5,"20,000"
못3.5(90mm) ,42,"19,000"
"못4""(100mm) ",5,"20,000"
"못5""(125mm) ",7,"21,000"
"못6""(150mm) ",4,"21,000"
못8*아연 ,40,"15,000"
못주머니*HK-K24모자이크3단통 ,13,"16,000"
못주머니*KH-K1노랑3단 ,26,"10,000"
못주머니*KH-K3내장3단*국방색 ,14,"10,000"
못주머니*KH-K7이라크3단 ,6,"12,000"
못주머니*폰용K-200가죽 ,9,"18,000"
못주머니*폰용K-202모자이크 ,1,"18,000"
못주머니X반도*K-53고급연두색 ,7,"20,000"
못주머니X반도K-52검정색 ,1,"15,000"
못주머니가야KL-87소 ,13,"15,000"
못주머니벨트국방*탄띠 ,24,"5,000"
못주머니벨트국방좁은것 ,23,"5,000"
못주머니벨트만초록 ,14,"8,000"
못주머니벨트얼룩좁은것 ,1,"5,000"
못주머니벨트자동바클청색 ,12,"15,000"
못주머니벨트주황패드부착 ,,"12,000"
못주머니벨트초록패드부착 ,16,"15,000"
못주머니벨트패드검정색 ,15,"4,000"
못주머니엑스반도밤색 ,1,"7,000"
못주머니전공KH-84*전공 ,5,"12,000"
못평7푼 ,4,"16,000"
못평못1인지*25 ,1,"18,000"
"몽키06""코이코 ",6,"6,000"
"몽키08""코이코 ",6,"8,000"
"몽키10""코이코 ",3,"10,000"
"몽키12""코이코 ",5,"12,000"
"몽키15""코이코 ",8,"18,000"
몽키스페너250-큐엠피 ,2,"20,000"
"몽키파이프렌지겸용10""스터비 ",2,"18,000"
"몽키포켓용10""로보스타um36ss ",12,"34,000"
"몽키포켓용12""로보스타UM48SB ",15,"51,000"
무두2 ,7,"7,000"
무두3 ,3,"10,000"
무두못 ,,"16,000"
무릎보호대 검정 ,6,"11,000"
무릎보호대*한도 ,6,"24,000"
무선전화기*유니모KSR2 ,2,"130,000"
무쇠칼 ,-6,"3,000"
무전기 ,5,"270,000"
문고리대 ,,"5,000"
문고리중 ,23,"3,000"
문발통문발 ,30,"5,000"
문양거푸집60*120격자석*20개 ,434,"2,200"
문양거푸집60*120자연석*20개 ,,"2,200"
문양거푸집60*120크랑크(1번)극* ,"1,020","2,200"
문양거푸집91*91(크랭크자연석) ,250,"2,000"
문양거푸집SJ-1021(화강석유로 ,,"2,200"
문양거푸집SJ-1071 ,90,"2,200"
문재라왕7자*15*12 ,64,"5,000"
문지방900*130 ,-2,"15,000"
문지방900*150 ,69,"15,000"
문지방900*170 ,50,"15,000"
문지방900*190 ,49,"15,000"
문지방석재*대리석 ,,"30,000"
문짝갤러리 ,,"120,000"
문틀앙카 ,890,280
문풍지몰딩형2M ,45,"9,000"
문풍지몰딩형대90CM ,27,"5,000"
문풍지털모소 ,99,"2,000"
문풍지털모헤어타입 ,,"5,000"
문풍지투명테이프 ,92,"4,000"
문풍지현대*5M스펀지 ,187,"2,200"
물받이동색*5M함석 ,37,"25,000"
물받이동색관50*1M ,76,"6,000"
물받이동색마감 ,17,"3,000"
물받이동색받침쇠함석 ,218,"1,800"
물받이동색파이프엘50엘 ,50,"4,500"
물받이동색파이프잡이쇠밴드 ,56,"1,500"
물받이동색함석모임통50 ,8,"12,000"
물비누18ℓ ,-2,"12,000"
물탱크FRP10xhs ,,"1,470,000"
물탱크FRP3톤 ,,"420,000"
물탱크뚜껑대구형 ,1,"35,000"
물탱크뚜껑아일3톤이상 ,1,"39,000"
물탱크백색농약통1000 ,,"240,000"
물탱크사각B형* 200 대성산업 ,1,"135,000"
물탱크사각B형* 400 ,4,"185,000"
물탱크사각B형* 600 ,2,"198,000"
물탱크사각B형*1000 ,2,"295,000"
물탱크사각B형*2000 ,,"520,000"
물탱크아일10톤원형청색 ,,"1,550,000"
물탱크아일2톤사각청색 ,5,"690,000"
물탱크아일3톤사각청색 ,,"1,270,000"
물탱크아일3톤원형청색 ,,"598,000"
물탱크아일5톤원형청색 ,,"930,000"
물탱크원형A형 200 대성산업 ,,"99,000"
물탱크원형A형 400 ,2,"125,000"
물탱크원형A형 600 ,3,"165,000"
물탱크원형A형1000 ,1,"225,000"
물탱크원형A형10톤 ,,"1,450,000"
물탱크원형A형2000 ,1,"390,000"
물탱크원형A형3000 ,,"498,000"
물탱크원형A형5000 ,2,"750,000"
물탱크원형A형6톤 ,,"1,100,000"
물탱크원형A형8톤 ,,"1,350,000"
물탱크피팅100 ,1,"52,000"
물탱크피팅15 ,47,"3,000"
물탱크피팅15*pvc ,5,"3,000"
물탱크피팅20 ,45,"4,500"
물탱크피팅20스텐 ,,"10,000"
물탱크피팅25 ,37,"6,000"
물탱크피팅32 ,31,"7,500"
물탱크피팅40 ,23,"10,000"
물탱크피팅50 ,20,"13,000"
물탱크피팅65 ,3,"23,000"
물탱크피팅80 ,2,"25,000"
물탱큽부속 ,-1,"10,000"
물탱트피팅40 ,33,"7,500"
물통보냉스텐통6 ,-2,"85,000"
물파스 ,-5,"2,000"
물호수 ,-205,"1,000"
물호수목장적색15*30 ,16,"27,000"
물호수목장적색15*50m ,15,"46,000"
물호수무독성15*40하늘색 ,2,"36,000"
물호수청편사15*30*말랑이 ,3,"28,000"
물호수청편사15*50*말랑이 ,1,"45,000"
물호수탱글이15*30m무독성정명 ,14,"38,000"
물호수탱글이15*50m무독성정명 ,29,"63,000"
물호수편사*15*1m ,-92,"1,000"
물호수편사*20*1m ,,"1,500"
물호수편사06*90M ,,"63,000"
물호수편사08*90M ,1,"63,000"
물호수편사09*90M ,2,"76,000"
물호수편사10*90M ,4,"79,000"
물호수편사12*90M ,1,"84,000"
물호수편사13*90M ,1,"98,000"
물호수편사16*45 ,25,"39,000"
물호수편사19*45 ,4,"56,000"
물호수편사25*45 ,1,"88,000"
물호수편사32*45 ,2,"149,000"
물호수흑편사16*30 ,13,"25,000"
물호수흑편사16*50 ,-4,"36,000"
물호수흑편사19*45 ,3,"50,000"
물호수흑편사25*45 ,3,"90,000"
미끄럼방지액 ,,"15,000"
미니벤트로즈115 ,,"4,500"
미니복스센트8/3*2/1 ,2,"20,000"
미니양깔깔이8/3*2/1렌지 ,2,"13,000"
미니코너도라이버*선키 ,,"27,000"
미니톱손잡이 ,35,"1,000"
미라클망 ,,"255,000"
미라클픽스(혼합접착제) ,20,"6,000"
미송루바V홈12자(8장)12T ,80,"54,000"
미송루바V홈8자(8장)*110 ,177,"42,000"
미수무리 ,-507,300
미식고리엘자 ,198,300
미장다라적색 ,20,"10,000"
미장다라파란통만 ,9,"15,000"
미장다라파란통상부 ,7,"18,000"
미장다라파란통하부` ,1,"35,000"
미장다라흑색 ,28,"7,500"
미장다라흑색타원형 ,18,"7,500"
미장붓 검은색 ,19,"9,000"
미장오리신발 ,3,"49,500"
미장잣대6자*8.5T*40개 ,50,"1,800"
미장잣대8자*40*27개가베용 ,544,"2,500"
미장잣대8자*60*20개 ,39,"3,000"
미장칼기리스기 ,7,"5,000"
미장칼기리스기스텐대 ,-2,"11,000"
미장칼대 ,,"12,000"
미장칼스펀지황토색 ,2,"7,000"
미장판받침대 ,27,"11,500"
믹서기날*08미리*소*페인트 ,-1,"8,000"
믹서기날*08미리*중*페인트 ,11,"8,000"
믹서기날*10미리*대*페인트 ,,"9,000"
믹서기날*대13미리프로펠라 ,3,"9,000"
믹서기날*소8미리프로펠라 ,5,"7,000"
믹서기날4지창*10동양은색 ,6,"13,000"
믹서기날4지창*8동양검정 ,2,"11,000"
믹서기날4지창*동양셋트 ,2,"33,000"
믹서기날드릴심보 ,4,"11,000"
믹서기날삼지창검정세트* ,1,"24,000"
믹서기날삼지창심보포함 ,1,"24,000"
믹스앤픽스수중용 ,-10,"6,500"
밀대검정3자90cm ,16,"17,000"
밀대검정76cm ,6,"14,000"
밀대고무소*45*빨강 ,,"12,000"
밀대고무소*55빨강.검정 ,1,"13,000"
밀대고무톱니녹색 ,1,"12,000"
밀대스펀지60cm ,22,"14,000"
밀대스펀지90cm ,1,"17,000"
밀대이중밀대45cm유리닦이 ,20,"11,000"
밀대지하철*2.5자흑색고무재질 ,11,"17,000"
밀워키임팩12vBID202c ,,"228,000"
밀워키충전0샌딩기5.0a ,,"418,000"
밀워키충전18MFID#-502X5.0 ,2,"520,000"
밀워키충전그라인다툴 ,,"350,000"
밀집모자 ,64,"5,000"
밀집모자*대 ,55,"7,000"
바가지사각곡물(소) ,18,"5,000"
바가지사각곡물(중) ,8,"6,000"
바가지자루 대 18cm,15,"2,500"
바가지자루 소 15cm,10,"2,000"
바가지자루왕대 22cm ,26,"3,000"
바닥솔*소 ,24,"3,500"
바닥솔*특대 ,16,"5,000"
바닥솔4자야자수테니스 ,5,"53,000"
바닥솔4자프라스틱테니스 ,5,"53,000"
바닥솔야자수레미콘솔 ,5,"8,000"
바닥용마개50스텐 ,,"10,000"
바베큐불판스탠드대 ,2,"45,000"
바베큐불판탱크7000 ,1,"72,000"
바베큐불판탱크대A ,3,"35,000"
바베큐불판탱크특대6000 ,1,"70,000"
바베큐철망대*드럼용*30개 ,122,"4,000"
바베큐철망소*30개 ,7,"2,000"
바베큐철망중*30개 ,88,"2,500"
바베큐화로불멍 ,1,"59,000"
"바이스롱로즈형록킹11"" ",5,"12,000"
바이스크립10WR어윈*5개 ,20,"22,000"
바이스크립11SP어윈*C형 ,3,"47,000"
바이스크립5WR어윈 ,4,"22,000"
바이스크립6LN어윈롱로즈 ,4,"22,000"
바이스크립9헨슨롱로즈 ,4,"22,000"
바이스크립용접8R어윈 ,4,"33,000"
바이스크립용접9R ,6,"35,000"
바이스크립원형고리형 ,8,"24,000"
바이스플아이어크닉펙스*독일 ,,"18,000"
바퀴*무소음*3회전청색 ,20,"9,000"
바퀴*무소음*4고정투명 ,3,"11,000"
바퀴*무소음*4우레탄볼트BK ,,"13,000"
바퀴*무소음*4회전청색 ,,"13,000"
바퀴*무소음*4회전투명 ,21,"13,000"
"바퀴*무소음*5""고정청색 ",8,"18,000"
"바퀴*무소음*5""회전청색 ",4,"19,000"
바퀴1.0고정 ,6,"1,000"
바퀴1.0회전 ,32,"1,500"
바퀴1.5고정 ,18,"1,500"
바퀴1.5브레이크 ,45,"2,500"
바퀴1.5회전 ,24,"1,800"
바퀴2.0고정 ,12,"2,000"
바퀴2.0브레이크 ,97,"3,000"
바퀴2.0회전 ,38,"2,500"
바퀴2.5고정 ,56,"4,000"
바퀴2.5브레이크 ,33,"5,000"
바퀴2.5회전 ,56,"4,500"
바퀴3.0고정 ,30,"6,000"
바퀴3.0브레이크 ,31,"8,000"
바퀴3.0회전 ,36,"7,000"
바퀴4.0고정 ,35,"7,000"
바퀴4.0브레이크 ,15,"9,000"
바퀴4.0회전 ,30,"8,000"
"바퀴5""볼트브레이크 ",4,"9,000"
바퀴5.0고정 ,18,"8,000"
바퀴5.0브레이크 ,16,"9,000"
바퀴5.0회전 ,7,"10,000"
"바퀴6""경량고정 ",10,"13,200"
"바퀴6""경량브레이크 ",8,"16,500"
"바퀴6""경량회전 ",10,"15,400"
바퀴광폭4*광폭고정 ,4,"13,500"
바퀴광폭4*광폭브레이크 ,5,"16,500"
바퀴광폭4*광폭회전 ,15,"14,500"
바퀴광폭4*중량고정 ,12,"13,000"
바퀴광폭5*광폭고정 ,16,"17,600"
바퀴광폭5*광폭브레이크 ,,"18,700"
바퀴광폭5*광폭회전 ,2,"17,600"
바퀴광폭6*광폭고정 ,7,"26,400"
바퀴광폭6*광폭회전 ,,"28,600"
바퀴달린방석310*165 ,4,"30,000"
바퀴달린의자110 ,1,"17,000"
"바퀴만4"" ",,"5,000"
"바퀴만5"" ",,"6,000"
바퀴스텐3.0회전검정 ,,"18,000"
바퀴앵글로라V1.4/1노랑 ,13,"4,500"
바퀴앵글로라V1.5 ,17,"5,000"
바퀴앵글로라V2.0 ,43,"5,000"
바퀴앵글로라V2.5 ,21,"7,000"
바퀴앵글로라V3.0 ,24,"9,000"
바퀴중량3*중량브레이크 ,4,"13,000"
바퀴중량3*중량회전 ,28,"12,000"
바퀴중량4*중량브레이크 ,17,"14,000"
바퀴중량4*중량회전 ,15,"14,000"
바퀴중량5*중량고정 ,10,"16,500"
바퀴중량5*중량브레이크 ,19,"19,800"
바퀴중량5*중량회전 ,8,"17,600"
바퀴중량6*중량고정 ,8,"17,600"
바퀴중량6*중량브레이크 ,7,"22,000"
바퀴중량6*중량회전 ,25,"19,800"
바퀴파이프U로라2.0 ,23,"5,000"
바퀴파이프U로라2.5 ,15,"7,000"
"바퀴파이프U로라3.0"" ",14,"8,000"
"박공벤트환기창18""팔각 ",,"25,000"
"박공벤트환기창22""팔각*P ",1,"27,000"
박리제*미래콘유성 ,7,"44,000"
박리제드럼*수성 ,1,"375,000"
박리제드럼*유성 ,1,"330,000"
박스이사짐용파랑색600*400*470 ,6,"11,000"
박스이사짐용파랑색700*450*500 ,17,"12,000"
반대탭(빠꾸탭)#7 (15A) ,3,"7,000"
반대탭(빠꾸탭)#7.5 (15A) ,6,"8,000"
반대탭(빠꾸탭)#8 (20A) ,2,"10,000"
반대탭셋트*5P ,1,"8,000"
반드럼바베큐불고판*금강90*60 ,7,"82,000"
반사테이프*황/검100*45M*호랑이 ,1,"36,000"
반사테이프*황/검50*45M*호랑이 ,2,"20,000"
반사테이프100*50m형광고휘도 ,2,"90,000"
반사테이프50*50M*노랑고휘도 ,2,"55,000"
반사테이프50*50M*적색고휘도 ,9,"55,000"
반사테이프50*50M*형광고휘도 ,5,"55,000"
반사테이프미터당100*M당 ,95,"3,000"
반사테이프미터당50mm폭*M당 ,92,"1,500"
반사테이프주차금지 ,5,"4,000"
반새들15 ,4,"6,000"
반새들22 ,6,"16,000"
반생 ,51,
반생*10번*9K ,104,"19,000"
반생*6번(A)8kg부드러운것 ,60,"19,000"
반생*6번*9K ,102,"19,000"
반생*8번*10K ,28,"19,000"
반생걸이 ,565,"1,100"
반생걸이스크류14mm ,,700
반생기리10*600 ,8,"7,000"
반생기리12*1000 ,5,"9,000"
반생기리12*600 ,17,"7,000"
반생기리16*1000 ,-4,"13,000"
반생기리16*400 ,-1,"10,000"
반생기리19*400 ,-3,"13,000"
반생기리화살촉60cm ,10,"10,000"
반생기리화살촉90cm ,10,"11,000"
반생직100 ,,
반생직120 ,,
"반컵스텐브러쉬4"" ",18,"5,000"
"반컵철브러쉬4"" ",52,"2,500"
"반컵철브러쉬7"" ",13,"5,000"
반품 ,43,
받침쇠단쇠1.5 ,32,"1,000"
받침쇠대190 ,45,"1,000"
받침쇠대자190 ,,"1,100"
받침쇠스레트쇠 ,,800
받침쇠왕대 ,-39,"1,500"
받침쇠장쇠 ,85,"1,100"
받침쇠중120 ,91,"1,000"
발브레다액션*모타*1.5마력 ,1,"183,000"
발브레다액션38*10M ,,"195,000"
발브레다액션38*3M신양 ,,"120,000"
발브레다액션38*5 ,6,"105,000"
발브레다액션38*6 ,1,"116,000"
발브레다액션38*7 ,2,"125,000"
발브레다액션38*8 ,1,"155,000"
발브레다액션38*9M ,1,"169,000"
발브레다액션45*10M두영 ,,"195,000"
발브레다액션45*5신영 ,3,"125,000"
발브레다액션45*6신영 ,1,"125,000"
발브레다액션45*7신영 ,1,"150,000"
발브레다액션45*8인성 ,2,"165,000"
발브레다액션45*9두영 ,1,"189,000"
발브레다액션주각T부속 ,,"5,000"
발브레다액션축부속 ,1,"12,000"
발브레다액션핸드*32신영 ,1,"230,000"
발브레다엔진*방진고무 ,,"8,000"
발브레다엔진*엔진축 ,,"16,000"
발브레다엔진수리비 ,,"100,000"
발브레다엔진양수기5.5혼다GX160 ,2,"598,000"
발브레다후렉시볼구찌원터치 ,3,"13,000"
발브레다후렉시볼소방아답타65*7 ,11,"16,000"
발브레다후렉시볼펌프*소방용 ,,"180,000"
발브레다후렉시볼펌프10M ,,"283,000"
발브레다후렉시볼펌프5M ,1,"198,000"
발브레다후렉시볼펌프6M ,1,"215,000"
발브레다후렉시볼펌프7M ,1,"232,000"
발브레다후렉시볼펌프8M ,1,"285,000"
발브레다후렉시볼펌프9M ,2,"320,000"
발수제수성바니씰제로 ,5,"45,000"
발열조끼에스파라 ,3,"110,000"
발전7K기야마하중고 ,,"950,000"
발전기5.5K혼다수동ES5000 ,,"1,400,000"
발전기5.5K혼다자동쎄루 ,,"2,050,000"
발전기5.5마력KH6000E수동종센 ,,
발전기7.5K혼다수동 ,,"1,716,000"
발전기7.5K혼다자동쎄루자 ,,"2,450,000"
발전기YG8000DAE야마하 ,,"1,930,000"
발전기기름스위치 ,,"27,000"
발전기밧데리 ,,"60,000"
발전기부속방우형콘센트 ,,"45,000"
발전기수리 ,,"190,000"
발전기임대료 ,,"70,000"
발전기판넬콘센트 ,,"12,000"
발전기휴대용ex파워eng-2500 ,,"700,000"
발코니난간대 ,,"25,300"
발판스위치 ,1,"68,000"
발판스위치*철근밴딩기 ,,"77,000"
발판스위치*철근밴딩기콘넥타대 ,,"7,000"
발판알미늄1조(2개) ,1,"330,000"
밤라이트못100g ,-13,"1,000"
밤라이트못25mm ,15,"23,000"
밧데리보쉬36V*4.0 ,,"390,000"
방동제쌍곰얼지마 ,3,"25,000"
방동제테라코안얼어 ,,"21,000"
방범창 ,,"40,000"
방범창700*500 ,,"30,000"
방부목(13자)390*21*120*날개 ,97,"12,000"
방부목(13자)390*28*120*날개\ ,8,"14,000"
방부목(13자)390*28*140*날개\ ,14,"17,000"
방부목120*120\(5*5) ,,"52,000"
방부목140*140\(6*6) ,8,"88,000"
방부목15*95*레드파인 ,690,"7,500"
방부목20*120레드파인 ,800,"11,000"
방부목25*140레드파인 ,673,"14,500"
방부목40*140\(2*6)라메코 ,218,"23,000"
방부목40*292\(2*12)계단 ,-3,"53,000"
방부목40*40\(2*2)6입 ,472,"7,000"
방부목40*90\(2*4) ,549,"15,000"
방부목90*90\(4*4) ,13,"36,000"
방부목기초석블럭4*4 ,149,"11,000"
방부목기초석블럭6*6 ,16,"14,000"
방부목싸이딩17*140*12자 ,24,"15,500"
방부목원주목100 ,12,"39,000"
방부목원주목40 ,23,"12,000"
방부목원주목70 ,57,"33,000"
방부목철심6*6*PAB ,20,"22,000"
방부목철심dfc4*4*PAB ,25,"13,000"
방부목캡90*90철캡검정 ,54,"4,000"
방부목캡90*90철캡금색 ,10,"4,000"
방부목캡90*90철캡실버 ,,"4,000"
방수등 ,-8,"5,000"
방수등LED직부등욕실등 ,12,"13,000"
방수등직부등LED비츠온20w ,20,"10,000"
방수등컵B/R벽체용 ,11,"9,000"
방수멀티텝10M ,-2,
방수분말웰스탑 ,6,"3,000"
방수비대 ,86,"4,000"
방수비소 ,90,"3,000"
방수스프레이방수제*일신 ,15,"6,000"
방수스프레이코팅제침투성3M ,13,"12,000"
방수시트2*10M*아튼*부직포형 ,4,"40,000"
방수액고막스수성화장실용 ,10,"64,000"
방수액급결2ℓ바르네 ,14,"5,000"
방수액급결말통18ℓ ,13,"32,000"
방수액급결웰스탑(분말)지수재 ,4,"9,000"
방수액완결바르네*2ℓ ,10,"3,000"
방수액완결바르네*테라코6ℓ ,18,"8,000"
방수와샤 ,-4,"6,000"
방수제곰팡이제로 ,3,"16,000"
방수제워터킵퍼 ,,"15,000"
방수제칠만표CMW-1A액상*분말 ,3,"36,000"
방수천타이팩1.5*50M ,,"98,000"
방수테이프*스틱스슈퍼밴드루프 ,7,"15,000"
방수테이프TNC100*10미터 ,,"50,000"
방수테이프TNC100*1미터물탱크 ,10,"6,000"
방수테이프TNC50*10미터 ,,"25,000"
방수테이프TNC50*1미터물탱크 ,11,"3,000"
방수테이프초강력방수유틸리티50 ,4,"16,000"
방수포15*20 ,,
방수피스10*20(200개)청색 ,31,"10,000"
방수피스10*25*200개청색 ,30,"11,000"
방수피스10*32*200개청색 ,22,"12,000"
방수핀D.N핀32*23 ,394,85
방염필림1200*50 ,-30,"300,000"
방울집게 ,9,"7,000"
방진복일회용원피스*방수백색 ,47,"7,000"
방진복일회용작업복원피스 ,113,"3,500"
방진복일회용작업복주머니부착 ,-105,"3,500"
방진복작업복투피스 ,40,"3,500"
방청제남방ARA505건성피막 ,,"150,000"
방충망 ,2,
방충망*미터당스텐3.5자 1m,-2,"12,000"
방충망*미터당스텐4.0자 1.2m,25,"14,000"
방충망*미터당알미늄3자** ,32,"9,000"
방충망*미터당알미늄4자** ,4,"10,000"
방충망*미터당초미세*1.3* ,17,"8,000"
방충망고무오형가스켓1롤6mm ,1,"24,000"
방충망고무오형가스켓M당 ,-19,500
방충망로라 ,28,"3,000"
방충망롤스텐3.5자*30M 24메쉬,3,"270,000"
방충망롤스텐4.0자*30M 24메쉬,2,"296,000"
방충망롤알미늄3자*30m ,1,"137,000"
방충망롤알미늄4자*30m ,,"124,000"
방충망롤초미세1.3*30M ,2,"176,000"
방충망자동도어체크카바1000 ,1,"20,000"
방충망자동도어체크카바1200 ,3,"39,000"
방충망자동문1000*2100*무턱이 ,1,"110,000"
방충망자동문1000*2100고급형 ,,"85,000"
방충망자동문1000*2100일반 ,18,"82,000"
방충망자석 90*2100*방문용칼라 ,3,"10,000"
방충망자석100*210*방문용 ,-2,"11,000"
방충망자석120*210*현관용 ,1,"11,000"
방충망쫄대.대원*100개 ,92,"1,700"
방충망쫄대갈색프라스틱 ,464,"1,000"
방충문그릴망마춤 ,,"340,000"
방통테이프10*90*50M ,,"47,000"
방풍비니루0.1*4자미터당 ,34,"1,500"
방풍비니루0.1*5자미터당 ,52,"2,000"
방풍비니루0.1*6자미터당 ,-132,"2,500"
방한모 ,-11,"8,000"
방한모자비니 ,31,"3,000"
방한모자털모레자검정색 ,10,"8,000"
방한목도리겸모자멀티 ,18,"5,000"
방한목도리체크무늬 ,-13,"3,000"
방한화 ,-3,"29,000"
방화문고무바킹 ,17,"6,000"
방화문보조키 ,15,"12,000"
방화문볼트 ,4,"5,000"
방화문셋트*갈바1000*2100 ,2,"250,000"
방화문셋트*갈바900*1800우측 ,1,"250,000"
방화문셋트*갈바900*2100우측 ,1,"250,000"
방화문셋트칼라800*1800우측 ,-4,"250,000"
방화문셋트칼라800*2000무늬좌 ,1,"250,000"
방화문셋트칼라900*1800우측 ,1,"250,000"
방화문셋트칼라900*2000회색 ,2,"250,000"
방화문셋트칼라900*2100아이보좌 ,1,"275,000"
방화문손잡이컵핸들 ,,"13,000"
방화문아교도시6 ,8,"5,000"
방화문오도시매립6 ,6,"6,000"
방화문칼라5*7무늬 ,2,"380,000"
배관세척제A형 ,-2,"35,000"
배관세척제B형 ,-2,"40,000"
배관스텐고무밴드100 ,-4,"5,000"
배송비 ,1,
배수로트렌치200*27*1m ,1,
배수로피스 ,58,150
배수로핀 ,10,"1,000"
"백고지8/3*10""목재용 ",57,"1,000"
"백고지8/3*5""목재용 ",54,300
"백고지8/3*6""*목재용 ",125,400
"백고지8/3*8""목재용 ",100,500
백선철08번 ,1,"113,000"
백시멘트*유니온II*20k ,20,"9,000"
백시멘트초속경방수1.5㎏ ,33,"5,000"
백업제06*1000미터 ,10,"20,000"
백업제08*1000M ,5,"38,000"
백업제10*1000M ,2,"48,000"
백업제15*500M ,4,"43,000"
백업제1단*20*250개 ,105,"88,000"
백업제1단*25*200개 ,3,"98,000"
백업제1단*30*100개 ,4,"66,000"
백업제1단*35*100개 ,6,"87,000"
백업제1단40*100개 ,2,"63,000"
백업제1단50*50개 ,3,"110,000"
백업제20*2M*250개 ,35,"1,200"
백업제25*2M*200개 ,100,"1,300"
백업제30*2M*100개 ,20,"1,500"
백업제35*2M*100개 ,-68,"1,800"
백업제40*2M*50개 ,50,"2,300"
백업제50*2M*50개 ,8,"2,600"
백유리 ,418,100
백회*마그네샤*석회12K ,72,"3,000"
밴딩기철SSE19크립결속기 ,3,"45,000"
밴딩기피피용조임기PST-100 ,3,"69,000"
밴딩기피피용크립결속기PSE-19 ,4,"45,000"
밴딩기피피하조기셋트 ,,"116,000"
밴딩철밴드19mm ,,"85,000"
밴딩철밴드25mm ,,"98,000"
밴딩철크립19 ,,"15,000"
밴딩철크립25 ,1,"17,000"
밴딩파이프25*300 ,25,"36,000"
밴딩피피밴딩-수동18mm ,31,"23,000"
밴딩피피밴딩크립18mm ,2,"11,000"
버섯기리국산12.5*엑스탑 ,42,"10,000"
버섯기리일제12.5 ,9,"18,000"
버터플라이어65A기어타입 ,,"140,000"
버팔로몽키12 ,3,"21,000"
버팔로몽키15 ,-1,"40,000"
버팔로몽키18-450 ,1,"72,000"
번개탄 ,2,"10,000"
번개탄아래로탄*40개 ,,
베아링32220 ,,"120,000"
베아링6208Z ,,"15,000"
베아링6310*동산 ,15,"14,000"
베아링케이스P208 ,,"6,000"
베어링슈벨5톤 ,2,"96,000"
"벤지8""*B급코이코 ",33,"6,000"
"벤지로버스타8""*2508P ",5,"24,000"
"벤지로버스타8""압착225CSC-225 ",4,"38,000"
"벤지로버스타8""압착2508CP ",7,"30,000"
벤지압착*일제후지아 ,,"27,000"
"벤지압착9""제스트 ",,"13,000"
벤지플라이어야B급뿌라야 ,33,"7,000"
벤취다리 ,,"100,000"
벨트50*잡색*웰빙끈 ,3,"20,000"
벨트B47 ,4,"5,000"
벨트B형-38 ,-1,"4,000"
벨트B형85 ,-11,"9,000"
벨트렌지500편한손 ,4,"8,000"
벽걸이형전기컨넥타1500 ,,"108,000"
벽걸이형전기컨넥타750 ,1,"98,000"
벽돌(시멘트) ,"22,349",200
벽돌1빠렛트 ,-6,"121,000"
벽돌내화벽돌 ,585,"3,500"
벽돌숨구멍*500 ,,480
벽돌지게 ,6,"14,000"
벽면절단기물모타 ,,"50,000"
벽면절단기파트너스틸엔진 ,,"1,800,000"
벽면캡 ,-2,"10,000"
변기솔원형 ,14,"3,000"
변기솔컵원형 ,28,"4,500"
변기압축기고무 ,20,"4,000"
변기압축기삼중 ,12,"7,000"
변기압축기피스톤 ,38,"5,000"
별렌지*5P*임팩용*75 ,11,"10,000"
별렌지*5p*임팩용*100 ,16,"13,000"
별렌지*5p*임팩용*150알덴 ,6,"23,000"
별렌지셋트9p SB-SFTS9 ,6,"10,000"
별렌지셋트롱9피ssw ,1,"15,000"
별렌지접이식셋트7P ,11,"10,000"
볏거적1*60 ,,"28,000"
볏집잠복소30cm*20미터 ,,"20,000"
볏집잠복소45cm*20미터 ,,"30,000"
보강토250*m2당 ,-1,"40,000"
보강토450W*350*200H*45개금 ,,"8,500"
보강토500*425폭*250높이M2*8개 ,,"48,000"
보강토500*450*250H*20개태 ,,"8,500"
보강토500W*410*250*30개적색 ,330,"8,500"
보강토500W*410*250*30개회색 ,71,"8,500"
보강토그리드2m*50m*6T ,,"320,000"
보강토마감캡평적색*54개 ,45,"6,000"
보강토마감캡평회색*54개 ,57,"6,000"
보강토시공자재포함m2당 ,,"110,000"
보강토집게학가5호 ,1,"190,000"
보강토집게학가7호중 ,,"180,000"
보강토집게학가삼각형7호대 ,2,"200,000"
보냉가방 ,-18,"8,500"
보도블럭*S자장당적색*680장17헤 ,300,500
보도블럭투수1빠렛트19M2 ,10,"439,000"
보도블럭투수200각개당 ,"2,113","1,000"
보도블럭투수200각블랙 ,"1,225","1,000"
보도블럭투수200각아이보리 ,491,"1,000"
보도블럭투수200각주황색 ,"2,940","1,000"
보도블럭투수200각회색 ,521,"1,000"
보드시멘트4*8*6m/m ,1,"22,000"
보드시멘트4*8*9m/m ,,"29,000"
보로지900*1800(배관용 ,,400
보쉬982척아답타 ,1,"19,000"
"보쉬고속절단기14"" ",1,"200,000"
보쉬공구함악세사리박스 ,1,"70,000"
"보쉬그라인다4""GWS6-100* ",5,"72,000"
"보쉬그라인다7""GWS22-180 ",1,"265,000"
"보쉬그라인다9""GWS22-230 ",1,"295,000"
보쉬드릴GBM-6RE ,,"85,000"
보쉬드릴GSB-10RE ,1,"105,000"
보쉬드릴GSB-13RE ,1,"120,000"
보쉬만조4*조(안쪽바깐쪽) ,10,"8,000"
보쉬믹서드릴GBH1600RE ,,"140,000"
보쉬밧데리18V6.0A ,-2,"135,000"
보쉬샌딩기GSS-18-L1베어툴 ,-1,"330,000"
보쉬송풍기GBL800E ,,"91,000"
보쉬열풍기630 ,,"135,000"
보쉬열풍기GHG15-50-1600w ,1,"75,000"
"보쉬원형톱7""*190GKS ",,"150,000"
"보쉬원형톱9""*235 ",1,"250,000"
보쉬직소GST65E속도조절 ,,"145,000"
보쉬직소GST750 520W,1,"82,000"
보쉬직소GST75BE ,2,"163,000"
보쉬충전그라인다18v-7베어툴 ,,"184,000"
보쉬충전그라인다GWS18V-L5.0ah ,2,"490,000"
보쉬충전그라인다밧데리18v ,,"135,000"
보쉬충전그라인다충전기18V ,,"150,000"
보쉬충전드릴3.6V-IXO ,2,"50,000"
보쉬충전임팩드라GDR18V-200 5.0 ,1,"370,000"
보쉬충전임팩렌지드라이버18V5.0 ,,"399,000"
보쉬컷소GSA1100E ,1,"210,000"
보쉬컷소GSA1PV-L1베어툴 ,,"168,000"
보쉬컷소충전본체만GSA18V ,,"220,000"
보쉬파괴함마5X* ,,"420,000"
보쉬함마드릴18V-26베어툴 ,-1,"420,000"
보쉬함마드릴2*26*DRE노미겸용 ,1,"310,000"
보쉬함마드릴GBH2-26겸용 ,1,"270,000"
보쉬함마드릴GBH5-38X겸용 ,1,"550,000"
보쉬해머드릴GBH5-38D막스 ,,"627,000"
보쉬해머뿌레카GSH*5막스 ,1,"480,000"
보쉬헤지컷터전기ASH45-16 ,2,"188,000"
보안경 ,73,"3,000"
보안경*김서림방지 ,43,"4,000"
보안경*제일탁카 ,170,"4,000"
보안경3MAP302SG회색 ,,"22,000"
보안경KR-SG5-차안388호그린 ,5,"12,000"
보안경KR실버미라 ,9,"7,000"
보안경KR프안195호*노랑 ,10,"8,000"
보안경고글Light ,44,"3,000"
보안경고글MSO-72B명신 ,19,"5,000"
보안경고글S-301AX오토스 ,45,"5,000"
보안경나비5번 ,-2,"6,000"
보안경나비8번 ,,"6,000"
보안경나비노랑*대명 ,40,"6,000"
보안경나비투명 ,23,"6,000"
보안경녹색*대 ,27,"5,000"
보안경명신67B ,,
보안경명신96A ,,
보안경뷔르트0899 ,333,"5,000"
보안경수은 ,3,"5,000"
보안경투명 포니 ,40,"4,000"
보안경투명노랑검정 ,20,"5,000"
보안경편광w-602블루 ,45,"12,000"
보안경편광w-702노랑 ,16,"12,000"
보양지1*40m*골판지 ,14,"24,000"
보양지P900*1800*3T플라베니아 ,,"3,000"
보온덮개10M*1.8 ,28,"14,000"
보온덮개15m*0.9m ,19,"11,000"
보온덮개15m*1.8m ,114,"22,000"
보온덮개20m*1.8m ,11,"48,000"
보온동카바15*20티 ,,"2,000"
보온동카바50*20티 ,,"3,000"
보온동카바65*20티 ,,"4,000"
보온동카바80*20티 ,,"4,000"
보온등갓 ,1,"24,000"
보온등갓*극동 ,,"18,000"
보온카바1티*100k ,26,"6,000"
보온카바1티*15k(1단150개) ,459,"1,800"
보온카바1티*20K*100개 ,346,"2,000"
보온카바1티*25k*100개 ,178,"2,200"
보온카바1티*32k*100개 ,138,"2,500"
보온카바1티*40k(1단75개) ,86,"3,800"
보온카바1티*50k(1단50개) ,23,"4,400"
보온카바1티*65K(1단40개) ,62,"5,000"
보온카바1티*80K(1단30개) ,30,"6,000"
보온카바2티*100(1단15개) ,22,"11,000"
보온카바2티*15(1단50개) ,434,"4,000"
보온카바2티*20(1단50개) ,134,"4,500"
보온카바2티*25(1단50개) ,117,"5,000"
보온카바2티*32(1단50개) ,78,"6,000"
보온카바2티*40(1단50개) ,69,"7,000"
보온카바2티*50(1단40개) ,45,"7,500"
보온카바2티*65(1단30개) ,61,"8,000"
보온카바2티*80(1단25개) ,14,"9,000"
보온카바유리면 50*25T ,19,"4,000"
보온카바유리면200*25T*10M닥트 ,3,"45,000"
보온카바유리면300*25T*10M닥트 ,3,"70,000"
보일러가스보일러연통75A ,1,"19,000"
보일러기름노즐붓싱(경동)1/2*1/ ,12,"1,500"
보일러기름노즐붓싱(귀뚜라미 ,15,"3,000"
보일러뚜껑고리 ,,"1,000"
보일러뚜껑스텐 ,2,"12,000"
보일러뚜껑원형3*3 ,-1,"28,000"
보일러물탱크사각 ,,"5,000"
보일러물통1구 ,8,"3,000"
보일러물통2구 ,4,"3,000"
보일러보충수탱크18ℓ*소 ,,"5,000"
보일러속뚜껑 ,,"5,000"
보일러순환기엘티엠 ,,"38,000"
보일러안전변15*대진 ,8,"10,000"
보일러온도조절기리미트 ,,"12,000"
보일러하이원다대 ,38,"2,000"
보일러하이원물통 ,4,"10,000"
보일러호수18*50 ,1,"19,000"
보차도용콘크리트블럭6T*M당적색 ,,"13,000"
보차도용콘크리트블럭6T*M당회색 ,,"12,000"
보호면예초기망사노랑 ,8,"11,000"
보호면예초기망사빨강*한도 ,,"14,000"
복스대수동2/1*300*킹토닉 ,2,"26,000"
복스대수동4/3*450킹토닉 ,1,"40,000"
복스비트08 ,205,"1,500"
복스비트09 ,27,"1,500"
복스비트10 ,29,"1,500"
복스비트11 ,42,"1,500"
복스비트12 ,27,"2,000"
복스비트13 ,67,"2,500"
복스비트14 ,40,"2,500"
복스비트롱 14킹토닉 ,-2,"9,000"
복스비트롱 17킹토닉 ,-7,"12,000"
복스비트롱 19킹토닉 ,,"13,000"
복스비트롱*110*08~14*JEUS ,30,"6,000"
복스비트롱*110*17~19*JEUS ,12,"7,000"
복스비트롱08신바람 ,24,"6,000"
복스비트롱10신바람 ,5,"7,000"
복스비트롱11신바람 ,12,"8,000"
복스비트롱12신바람 ,9,"8,000"
복스비트롱13신바람 ,40,"9,000"
복스비트롱14신바람 ,14,"9,000"
복스비트롱17신바람 ,15,"12,000"
복스비트롱19신바람 ,27,"13,000"
복스비트롱21신바람 ,6,"14,000"
복스비트롱24 ,3,"15,000"
복스비트롱Z-SLLB180*13 ,3,"12,000"
복스비트롱Z-SLLB180*14 ,4,"13,000"
복스비트롱Z-SLLB180*17 ,3,"14,000"
복스비트롱Z-SLLB180*19 ,4,"16,000"
복스비트아답타2/1겐조 ,-2,"16,000"
복스비트아답타2/1코쇼안 ,,"11,000"
복스셋트2/1*17p ,2,"55,000"
복스셋트2/1*24썬키 ,1,"109,000"
복스셋트8/3*21p썬키 ,1,"52,800"
복스셋트핸드소켓롱10-24*10개 ,1,"40,000"
"복스아답타1/2""*3/8 ",3,"3,000"
복스아답타1/2*케이디와이 ,6,"9,000"
복스아답타2/1*루비콘 ,28,"4,000"
복스아답타2/1*엠케케 ,18,"10,000"
복스아답타3/8*케이디와이 ,4,"8,000"
복스아답타8/3콤파스 ,18,"4,000"
복스아답타비트8/3MKK ,-2,"10,000"
복스아답타임팩4/3*2/1 ,2,"9,000"
복스알1/2-08 ,10,"2,500"
복스알1/2-09 ,4,"2,500"
복스알1/2-10 ,18,"2,500"
복스알1/2-11 ,7,"2,500"
복스알1/2-12 ,14,"2,500"
복스알1/2-13 ,16,"3,000"
복스알1/2-14 ,13,"3,000"
복스알1/2-15 ,17,"3,500"
복스알1/2-16 ,20,"4,000"
복스알1/2-17 ,15,"4,000"
복스알1/2-18 ,7,"5,000"
복스알1/2-19 ,9,"6,000"
복스알1/2-20 ,1,"6,000"
복스알1/2-21 ,8,"6,000"
복스알1/2-22 ,14,"6,000"
복스알1/2-23 ,19,"6,000"
복스알1/2-24 ,9,"6,000"
복스알1/2-25 ,18,"7,000"
복스알1/2-26 ,7,"7,000"
복스알1/2-27 ,10,"8,000"
복스알1/2-28 ,9,"8,000"
복스알1/2-29 ,11,"8,000"
복스알1/2-30 ,3,"9,000"
복스알1/2-32 ,7,"9,000"
복스알롱2/1*08 ,6,"6,000"
복스알롱2/1*10 ,9,"6,000"
복스알롱2/1*11 ,5,"6,000"
복스알롱2/1*12 ,11,"6,000"
복스알롱2/1*13 ,23,"6,000"
복스알롱2/1*14 ,4,"6,000"
복스알롱2/1*17 ,17,"7,000"
복스알롱2/1*19 ,8,"8,000"
복스알롱2/1*21 ,3,"8,000"
복스알롱2/1*24 ,3,"9,000"
복스알롱2/1*27 ,6,"12,000"
복스알롱2/1*29 ,10,"11,000"
복스자동대2/1대만 ,8,"16,000"
복스자동대2/1세신 ,4,"22,000"
복스자동대2/1제스트 ,4,"12,000"
"복스중간대연결대2/1*10"" ",9,"12,000"
복스중간대연결대2/1*2* ,15,"4,500"
복스중간대연결대2/1*3 ,6,"5,000"
복스중간대연결대2/1*5 ,11,"7,000"
"복스중간대연결대2/1*6"" ",6,"8,000"
복스중간대연결대2/1*7 ,1,"10,000"
"복스중간대연결대2/1*8"" ",2,"11,000"
복스중간대연결대4/3*12 ,3,"25,000"
"복스중간대연결대4/3*16"" ",1,"35,000"
"복스중간대연결대4/3*8"" ",3,"20,000"
본드 ,-47,"3,500"
본드*나사볼트록타이트277 ,-1,"23,000"
본드G2유승10K스치로폴용 ,3,"35,000"
본드꼭지 ,-42,"2,800"
본드다목적파텍스 ,15,"5,000"
본드돼지표D-5250*1K공업용 ,15,"18,000"
본드돼지표D-5250쥬브140g ,17,"5,000"
본드돼지표D-5800말 ,,"122,000"
본드돼지표쥬브D-5251 ,583,"1,000"
본드돼지표쥬브피브시 ,218,"1,000"
본드신발접착제 ,10,"4,000"
본드에폭시쥬브*매직 ,143,"6,000"
본드영진만능본드2온돌마루용 ,1,"45,000"
본드피브시대1Kg*사각 ,56,"9,000"
본드피브시소250g*원형 ,73,"3,500"
본드피브시쥬브 ,51,"1,000"
본드필림지수성프라이머1K ,4,"15,000"
본드필림지수성프라이머3K ,1,"35,000"
본체볼트도금250*1/2 ,400,700
본체볼트도금300*1/2 ,480,900
본체볼트도금350*1/2 ,350,980
본체볼트비도금300*16mm극동 ,,"1,200"
본체볼트비도금350*16mm극동 ,,"1,110"
본체볼트비도금400*16mm극동 ,,"1,520"
볼라드철앙카식100*1000 ,,"50,000"
볼렌지3 ,9,"2,000"
볼렌지4 ,29,"2,500"
볼렌지5 ,9,"3,000"
볼렌지6 ,20,"3,500"
볼렌지8 ,9,"6,000"
볼렌지롱5.0*유키 ,10,"5,000"
볼렌지롱셋트9피*파랑승민 ,-2,"10,000"
볼렌지엑스트라SBW-7L동신 ,10,"10,000"
볼렌지엑스트라SBW-9L동신 ,14,"17,000"
볼밸브수도100 ,1,"55,000"
볼밸브수도150 ,1,"210,000"
볼밸브수도16 ,35,"2,000"
볼밸브수도20 ,36,"4,000"
볼밸브수도25 ,26,"5,000"
볼밸브수도30 ,117,"6,500"
볼밸브수도40 ,73,"9,000"
볼밸브수도50 ,49,"12,000"
볼밸브수도80A ,2,"34,000"
볼밸브수도속야마15 ,12,"3,000"
볼밸브수도속야마20 ,20,"4,000"
볼밸브수도속야마25 ,9,"5,000"
볼밸브수도속야마30 ,9,"7,000"
볼밸브수도속야마40 ,3,"9,000"
볼밸브수도속야마50 ,,"12,000"
볼밸브수도속야마65 ,,"56,000"
볼밸브스텐15 ,29,"13,000"
볼밸브스텐20 ,10,"16,000"
볼밸브스텐25 ,14,"21,000"
볼밸브스텐32 ,9,"29,000"
볼밸브스텐40 ,3,"33,000"
볼밸브스텐50 ,1,"42,000"
볼밸브신주08 ,24,"4,000"
볼밸브신주10 ,5,"4,000"
볼밸브신주100 ,2,"184,000"
볼밸브신주15 ,100,"5,000"
볼밸브신주20 ,89,"6,600"
볼밸브신주25 ,41,"12,000"
볼밸브신주32 ,42,"17,000"
볼밸브신주40 ,27,"24,000"
볼밸브신주50 ,17,"35,000"
볼밸브신주65 ,2,"85,000"
볼밸브신주80 ,2,"110,000"
볼밸브신주나비15 ,32,"4,000"
볼밸브신주나비니불 ,120,"4,000"
볼밸브신주삼방T*15 ,21,"12,000"
볼밸브신주삼방T*20 ,11,"16,000"
볼밸브신주삼방T*25 ,5,"23,000"
볼밸브신주삼방T*32 ,3,"28,000"
볼밸브피브100 ,1,"73,000"
볼밸브피브150 ,,"110,000"
볼밸브피브65 ,2,"34,000"
볼밸브피브75 ,1,"46,000"
볼체볼트16*350 ,-200,"1,020"
볼콕크1/8*8(10) ,10,"2,000"
볼탑*볼트대50 ,77,"1,000"
볼탑15미륭 ,30,"9,000"
볼탑20 ,4,"16,000"
볼탑25 ,14,"18,000"
볼탑32 ,4,"47,000"
볼탑40 ,9,"59,000"
볼탑50 ,1,"90,000"
볼탑스텐15 ,6,"23,000"
볼탑스텐20 ,10,"38,000"
볼탑스텐25 ,4,"43,000"
볼탑스텐32 ,4,"93,000"
볼탑스텐40 ,3,"105,000"
볼탑스텐50 ,2,"135,000"
볼탑정수위*월밸브*올스텐32 ,1,"98,000"
볼트 ,-236,
볼트10*100 ,-193,400
볼트10*120 ,-22,500
볼트10*20 ,419,100
볼트10*25 ,499,100
볼트10*30 ,161,150
볼트10*40 ,213,150
볼트10*50 ,57,200
볼트10*60 ,121,190
볼트10*70 ,-190,220
볼트10*80 ,17,350
볼트12*100 ,378,400
볼트12*120 ,41,450
볼트12*130 ,149,450
볼트12*150 ,38,450
볼트12*180 ,90,600
볼트12*200 ,65,"1,200"
볼트12*25 ,"1,242",200
볼트12*30 ,168,250
볼트12*40 ,"2,294",250
볼트12*50 ,367,250
볼트12*60 ,-5,300
볼트12*70 ,144,300
볼트12*80 ,28,320
볼트12*90 ,66,350
볼트14*100 ,75,800
볼트14*120 ,92,900
볼트14*180 ,90,"1,100"
볼트14*200 ,64,"1,400"
볼트14*30 ,120,300
볼트14*40 ,202,300
볼트14*50 ,45,320
볼트14*60 ,62,400
볼트14*70 ,37,500
볼트14*80 ,101,600
볼트14*90 ,75,700
볼트16*100 ,7,900
볼트16*120 ,102,"1,000"
볼트16*130 ,60,"1,000"
볼트16*150 ,53,"1,200"
볼트16*180전체나사 ,250,"1,300"
볼트16*200 ,70,"1,400"
볼트16*30 ,62,400
볼트16*40 ,100,500
볼트16*50 ,91,600
볼트16*60 ,326,700
볼트16*70 ,73,800
볼트16*80 ,117,900
볼트16*90 ,,"1,000"
볼트18*200 ,76,"2,000"
볼트20*100 ,92,"1,300"
볼트20*110 ,38,"1,500"
볼트20*120 ,101,"1,700"
볼트20*130 ,116,"1,800"
볼트20*150 ,36,"1,900"
볼트20*180 ,63,"2,000"
볼트20*200 ,39,"2,200"
볼트20*40 ,,
볼트20*50 ,92,800
볼트20*60 ,100,"1,000"
볼트20*60*T/S ,,"1,000"
볼트20*70 ,83,"1,100"
볼트20*80 ,130,"1,300"
볼트24*100 ,,"1,800"
볼트6*100 ,590,170
볼트6*120 ,-44,250
볼트6*20 ,"2,447",70
볼트6*25 ,"1,437",70
볼트6*30 ,325,80
볼트6*40 ,"1,418",100
볼트6*50 ,811,100
볼트6*60 ,556,130
볼트6*70 ,278,120
볼트6*90 ,585,150
볼트8*100 ,298,200
볼트8*120 ,67,400
볼트8*20 ,"1,456",100
볼트8*25 ,383,120
볼트8*30 ,970,110
볼트8*40 ,562,120
볼트8*50 ,479,140
볼트8*60 ,356,200
볼트8*80 ,261,200
볼트8*90 ,122,300
볼트P형머신4* 6 ,"1,500",10
볼트P형머신4*10 ,5,"5,000"
볼트P형머신4*100 ,172,150
볼트P형머신4*20 ,514,15
볼트P형머신4*30 ,-130,20
볼트P형머신4*40 ,,25
볼트P형머신4*50 ,600,30
볼트P형머신4*70 ,201,100
볼트P형머신5*40 ,548,60
볼트P형머신5*50 ,-330,100
볼트P형머신5*70 ,185,150
볼트머신접시머리8*30 ,20,"1,200"
볼트상자12칸370*300*210 ,12,"20,000"
볼트상자3호210*340*155 ,23,"4,000"
볼트상자6호300*500*200 ,28,"6,600"
"볼트인지1""*2 ",-74,"1,600"
"볼트인지1""*3 ",47,"1,600"
"볼트인지1""*4 ",-21,"1,800"
"볼트인지1""*5 ",27,"1,800"
볼트인지2/1*1 ,200,350
볼트인지2/1*1.2/1 ,116,400
볼트인지2/1*2 ,30,400
볼트인지2/1*2.2/1 ,180,440
볼트인지2/1*3 ,165,500
볼트인지2/1*3.2/1 ,98,600
볼트인지2/1*4 ,342,700
볼트인지2/1*5 ,100,800
볼트인지2/1*6 ,197,"1,000"
볼트인지2/1*8 ,106,"1,600"
볼트인지3/4*1.5 ,62,600
볼트인지3/4*2 ,254,800
볼트인지3/4*2.5 ,80,"1,000"
볼트인지3/4*3 ,70,"1,500"
볼트인지3/4*3.5 ,77,"1,500"
볼트인지3/4*4 ,34,"1,500"
볼트인지3/4*5 ,42,"1,600"
볼트인지5/16*1 ,380,70
볼트인지5/16*1.4/1 ,69,100
볼트인지5/16*1.5 ,454,100
볼트인지5/16*2 ,690,200
볼트인지5/16*2.5 ,702,200
볼트인지5/16*3 ,-7,300
볼트인지5/16*4 ,408,400
볼트인지5/16*4/3 ,"1,100",200
볼트인지5/16*5 ,293,300
볼트인지5/16*6 ,197,500
볼트인지5/16*8 ,119,"1,000"
볼트인지8/3*1 ,955,200
볼트인지8/3*1.2/1 ,138,200
볼트인지8/3*1.4/1 ,80,200
"볼트인지8/3*10""(250) ",30,"1,000"
볼트인지8/3*2 ,226,200
볼트인지8/3*2.2/1 ,131,250
볼트인지8/3*3 ,70,300
볼트인지8/3*4 ,8,400
볼트인지8/3*4/3 ,650,120
볼트인지8/3*5 ,65,450
볼트인지8/3*6 ,571,700
볼트인지8/3*8 ,291,900
볼트인지8/5*1 ,97,450
볼트인지8/5*1.2/1도금 ,57,750
볼트인지8/5*2 ,-21,800
볼트인지8/5*2.2/1 ,220,850
볼트인지8/5*3 ,223,"1,000"
볼트인지8/5*3.2/1 ,66,"1,000"
볼트인지8/5*4 ,189,"1,200"
볼트인지8/5*5 ,,"1,500"
볼트인지8/5*7도금 ,,"2,400"
볼트인지8/7*2 ,37,"1,500"
볼트인지8/7*200 ,24,"2,800"
볼트인지8/7*3 ,29,"1,500"
볼트인지8/7*4 ,24,"2,000"
봉비수수비특*자루노랑색 ,-3,"9,000"
봉수트랩(오수받이허가용) ,19,"5,000"
봉지참숯진배골 ,52,"5,000"
부가세 ,"15,578",
부동액3L(화인폴) ,12,"11,000"
부동액3L*GX ,,"13,000"
부동전(대호)1.0 ,16,"41,000"
부동전(대호)1.0양방향 ,16,"42,000"
부동전(대호)1.2m ,31,"45,000"
부동전(대호)1.5M ,14,"48,000"
부동전(대호)교체용1.2M스텐셋트 ,3,"88,000"
부동전경일스텐1.0m ,10,"45,000"
부동전경일스텐1.2m ,12,"47,000"
부동전교체용속대1200*미래 ,1,"27,000"
부동전교체용속대1500*미래 ,1,"38,000"
부동전대호T꼭지 ,12,"11,000"
부동전미래*1000 ,20,"28,000"
부동전미래*1200 ,20,"40,000"
부동전미래*1500 ,18,"51,000"
부동전신호스텐DW1.0*보온재삽입 ,1,"62,000"
부동전신호스텐DW1.2*보온재삽입 ,11,"81,000"
부력식정수위볼탑스텐32㎖ ,,"66,000"
부로아EB7500엔진송풍기제노아 ,1,"314,000"
부로아제노아8500*75CC엔진 ,,"314,000"
부빙가 ,1,"80,000"
부삽*괭이겸용*알미늄자루 ,4,"15,000"
부삽*천부 ,47,"4,000"
부스터스위치PW-952LMA ,,"27,000"
부식방지제TM-100 15ℓ ,,"22,500"
부식방지제TM-100 1ℓ ,,"6,000"
부식방지제TM-100 5ℓ ,2,"15,000"
부억칼 ,-16,"2,000"
부엉이락 ,-4,"9,000"
부직포1M*35M(150g) ,5,"28,000"
부직포2M*35M(150g) ,18,"54,000"
부직포2M*40M*300g ,,"89,000"
부직포2m*50m*450g ,,"160,000"
부직포3.5M*50M ,,"88,000"
부직포4M*50M*350g ,,"245,000"
부직포칼라 ,,"13,000"
부탄가스(썬)*28개 ,174,"1,800"
부품상자3-1호 ,,"4,500"
부품함1호175*105*85 ,10,"1,500"
부품함2호245*145*120 ,-40,"3,500"
부품함370*230*300(12칸고정) ,9,"20,000"
부품함3호210*340*155 ,3,"6,000"
부품함4호*내쇼날 ,6,"11,000"
부품함6호300*500*200 ,3,"12,000"
북삽 ,121,"3,000"
분기관450*150 ,-1,"26,000"
분기관이중벽관600*200 ,4,"15,000"
분기관이중벽관600*300 ,2,"20,000"
분기관피브시600*200 ,,"23,000"
"분도기,일제카와사 ",,"11,000"
분도기SB ,8,"10,000"
분리수거함 ,,"48,000"
분무기*KOSHOAN*16L*경영 ,3,"29,000"
분무기*농약피스톤형빨강색 ,15,"7,000"
분무기*올스텐청주 ,2,"93,000"
분무기*충전식한독20L ,3,"210,000"
분무기*한독파워12ℓ ,1,"50,000"
분무기*한독파워20L ,4,"51,000"
분무기A노즐완셋트*청명 ,13,"8,000"
분무기P2구 ,100,"1,500"
분무기P3구 ,-1,"2,000"
분무기걸음망 ,1,"6,000"
분무기나팔*대 명보천파랑 ,17,"7,000"
분무기나팔*신주한독 ,,"5,000"
분무기나팔*한독프라스틱 ,15,"5,000"
분무기노즐호수검정색 ,50,"5,000"
분무기볼밸브PT1/4 ,-9,"3,500"
분무기볼밸브암수1/4 ,-9,"3,500"
분무기볼밸브양나사1/4 ,47,"3,500"
분무기볼밸브침1/4 ,10,"3,500"
분무기볼콕크*한일.대일 ,50,"2,000"
분무기볼콕크3/8*11 ,3,"3,000"
분무기볼콕크3/8*8 ,,"3,000"
분무기볼콕크3/8*9.5 ,9,"3,000"
분무기볼콕크4/1*11㎖ ,5,"3,500"
분무기볼콕크4/1*8㎖ ,20,"3,500"
분무기볼콕크4/1*9.5㎖ ,15,"3,500"
분무기손잡이*주황.검정색래오 ,16,"2,000"
분무기약대스텐 대95cm ,27,"9,000"
분무기약대알미늄대60cm ,35,"6,000"
분무기약대알미늄대76cm ,35,"8,000"
분무기카프링회전자8.5일자 ,2,"8,500"
분무기호수13*100미터노랑 ,2,"264,000"
분무기호수8.5*100미터노랑 ,1,"176,000"
분배기공바기름2 ,4,"7,200"
분배기공바기름3 ,8,"9,600"
분배기공바기름4 ,3,"13,000"
분배기공바기름5 ,3,"15,600"
분배기공바기름6 ,4,"18,000"
분배기공바기름7 ,6,"21,600"
분배기공바기름8 ,2,"24,000"
분배기공바기름9 ,3,"26,400"
분배기공바양면2 ,8,"7,000"
분배기공바양면3 ,11,"10,000"
분배기공바양면4 ,6,"13,000"
분배기공바양면5 ,6,"15,600"
분배기공바양면6 ,6,"18,000"
분배기공바양면7 ,5,"21,600"
분배기공바양면8 ,2,"24,000"
분배기공바양면9 ,4,"26,000"
분배기반카바기름12*5구 ,1,"36,000"
분배기반카바기름2 ,5,"22,000"
분배기반카바기름3 ,2,"27,000"
분배기반카바기름4 ,6,"36,000"
분배기반카바기름5 ,2,"45,000"
분배기반카바기름6 ,2,"54,000"
분배기반카바기름7 ,4,"63,000"
분배기반카바기름8 ,3,"72,000"
분배기반카바기름9 ,2,"81,000"
분배기상바2구 ,6,"18,000"
분배기상바3구 ,4,"24,000"
분배기상바4구 ,5,"33,000"
분배기상바5구 ,3,"39,000"
분배기상바6구 ,6,"47,000"
분배기상바7구 ,6,"55,000"
분배기완카바10구 ,2,"145,000"
분배기완카바12mm*2구 ,,"36,000"
분배기완카바12mm*3구 ,2,"46,000"
분배기완카바12mm*4구 ,1,"60,000"
분배기완카바12mm*5구 ,,"75,000"
분배기완카바12mm*6구 ,1,"88,000"
분배기완카바12mm*8구 ,1,"115,000"
분배기완카바2구 ,3,"33,000"
분배기완카바3구 ,3,"45,000"
분배기완카바4구 ,2,"60,000"
분배기완카바5구 ,2,"74,000"
분배기완카바6구 ,2,"90,000"
분배기완카바7구 ,2,"110,000"
분배기완카바8구 ,3,"120,000"
분배기완카바9구 ,1,"135,000"
분배기완카바가스12*20*3구위 ,3,"49,000"
분배기완카바가스12*20*4구위 ,,"60,000"
분배기완카바가스12*20*5구위 ,,"75,000"
분배기완카바가스12*20*6구위 ,3,"90,000"
분배기완카바가스12*20*옆3구 ,1,"49,000"
분배기완카바가스12*20*옆4구 ,2,"60,000"
분배기완카바가스12*20*옆5구 ,2,"75,000"
분배기완카바가스12*20*옆6구 ,1,"90,000"
분배기완카바가스12*20*옆7구 ,1,"110,000"
분배기완카바가스15*20*2구위 ,2,"36,000"
분배기완카바가스15*20*3구위 ,3,"48,000"
분배기완카바가스15*20*4구위 ,1,"66,000"
분배기완카바가스15*20*5구위 ,2,"78,000"
분배기완카바가스15*20*6구위 ,3,"90,000"
분배기완카바가스15*20*7구위 ,2,"110,000"
분배기완카바가스15*20*옆2구 ,1,"36,000"
분배기완카바가스15*20*옆3구 ,2,"47,000"
분배기완카바가스15*20*옆4구 ,1,"60,000"
분배기완카바가스15*20*옆5구 ,3,"80,000"
분배기완카바가스15*20*옆6구 ,1,"90,000"
분배기하바2구 ,8,"13,000"
분배기하바3구 ,4,"19,000"
분배기하바4구 ,5,"24,000"
분배기하바5구 ,5,"33,000"
분배기하바6구 ,6,"36,000"
분배기하바7구 ,5,"43,000"
분사기QG1175NB다가끼 ,,"15,000"
분사기QG1590다가끼자동 ,5,"25,000"
분사기다기능 ,53,"7,000"
분사기다기능검정색 ,1,"7,000"
분사기대만가든제스트z-st5 ,,"11,000"
분사기신주일자*코비카 ,14,"14,000"
분사기아연 ,20,"6,000"
분사기원터치노즐WH77852무창0 ,22,"16,000"
분사기칼라*빨강 ,6,"11,000"
분사기황동헤드WM75136무창 ,24,"19,800"
분사노즐8/3 ,-40,"1,800"
분수호수50*200M저설 ,,"22,000"
분진망5자*50M ,9,"20,000"
분진망6자*50M ,6,"24,000"
분진망벌집망*러셀6자*60M ,,"49,000"
분할핀 ,,300
붓 ,-267,"3,000"
붓*대 ,-26,"1,000"
붓*소 ,8,"1,000"
붓*중 ,-13,"1,000"
붓*청소솔배관용100m/m ,24,"10,000"
붓*청소솔배관용50m/m ,47,"3,000"
붓2*4 ,,"2,000"
붓3*4 ,81,"2,000"
붓3*7 ,48,"4,000"
붓4*3 ,119,"3,000"
붓4*7 ,38,"4,000"
붓5*5 ,30,"5,000"
붓니스붓2큰것 ,20,"3,000"
붓니스붓3 ,30,"3,000"
붓니스붓4 ,20,"2,000"
"붓도배솔10""검정색 ",5,"11,000"
"붓도배솔10""아이보리 ",4,"12,000"
"붓도배솔8""스텐 ",4,"5,000"
붓막1 ,127,500
붓막2 ,74,"1,000"
붓막3 ,191,"1,000"
붓막4 ,210,"1,000"
붓막8 ,38,"2,000"
붓미장붓10 ,28,"9,000"
붓미장붓8 ,12,"3,000"
"붓유성꺽기2""-4 ",22,"3,000"
"붓유성꺽기3""-4 ",42,"3,500"
"붓유성꺽기4""-4 ",40,"4,000"
붓평5호*롱유성 ,6,"3,000"
붓평6호*롱유성 ,-10,"3,000"
붓평7호*롱유성 ,14,"4,000"
붓평필 ,61,"1,500"
붓평필5호 ,27,"3,000"
붓평필6호 ,28,"3,000"
붓평필7호 ,10,"3,500"
붕사*용접신주 ,9,"2,000"
브라켓 ,70,"2,000"
브라켓보도 ,10,"1,000"
브라켓스텐 ,16,"5,000"
브라켓카운터 ,5,"6,000"
브럭앙카110조적용 ,-160,180
"브럭크4"" (144장) ","1,298","1,500"
"브럭크6"" (96장) ","1,864","2,000"
"브럭크8"" (72장) ",493,"2,500"
브럭크갓 ,530,"3,300"
브로어750삼원 ,4,"380,000"
브로어EB7500베스터63.3cc ,1,"255,000"
브이벨트5V-1180 ,,"33,000"
브이벨트5V-500 ,,"13,000"
브이벨트A-58 ,,"6,000"
브이벨트A-59 ,,"6,800"
브이벨트A-61 ,,"7,000"
브이벨트A-68 ,,"8,200"
블랙야크스툴슬리퍼흑색 백색 ,-12,"45,000"
"블럭메쉬4""(50개)75mm ",200,800
"블럭메쉬6""(50개)100mm ",50,900
"블럭메쉬8""(50개)150mm ",136,"1,000"
블럭앙카110*1000개 ,"1,000",180
블레이드200*200 ,,"748,500"
비게발판 ,,"20,000"
비나04 ,70,300
비나05 ,427,400
비나06 ,239,500
비나07 ,142,700
비나08 ,87,800
비나09 ,19,"1,000"
비나10 ,43,"1,300"
비나12 ,14,"2,500"
비나14 ,,"4,000"
비나8칼라 ,40,"1,000"
비누받침 ,1,"4,000"
비누통물비누 ,4,"12,000"
비니루05*180* ,14,"13,000"
비니루08*120*A급 ,51,"17,000"
비니루08*150 ,10,"19,000"
비니루08*180 ,39,"16,000"
비니루1.0*150*A급 ,10,"22,000"
비니루1.0*180 ,17,"20,000"
비니루박스0.05*450*13 ,6,"49,500"
비니루박스0.05*450*15 ,7,"59,000"
비니루박스0.05*450*18 ,4,"62,000"
비니루박스0.05*450*23 ,5,"78,000"
비니루박스0.05*450*30 ,2,"94,000"
비니루박스0.05*450*45 ,,
비니루박스0.05*450*91 ,3,"268,000"
비니루박스0.05*500*13 ,6,"54,000"
비니루박스0.05*500*23 ,7,"79,000"
비니루박스0.05*500*30 ,2,"104,000"
비니루박스0.05*500*45 ,,"158,000"
비니루박스0.05*500*91m ,,"240,000"
비니루박스0.05*550*45 ,,"172,000"
비니루박스0.05*600*15 ,4,"64,000"
비니루박스0.05*600*20 ,,"83,000"
비니루박스0.1*700*45 ,,"340,000"
비니루신재 미터당0.1mm*4자 ,55,"1,500"
비니루신재 미터당0.1mm*5자 ,-7,"2,000"
비니루신재 미터당0.1mm*6자 ,-72,"2,500"
비니루신재0.08mm*4자*91m ,3,"72,000"
비니루신재0.08mm*5자*91m ,6,"90,000"
비니루신재0.08mm*6자*91m ,3,"107,000"
비니루신재0.1mm*4자*91M ,1,"97,000"
비니루신재0.1mm*5자*91M ,3,"115,000"
비니루신재0.1mm*6자*91m ,2,"170,000"
비닐봉지03호*70장 ,133,"3,000"
비닐봉지04호*70장 ,147,"4,000"
비닐봉지05호*32*40 ,147,"5,000"
비닐봉지06호36*46 ,60,"6,000"
비닐봉지07호41*48 ,54,"8,000"
비닐봉지55*77*검정30K ,42,"10,000"
비닐봉지630*850*70장*검정 ,79,"12,000"
비닐봉지630*850*70장*백색 ,48,"12,000"
비닐봉지630*850*70장*파랑 ,38,"12,000"
비닐봉지800*1000*50장검정 ,66,"13,000"
비닐봉지800*1000*50장백색 ,120,"13,000"
비닐봉지800*1000*50장파랑 ,38,"13,000"
비닐봉지900*1100*100장검정 ,3,"33,000"
비닐봉지900*1100*100장투명 ,5,"33,000"
비닐봉지백색370*450속지80장 ,13,"4,500"
비닐봉지백색470*640속지80장 ,69,"7,000"
비닐봉지백색500*850*50개 ,14,"8,000"
비데대림DST-1100은색 ,6,"250,000"
비데애플AB-K3814 ,2,"180,000"
비료복합 ,,"24,200"
비료통 ,8,"7,000"
비산물커버*드릴용 ,1,"18,000"
비상전등 ,,"6,000"
비상조명등 ,,"34,000"
비트날 ,25,"2,500"
비트날*셋트*콤파스10001 ,3,"18,000"
비트날미니2*25 ,-3,"2,000"
비트날베셀2* 65(BW-212) ,184,"2,000"
비트날베셀2*110(BW-213) ,72,"3,000"
비트날베셀2*150 ,17,"5,000"
비트날베셀2*200 ,14,"7,000"
비트날베셀2*300 ,4,"10,000"
비트날베셀3-65*A14 ,8,"4,000"
비트날삼각 ,20,"4,000"
비트날아넥스2*110*겸용 ,15,"3,000"
비트날아넥스2*110AH-14M ,50,"3,000"
비트날아넥스2*150 ,,"5,000"
비트날아넥스2*65AH-14M ,141,"2,500"
비트날아넥스2*65겸용 + - ,132,"3,000"
비트날연결대300알덴k-105 ,,"12,000"
비트날연결대300알덴k-305 ,2,"14,000"
비트날토숀아넥스금색2*110ART-1 ,260,"4,400"
비트날토숀아넥스금색2*65ART-14 ,420,"3,000"
비트날토숀아넥스보라2*110ARTS- ,106,"5,000"
비트날토숀아넥스보라2*65*ARTs- ,84,"4,000"
비트셋트Z-T1415 ,5,"11,000"
비트아답터1/2충전드릴용 ,6,"4,000"
비트아답터3/8충전드릴용 ,20,"3,000"
비트아답터복스1/2 ,-1,"5,000"
비트아답터복스3p ,-1,"6,000"
빔H*300*200 ,-3,"870,000"
빔베이스판12T*300*12T ,,"28,500"
빔베이스판20T*300*20T ,,"35,000"
빔베이스판6T*120*6T ,59,"3,000"
빔베이스판6T*150*6T ,23,"4,000"
빔베이스판6T*200*6T ,60,"6,000"
빔베이스판9T*200*09T ,12,"11,000"
빔베이스판9T*300*09T ,14,"17,000"
빔베이스판빠찌100*150*2T*50개 ,332,800
빔클램프1/2*C형 ,,"3,000"
빔클램프8/3*C형중W27 ,180,"1,500"
빗물받이블럭*동강 ,6,"10,000"
빗물받이블럭390*300*180*125 ,1,"23,000"
빗자루 ,230,"1,500"
빗자루갈대비 ,24,"5,000"
빗자루갈대비*5자 ,8,"7,000"
빗자루갈대비*나무자루*노랑P ,8,"7,000"
빗자루갈대비*대나무*미용 ,,"5,000"
빗자루갈대비*자루긴것 ,5,"6,000"
빗자루갈대비롱*나무자루 ,-10,"5,000"
빗자루개량비*마당비초록색 ,70,"6,500"
빗자루꽃비 ,31,"9,000"
빗자루나일론나무자루롱*인화 ,100,"3,000"
빗자루나일론대(청정비) ,4,"3,000"
빗자루나일론비A ,,
빗자루나일론비고급파랑솔중 ,78,"6,000"
빗자루나일론비신형 ,79,"6,000"
빗자루나일론비청광비녹색 ,2,"6,000"
빗자루나일론비특청정비 ,95,"3,000"
빗자루나일론형광색*인화 ,80,"5,000"
빗자루대나무비 ,159,"5,000"
빗자루대비*야자수칼라색 ,5,"6,000"
빗자루돈방비대T자 ,11,"8,000"
빗자루돈방비소I자 ,12,"6,000"
빗자루방비셋트*하늘색폴드업 ,9,"9,000"
빗자루봉비A영화 ,3,"10,000"
빗자루봉비수수비A*자루갈색 ,47,"6,000"
빗자루쓰레받이셋트 ,-2,"9,000"
빗자루장목비 ,19,"4,000"
빗장스텐270 ,2,"12,000"
빗장스텐380 ,2,"14,000"
"빗장오도시스텐4"" ",7,"4,000"
"빗장오도시스텐6"" ",7,"5,000"
빗장용접대45 ,,"11,000"
빗장용접소20 ,28,"6,000"
빗장용접소30 ,15,"8,000"
빗장용접중40 ,32,"10,000"
빗장용접쪽문용 ,4,"6,000"
빗장용접특대50 ,9,"14,000"
빗장용접특대70 ,32,"20,000"
빠렛트 ,-15,"12,000"
빠렛트덕윤 ,-4,"16,500"
빠렛트몰탈 ,-22,"10,000"
빠렛트벽돌진흥 ,-121,"15,000"
빠렛트보강토세라 ,19,"12,000"
빠렛트보온덮개보관용 ,1,
빠렛트핸드작키2.5 ,-1,"460,000"
빠루데코각형5자 ,,
빠루데코광상5자 ,4,"30,000"
빠루데코광상6자 ,5,"33,000"
빠루데코원형3자*80cm ,2,"15,000"
빠루데코원형4자 ,,"27,000"
빠루데코원형5자 ,,"30,000"
빠루데코일제미니200모쿠바 ,5,"25,000"
빠루데코일제미니300모쿠바 ,5,"30,000"
빠루데코일제미니400모쿠바 ,1,"40,000"
빠루데코일제미니600모쿠바 ,2,"53,000"
빠루망치*대 ,47,"9,000"
빠루망치*소 ,25,"8,000"
빠루망치*중 ,24,"9,000"
빠루망치*특대 ,15,"10,000"
빠루망치영창대 ,-9,"9,000"
빠루망치영창소 ,28,"7,000"
빠루망치영창중 ,22,"8,000"
빠루망치영창특대 ,3,"10,000"
빠루망치화랑망치긴자루 ,16,"10,000"
빠루망치화랑망치대 ,31,"9,000"
빠루망치화랑망치소 ,29,"8,000"
빠루망치화랑망치중 ,33,"9,000"
빠루바라시120 ,3,"22,000"
빠루바라시150 ,2,"25,000"
빠루바라시스텐1051세종 ,,"55,000"
빠루바라시스텐1201세종 ,-1,"66,000"
빠루손빠루 ,10,"6,000"
빠루스텐1200일식세화 ,3,"36,000"
빠루스텐600일식세화 ,1,"30,000"
빠루스텐750일식세화 ,2,"33,000"
빠루스텐국산한미110cm*국산한미 ,5,"33,000"
빠루스텐국산한미55cm*국산한미 ,6,"25,000"
빠루스텐국산한미80cm*국산한미 ,3,"33,000"
빠루스텐일제3자*MKK일제PB ,2,"78,000"
빠루스텐일제4자*MKK일제PB ,5,"115,000"
빠루육각300손빠루 ,9,"6,000"
"빠루육각600육각,원형 ",22,"11,000"
빠루육각750육각 ,6,"12,000"
빠루육각900육각 ,5,"16,000"
빠루폼바라시로라 ,,"75,000"
빠루폼바라시코끼리 ,7,"48,000"
빠지링자석 ,,
빨래건조대 소*850 ,,"33,000"
빨래건조대끈천정용 ,5,"1,500"
빨래건조대스텐리빙코아700(L) ,3,"45,000"
빨래건조대스텐파스텔TS300 ,-1,"48,000"
빨래건조대천정용*아름(봉4개포?,6,"30,000"
빨래건조대천정용봉(4개) ,1,"13,000"
빨래줄*코팅15M ,,"5,000"
빵구지렁이10개입 ,,"5,000"
뽁뽁이에어캡포장재100*50M ,78,"14,500"
뽁뽁이에어캡포장재50*50M ,100,"8,000"
뿌레카임대 ,-4,"40,000"
사각와샤12*100*100*2.6*50개 ,300,600
사각와샤16mm ,,"1,000"
사각장키 ,-10,"3,800"
사과나무6년생 ,-6,"180,000"
사다리가정용2 ,1,"36,000"
사다리가정용3 ,11,"55,000"
사다리가정용4 ,7,"72,000"
사다리가정용5 ,7,"90,000"
사다리가정용광폭2자 ,,"48,000"
사다리가정용광폭3자 ,3,"75,000"
사다리가정용광폭4자 ,2,"92,000"
사다리가정용광폭칸당 ,1,"23,000"
사다리가정용일반칸당 ,1,"18,000"
사다리계단식4단 ,4,"50,000"
사다리과수10칸*3M ,3,"210,000"
사다리과수11칸 ,2,"229,000"
사다리과수12칸 ,3,"250,000"
사다리과수13칸*4M ,1,"319,000"
사다리과수17자*5M ,,"458,000"
사다리과수4 ,5,"66,000"
사다리과수5 ,4,"75,000"
사다리과수6 ,4,"88,000"
사다리과수6파이프형 ,2,"128,000"
사다리과수7 ,2,"117,000"
사다리과수7파이프형 ,1,"145,000"
사다리과수8 ,2,"130,000"
사다리과수9 ,1,"140,000"
사다리과수삼각오미자2단 ,,"107,000"
사다리과수칸당 ,1,"15,000"
사다리로프06 ,,"180,000"
사다리로프08 ,1,"240,000"
사다리로프10 ,1,"308,000"
사다리로프12 ,1,"356,000"
사다리로프3M난간갈고리 ,,"360,000"
사다리매직카3칸 ,8,"25,000"
사다리아웃트리거-4개1조 ,3,"40,000"
사다리안전지지대-4개 ,1,"40,000"
사다리에이형3 ,2,"44,000"
사다리에이형4 ,2,"60,000"
사다리에이형5 ,4,"74,000"
사다리에이형6 ,2,"89,000"
사다리에이형7 ,,"95,000"
사다리엘에스43 ,2,"118,000"
사다리엘에스44 ,4,"148,000"
사다리엘에스45 ,4,"175,000"
사다리엘에스46 ,3,"205,000"
사다리엘에스47 ,1,"255,000"
사다리엘에스48(일자사용금지) ,1,"285,000"
사다리엘에스49(일자사용금지) ,1,"405,000"
사다리외2m ,3,"66,000"
사다리외3m ,2,"99,000"
사다리외4m ,2,"132,000"
사다리외5m ,1,"159,000"
사다리외6m ,1,"198,000"
사다리티알4(OA) ,3,"78,000"
사다리티알5*OA ,1,"100,000"
사다리티알6*OA ,1,"120,000"
사다리티알7*OA ,2,"140,000"
사다리티알8*OA ,2,"155,000"
사라기리10*4 ,9,"8,000"
사라기리8*3 ,8,"7,000"
사라기리셋트*서전 ,,"12,000"
사라피스F/H*M4 4*100 ,11,"21,000"
사라피스F/H*M4 4*12*500개 ,25,"5,000"
사라피스F/H*M4 4*16*500개 ,32,"5,000"
사라피스F/H*M4 4*20*500개 ,21,"5,000"
사라피스F/H*M4 4*25*500개 ,28,"7,000"
사라피스F/H*M4 4*32*500개 ,9,"8,000"
사라피스F/H*M4 4*38*300개 ,11,"8,000"
사라피스F/H*M4 4*50*300개 ,13,"8,000"
사라피스F/H*M4 4*64*200개 ,15,"8,000"
사라피스F/H*M4 4*75*200개 ,10,"9,000"
사모래다라검정 ,1,"8,000"
사모래다라검정타원형 ,16,"8,000"
사모래다라빨간대 ,7,"12,000"
사모래타이어통 ,1,"17,000"
사모래통파란색상부 ,,"15,000"
사모래통파란색하부 ,-11,"28,000"
사무용의자 ,-2,"120,000"
사시가네기억자일제 ,,"26,000"
사시가네목수기억자50*25 ,10,"14,000"
사시꼬미 ,368,"1,500"
사시문1000*2000 ,,
사시문900*1800상유리하스펜달우 ,2,"130,000"
사시부속기억자 ,-237,"1,000"
사시부속일자 ,-359,400
사시스토퍼사각백색 ,-400,500
사시정첩티T ,104,"4,000"
사시정첩평 ,18,"4,000"
사시정첩홈티 ,14,"4,500"
사시창 ,-3,
사시호차사시 ,36,"5,000"
사이폰 ,3,"29,000"
사지창*포크*도라지창 ,3,"27,000"
사지창포크마늘철근용접 ,,"18,000"
사춤기*코너미꿈이 ,3,"38,000"
사춤기교체식겸용 ,4,"48,000"
사포*사슴DEER ,"2,827","1,000"
사포3M ,-1,"4,000"
"사포4""양모 ",-2,"5,000"
사포골뱅이13추지석 ,192,"1,000"
사포디스크100*120*320 ,75,"1,500"
"사포원형4""*100-120 ","1,789",500
"사포원형4""*40 ",-209,500
"사포원형5""*40-60 ",640,600
"사포원형5""*80-240 ","1,150",600
"사포원형5""320 ",295,600
"사포원형5""8홀*60# ",-544,600
"사포원형5""8홀*80# ",-254,600
"사포원형패드4""은성테크 ",9,"7,000"
"사포원형패드5"" ",15,"7,000"
사포원형평 ,-105,"1,000"
사포종이1500방 ,89,600
사포종이2000방 ,96,700
사포종이600-1000 ,713,600
사포해바라기*제일 ,"1,707","1,100"
산소가스 ,-26,"18,000"
산소게이지*OX*케이디 ,3,"27,000"
산소닛불신주5미리 ,51,"1,000"
산소닛불신주6 ,-20,"1,000"
산소닛불신주9.5 ,-14,"1,500"
산소리어카카자전거바퀴크기 ,1,"143,000"
산소쌍줄5*10 ,2,"27,000"
산소쌍줄5*15 ,1,"45,000"
산소쌍줄5*20 ,4,"59,000"
산소쌍줄5*30 ,5,"75,000"
산소쌍줄5*50 ,4,"115,000"
산소쌍줄8*15 ,2,"50,000"
산소쌍줄8*20 ,1,"67,000"
산소쌍줄8*30 ,1,"89,000"
산소쌍줄8*50 ,3,"143,000"
산소쌍줄미제5*30 ,,"180,000"
산소쌍줄미제5*50 ,,"250,000"
산소엘피너트심보호수구찌*용접 ,40,"2,000"
"산소카2구파란색 10""통바퀴 ",,"95,000"
산재보험 ,-3,"22,080"
살수기고성능살수기 ,2,"14,000"
삼각다리신콘오토레벨기용 ,5,"58,000"
삼각자 ,3,"4,000"
"삼각자Z-LC520제스트7""*185 ",8,"15,000"
"삼각자Z-LC530제스트12""*300 ",8,"20,000"
삼각자대200*코쇼안 ,,"9,000"
삼각자알미늄소 ,22,"8,000"
"삼각자엠파이어대12"" ",8,"42,000"
"삼각자엠파이어소7"" ",6,"20,000"
삼각피스 ,1,"5,000"
삼목루바12 ,,"49,000"
삼부본체헹켈 ,7,"5,000"
삼태기P*검정 ,2,"8,000"
삼태기P적색망 ,8,"8,000"
삼태기고무 ,,"23,000"
삼태기돌망태 ,15,"8,000"
삼형와샤(200) ,170,500
삼화정밀K-8300힌지 ,,"98,000"
삽고대드라이비트용 ,10,"8,000"
삽고대스텐장대 ,,"16,000"
삽고대자루긴것 ,7,"11,000"
삽괭이접이식알미늄자루 ,11,"15,000"
삽모종파랑 ,-2,"3,000"
삽솔표참솔표삽 ,34,"12,000"
삽스텐아동각삽 ,14,"19,000"
삽스텐아동막삽 ,6,"19,000"
삽알미늄*번개표 ,18,"16,000"
삽야전삽 ,19,"13,000"
삽야전삽소 ,13,"6,000"
삽자루 ,31,"4,000"
삽자루*참솔표 ,16,"8,000"
삽철건영 ,34,"11,000"
삽철금학국산 ,20,"23,000"
삽철금학국산톱니 ,6,"24,000"
삽철솔표 ,,
삽철아동삽철자루 ,4,"10,000"
삽철톱니에덴 ,,
삿다고리대 ,9,"7,000"
상다리4개 ,30,"5,000"
상수도테이프10cm ,3,"15,000"
상수도테이프20cm ,3,"33,000"
상우리506-3번지 ,,
상체식K2-KB9401 ,,
상체식알미자동BOBLY스왈록 ,3,"35,000"
상체식철자동SCB-SOW(BS)스왈록 ,17,"28,000"
새그물6*4 ,45,"8,000"
새끼줄 ,-30,"10,000"
새들*개당12*28 ,784,100
새들104 ,165,"1,500"
새들12*200개 ,3,"5,000"
새들14*200개 ,3,"6,000"
새들16*100개 ,31,"5,000"
새들22*100개 ,9,"6,000"
새들28*100개 ,13,"10,000"
새들36*50개 ,172,200
새들42 ,623,300
새들54 ,125,600
새들75 ,97,800
새들82 ,244,900
새들90 ,75,"1,100"
새마을천 ,-11,"198,451"
새총 ,13,"4,000"
색바인다끈칼라대 ,340,"5,000"
색바인다끈칼라소 ,203,"2,500"
샌드위치판넬100T*미터당 ,-99,"11,800"
샌드위치판넬50T*2300 ,2,"30,800"
샌드위치판넬50T미터당 ,-10,"14,500"
샌드위치판넬75*3000 ,-16,"39,000"
샌드위치판넬및부속 ,-3,"360,000"
생고무발판 ,,"15,000"
생석회10K ,115,"3,600"
생수통10리터 ,17,"6,000"
생수통20리터 ,44,"7,500"
생수통4리터 ,20,"4,000"
샤둬겸용수애랑SMF-104 ,5,"45,000"
샤워겸용*유성 ,4,"67,000"
샤워겸용E버블EBB460 ,3,"60,000"
샤워겸용SJ ,2,"45,000"
샤워겸용SJ-2004-2파이프형 ,6,"45,000"
샤워겸용T4-460C ,5,"55,000"
샤워겸용ov1-460c ,23,"39,000"
샤워겸용수애량SNF104 ,1,"54,000"
샤워겸용원홀SJ-1009코리아 ,16,"55,000"
샤워기OV1-600C ,10,"33,000"
샤워기SJ ,21,"33,000"
샤워기SJ-2002고급 ,23,"50,000"
샤워기T4-600C ,19,"50,000"
샤워기ov1-600c ,18,"33,000"
샤워기대림DL-B1013 ,2,"120,000"
샤워기두갈래 (구형) ,4,"25,000"
샤워기보스B-1000우진 ,2,"77,000"
샤워기옥색 ,1,"60,000"
샤워기핸들식UBR ,8,"74,000"
샤워벽걸이용헤드 ,10,"6,000"
샤워셋트1.5 ,-11,"10,000"
샤워셋트2.0 ,-46,"11,000"
샤워스텐드벽걸이용*우진 ,11,"69,000"
샤워슬라이드바 ,7,"16,000"
샤워일반구형 ,4,"30,000"
샤워줄1.5 ,55,"3,000"
샤워줄10 ,,"15,000"
샤워줄2 ,57,"4,000"
샤워줄3 ,79,"8,000"
샤워줄5 ,8,"10,000"
샤워줄셋트1.5*로얄 ,52,"7,000"
샤워줄셋트2.0*로얄 ,64,"8,000"
샤워줄특신주1.5로얄 ,41,"7,000"
샤워줄특신주2.0로얄 ,19,"8,000"
샤워줄헤드셋트1.5M신청주 ,5,"11,000"
샤워줄헤드셋트2.0M신청주 ,4,"12,000"
샤워줄헤드셋트고무 ,9,"5,000"
샤워헤드 ,75,"3,000"
샤워헤드 해바라기 원형 ,10,"11,000"
샤워헤드LED3색 ,10,"15,000"
샤워헤드SSEN절수고압회전 ,5,"11,000"
샤워헤드걸이 ,44,"1,500"
샤워헤드로얄2001왕헤드 ,4,"6,000"
샤워헤드로얄302 ,1,"12,000"
샤워헤드로얄305버튼 ,76,"8,000"
샤워헤드로얄9001맥반석중 ,14,"11,000"
샤워헤드로얄9002맥반석대 ,3,"11,000"
샤워헤드로얄SH03절수형 ,72,"7,000"
샤워헤드로얄SW02빨강색 ,16,"6,000"
샤워헤드비대용*돌핀SBH101 ,7,"12,000"
샤워헤드스텐드용 ,7,"6,000"
샤워헤드알루미늄레이져파워 ,21,"11,000"
샤워헤드절수센스 ,10,"12,000"
샤워헤드절수아이비 ,29,"6,000"
샤워헤드절수한진 ,13,"7,000"
샤워헤드절수형4582 ,2,"9,000"
샤워헤드크롬 ,18,"5,000"
샤워헤드필터형 ,17,"10,000"
샤워헤드힘센 ,8,"11,000"
"샤클1"" ",2,"15,000"
샤클1*1/2 ,6,"55,000"
샤클1*1/4 ,6,"34,000"
샤클1/2 ,30,"3,000"
샤클1/4 ,76,"1,200"
샤클1/8 ,78,"1,000"
샤클3/16 ,33,"1,000"
샤클3/4 ,30,"5,000"
샤클3/8 ,8,"3,000"
샤클5/16 ,54,"2,000"
샤클5/8 ,20,"5,000"
샤클7/8 ,15,"10,000"
샷다내림대 ,20,"5,000"
서기면목2.4M ,,"5,500"
서클커터180*철마 ,2,"36,000"
서클커터180목공용*갑구사 ,1,"28,000"
서클커터180목공용*컵형갑구사 ,1,"54,000"
서클커터200*철마*원형통 ,,"53,000"
서클커터280목공용*갑구사 ,2,"32,000"
서클커터280목공용*컵형갑구사 ,1,"64,000"
서클커터300*자유*원형통 ,,"64,000"
서클커터300*철마 ,,"40,000"
서클커터외날120*철마CC105C ,2,"17,000"
서포트핀고리*300자루당 ,,"46,200"
서포트핀무고리*300개입 ,250,154
석고3*6*12.5방화 ,,"10,000"
석고3*6*12.5차음석고 ,,
석고3*6*9.5시트락 ,645,"4,840"
석고3*6방수방화*12.5 ,,
석고3*8*9.5시트락 ,40,"6,900"
석고3*8방균 ,,
석고3*8준방화12.5m/m ,,"12,000"
석고대패칼 ,42,"12,000"
석고방수3*6방수 ,225,"9,000"
석고본드금강40 ,,"15,000"
석고본드라파즈25K집본드 ,,"16,000"
석고붕대*60 ,302,"1,500"
석고앙카천공앙카 ,402,"16,000"
석고앙카천공앙카개당 ,62,200
석고앙카토우TA50 ,35,500
석고앙카토우TA70 ,150,600
석고코너비트 ,78,"2,000"
석고크나우프3*6 ,,"4,800"
석고피스매거진*외날6*25(2000개 ,11,"30,000"
석고피스매거진*외날6*32(1000) ,33,"16,500"
석고피스매거진*외날6*38*1000개 ,12,"19,000"
석고피스매거진양날3*21*2000개 ,10,"22,000"
석고피스매거진양날6*25*2000개 ,10,"30,000"
석고피스매거진양날6*32*1000개 ,12,"17,000"
석고피스매거진양날6*38*1000개 ,9,"20,000"
석고피스양백색6*25*500개 ,15,"8,000"
석고피스양백색6*32*1000개 ,19,"13,000"
석고피스양백색8*38*500 ,11,"9,000"
석고피스양흑색6*25*500개 ,1,"8,000"
석고피스양흑색6*32*1000개 ,5,"13,000"
석고피스양흑색6*38*(500) ,2,"10,000"
석고피스외백색6*20*1000개 ,4,"10,000"
석고피스외백색6*20*500개 ,26,"6,000"
석고피스외백색6*25*(500) ,13,"7,000"
석고피스외백색6*32*(500개 ,5,"8,000"
석고피스외백색6*38*(500개 ,9,"9,000"
석고피스외백색6*50*(500개 ,12,"12,000"
석고피스외흑색6*25*500개 ,9,"8,000"
석고피스외흑색6*32*500개 ,7,"9,000"
석고피스외흑색6*38*500개 ,20,"10,000"
석고피스외흑색6*50(500개) ,10,"12,000"
석고피스외흑색6*64*300개 ,2,"14,000"
석고피스외흑색8*75*300개 ,7,"15,000"
석분1루배당 ,-6,"90,000"
석분1톤 ,-3,"150,000"
석분25톤*18루배 ,10,"550,000"
석분5톤 ,-25,"250,000"
석쇠대 ,-47,"3,000"
석쇠양면스텐대 ,6,"9,000"
석쇠중 ,-41,"1,500"
석유 ,,880
석유통10리터 ,,"5,000"
석유통10리터녹색 ,2,"7,000"
석유통10리터빨강색 ,,"7,000"
석유통20리터 ,68,"7,500"
석유통20리터손잡이녹색 ,38,"8,500"
석유통20리터손잡이빨강색 ,34,"8,500"
석유통4리터 ,3,"5,000"
석유통4리터호수 ,,"5,000"
석유통뚜껑 ,,"1,500"
석유통자바라 ,-3,"2,000"
석유팬히터1200신일 ,-1,"640,000"
석유팬히터900신일 ,-1,"556,600"
석유펌프소 ,236,"2,000"
석유펌프특대*20 ,86,"8,000"
석유펌프특왕대*25 ,40,"10,000"
석재근각너트 ,,90
석재기리5.0현진 ,6,"6,000"
석재본드*조당*4Kg(2개) ,1,"39,000"
석재본드*조당10Kg(2개) ,7,"78,000"
석재본드*조당1Kg(2개) ,8,"18,000"
석재본드10KG경화제 ,4,"39,000"
석재본드10KG주제 ,4,"39,000"
석재본드1K경화제 ,2,"7,500"
석재본드1K주제 ,2,"7,500"
석재본드4Kg경화제 ,1,"20,000"
석재본드4kg주제 ,3,"21,000"
석재본드순간접착911엑시아 ,,"7,000"
석재앵글6 ,,768
석재앵글7 ,,848
석재와샤 ,,35
석재조정판7전 ,,624
석재확산가열기-대광750 ,,"99,000"
석재확산가열기화구3500조 ,1,"14,000"
석필*삼정국산 ,29,"6,000"
선교헌금12개월 ,-14,
선그라스-스카이블루 ,47,"12,000"
선반TV대조립식 ,10,"4,000"
선반다이*대 ,1,"2,000"
선반다이*중 ,20,"2,000"
선반다이*특대 ,20,"3,000"
선반다이*특왕대 ,4,"5,000"
선반다이10*12*2개1조 ,,"6,000"
선반다이10*8*2개1조 ,25,"5,000"
선반다이TV다이대 ,30,"5,000"
선반다이TV다이중 ,35,"4,000"
선반다이TV다이특대 ,16,"6,000"
선반다이단조150*100(2개입) ,46,"6,000"
"선반다이단조200*150(8"") ",84,"5,000"
"선반다이단조250*170(10"") ",20,"10,000"
"선반다이단조300*250(12"") ",14,"12,000"
선반다이미니100*150*아연 ,46,"1,800"
선반다이미니100*80*아연 ,158,"1,200"
선반다이미니45*45*아연 ,105,300
선반다이미니60*60*아연 ,121,400
선반다이미니80*80*아연 ,98,500
선반다이스텐대 ,-1,"5,000"
선반다이스텐중 ,4,"4,000"
선반다이아연2호210*150 ,22,"7,000"
선반다이아연3호300*210 ,50,"10,000"
선반다이아연4호390*240 ,58,"12,000"
선반다이아연5호540*300 ,5,"16,000"
선반다이조립식30cm ,10,"3,000"
선반다이조립식40cm ,8,"4,000"
선반다이조립식다대 ,,"5,000"
선반백색반달*1M ,11,"15,000"
선반올스텐6봉*1M ,10,"24,000"
선팅지 ,-6,"70,000"
"선풍기14"" ",2,"40,000"
"선풍기날개14"" ",10,"5,000"
"선풍기날개16"" ",10,"5,000"
선풍기벽걸이후크 ,167,"1,000"
"선풍기이동식18""팬직TFE-F45 ",1,"110,000"
선풍기카바 ,70,"2,500"
선호미*나무자루주황색 ,15,"6,000"
선호미미니알미늄자루인화 ,12,"18,000"
선호미알미늄자루인화 ,3,"18,000"
선호미주물철자루 ,17,"11,000"
세라믹히터사파이어800 ,4,"40,000"
세로단수코브라꼭지 ,45,"16,000"
세륜침전제삼주10K분말형 ,,"83,000"
세륜침전제엔트라5K분말형 ,,"98,000"
세면기*계림L800*다리포함 ,,"195,000"
세면기*다리 ,36,"20,000"
세면기*다리x셋트 ,-9,"95,000"
세면기*다리포함셋트 ,-9,"115,000"
세면기*대림원홀CL-912H사각 ,,"180,000"
세면기*대림원홀CL751 ,,"130,000"
세면기*대림원홀사각333 ,,"270,000"
세면기*볼만QL1002대형 ,51,"36,000"
세면기*볼만QL1005중형 ,23,"36,000"
세면기*볼만원홀18-1*다리 ,14,"20,000"
세면기*볼만원홀18-1라운드 ,11,"40,000"
세면기*볼만원홀L25사각 ,5,"46,000"
세면기*볼만원홀L25사각*다리 ,5,"20,000"
세면기*수전렌지 ,9,"6,000"
세면기*오닉스1700백색우부.별도 ,3,"200,000"
세면기*오닉스1700백색좌부.별도 ,1,"200,000"
세면기*오닉스다리 ,3,"35,000"
세면기고무마개 ,46,"1,000"
세면기브라켓 ,16,"6,000"
세면기브라켓볼트 ,24,"1,000"
세면기브라켓카운터용 ,10,"7,000"
세면기세로외꼭지 ,4,"14,000"
세면기아이트랩*고무형 ,59,"6,000"
세면기앙카볼트 ,233,"3,000"
세면기에스트랩 ,18,"7,000"
세면기요술기 ,,"2,000"
세면기원형후레임볼트 ,2,"4,000"
세면기원형후렘스텐 ,,"14,500"
세면기카운터브랏겟 ,1,"6,000"
세면기티볼트 ,97,"1,000"
세면기포업ROEN ,67,"8,000"
세면기포업멍통 ,,"13,000"
세면기포업수동 ,2,"8,000"
세면기포업올스텐S.M ,6,"10,000"
세면기포업유리볼용ds ,6,"16,500"
세면기포업자동덮개 ,39,"3,000"
세면기포업자동스쿠루태양 ,136,"10,000"
세면기포푸업*유리볼형 ,,"13,000"
세면기피트랩*진영 ,29,"7,500"
세면기피트랩신형망치형 ,59,"7,000"
세면기호수 ,29,"3,000"
세면기호수*신주야마200 ,101,"3,500"
세면기호수*신주야마400 ,141,"4,000"
세면기호수P동림세라믹 ,200,"3,000"
세면기호수스텐고압1M ,34,"7,000"
세면기호수스텐조임400 ,227,"4,000"
세면기호수스텐조임600대 ,119,"4,000"
세면원터치EKA2-400 ,10,"48,000"
세면원터치OV1-400c ,19,"26,000"
세면원터치SJ-2003 ,,"38,000"
세면원터치sj코리아 ,12,"26,000"
세면원터치세븐워터350 ,3,"35,000"
세면원터치세븐워터파이프형 ,11,"39,000"
세면원홀수전SJ-1008 ,24,"52,000"
세면원홀코브라백조 ,1,"88,000"
세면유비알샤워*대정워터스 ,2,"74,000"
세수대야 ,-21,"3,000"
세수대야 ,-10,"3,000"
세신니퍼6 ,-8,"12,000"
"세신롱로즈6"" ",3,"10,000"
세신벤지7 ,6,"11,000"
세신벤지8 ,10,"15,000"
세신수동복스대2/1 ,-1,"21,000"
세신수동복스대2/1B급 ,-2,"15,000"
세신파이프렌지알미늄10 ,1,"19,000"
세신파이프렌지알미늄12 ,2,"32,000"
세신파이프렌지알미늄14 ,2,"38,000"
세신파이프렌지알미늄18 ,3,"48,000"
세신파이프렌지알미늄24 ,2,"75,000"
세신파이프렌지알미늄36 ,1,"145,000"
"세신플라이어6"" ",,"6,000"
세신플라이어8 ,,"8,000"
"세신플라이어8""세신 ",6,"8,000"
세차걸래호수용 ,58,"5,000"
세차걸레2단양면 ,2,"30,000"
세차외구노즐 ,,"30,000"
세차호수릴*20성진HH020 ,,"60,000"
세차호수릴*30성진HH030 ,,"70,000"
세차호수릴20m청주 노랑 ,2,"41,000"
세차호수릴30m청주 빨강 ,1,"45,000"
세차호수릴선20M*미주 ,2,"86,000"
세차호수릴선30M*미주 ,1,"108,000"
세차호수릴선50M*미주 ,,"129,000"
세차호수매직녹색*15m ,,"27,000"
세탁기급수호수10M ,3,"19,000"
세탁기급수호수2M ,10,"9,000"
세탁기급수호수3M ,9,"12,000"
세탁기급수호수5M ,7,"13,000"
세탁기급수호수7M ,9,"15,000"
세탁기꼭지*십자ove ,82,"8,000"
세탁기꼭지*십자왕 ,-54,"9,000"
세탁기꼭지*십자왕세정 ,39,"9,000"
세탁기꼭지*일체형글로벌 ,193,"8,000"
세탁기꼭지P ,-12,"7,000"
세탁기꼭지카플링 ,177,"1,000"
세탁기육가 ,90,"7,000"
세탁기호수급수캡*구형 ,-2,"4,000"
세탁기호수급수캡*신형 ,19,"4,000"
세탁꼭지-호수연결 ,40,"3,000"
세파볼트12*120 ,"1,440",150
세파볼트12*150 ,"1,400",178
세파볼트12*180 ,500,300
세파볼트12*200 ,400,400
세파볼트12*300 ,250,550
세파볼트12*350 ,300,600
세파볼트12*400*12mm ,100,680
세파볼트12*500(460mm) ,,920
세파볼트12*600*12mm ,,"1,100"
세파볼트12*800(25개) ,,"1,350"
세파볼트16*1200*16mm*극동 ,,"4,300"
세파볼트16*300*16mm ,,950
세파볼트16*400*16mm ,,"1,500"
세파볼트16*500*16mm ,,"2,000"
세파볼트16*800*16mm극동 ,,"2,800"
세파타이150 ,100,400
세파타이180 ,,400
세파타이200(240)*200개 ,600,400
세파타이250*100개 ,550,480
세파타이300*50개 ,50,600
세파타이400(440)*50개 ,,750
세파타이450 ,,890
세파타이600 ,,"1,200"
세파타이800 ,,"1,520"
센서등LED15W ,19,"12,000"
센서등LED20w ,42,"12,000"
센서등모아LED ,8,"18,000"
센타펀치대 ,3,"3,000"
센타펀치중 ,14,"3,000"
셋트앙카1*08 ,25,"6,000"
셋트앙카1*10 ,47,"11,000"
셋트앙카1*12 ,15,"12,000"
셋트앙카10*300 ,100,"1,300"
셋트앙카16/5*3 ,673,200
셋트앙카2/1*04*150개 ,655,500
셋트앙카2/1*05*200개 ,574,500
셋트앙카2/1*06*150개 ,643,800
셋트앙카2/1*08*120개 ,311,"1,600"
셋트앙카2/1*10*100개 ,107,"1,500"
셋트앙카2/1*12*80개 ,143,"2,000"
셋트앙카4/1*2 ,-174,200
셋트앙카4/3*05 ,104,"2,500"
셋트앙카4/3*06 ,132,"3,000"
셋트앙카4/3*08 ,198,"3,300"
셋트앙카4/3*10 ,63,"4,500"
셋트앙카4/3*12 ,88,"5,000"
셋트앙카8/3*02*500개 ,-824,150
셋트앙카8/3*03*400개 ,"1,920",200
셋트앙카8/3*04*300개 ,"1,103",300
셋트앙카8/3*05*300개 ,"1,090",500
셋트앙카8/3*06*250개 ,307,600
셋트앙카8/3*08*200개 ,266,800
셋트앙카8/3*10*200개 ,347,"1,000"
셋트앙카8/3*12*100개 ,142,"1,500"
셋트앙카8/5*05*100개 ,84,"1,100"
셋트앙카8/5*06*80개 ,117,"1,300"
셋트앙카8/5*08*60개 ,9,"1,900"
셋트앙카8/5*10*60개 ,63,"2,400"
셋트앙카8/5*12*50개 ,88,"3,000"
셋트앙카8/7*08 ,32,"5,000"
셋트앙카8/7*10 ,60,"7,000"
셋트앙카8/7*12 ,25,"9,000"
셋트앙카캡2/1*100L ,209,450
셋트앙카캡8/3*100L ,168,350
소각현장난로반드럼용 ,1,"50,000"
소금신안 ,-20,"10,000"
소독전구형광등D15 ,11,"10,000"
소방갈퀴 ,13,"9,000"
소방드립밸브20 ,-2,"5,000"
소방쌍구송수구노출스프링100*65 ,1,"150,000"
소방앵글밸브40 ,-7,"30,000"
소방중계기2회로동방전자 ,-3,"65,000"
소방중계기4회로동방전자 ,1,"90,000"
소방함내압용 ,-6,"62,000"
소방함스텐카바 ,-3,"77,000"
소방호수40*15M단피 ,1,"39,000"
소방호수65*15M*단피 ,,"75,000"
소방호수65*40레듀사 ,1,"26,000"
소변기920트랩형509바이테 ,3,"130,000"
소변기고무패킹 ,,"5,000"
소변기도기트랩 ,11,"10,000"
소변기벽걸이고무가스켓U-37 ,-10,"5,000"
소변기벽배수용신주트랩 ,2,"20,000"
소변기세척밸브*글로벌 ,28,"24,000"
소변기세척밸브누름꼭지 ,1,"24,000"
소변기세척밸브피스톤 ,12,"5,000"
소변기센서매입형자바TU201A전기 ,,"145,000"
소변기센서밧데리용자바 ,2,"49,500"
소변기센서전기식용자바 ,3,"49,500"
소변기스톨 ,6,"9,000"
소변기스파토 ,15,"4,000"
소변기접시마개*자기질 ,,"16,500"
소변기접시트랩구형509구멍3개 ,5,"15,000"
소변기접시트랩신형자기길 ,5,"15,000"
소변기풋쉬버튼 ,10,"4,000"
소변기하이스*P ,18,"5,000"
소변기호수200 ,31,"3,000"
소변기호수300 ,36,"3,000"
소빗(소등긁어주는) ,7,"5,000"
소음측정기 ,-1,"35,000"
소제구100 ,6,"4,000"
소제구125 ,2,"6,500"
소제구150 ,20,"12,000"
소제구200 ,4,"35,000"
소제구300 ,,"38,000"
소제구50 ,14,"2,000"
소제구65 ,8,"2,500"
소제구75 ,9,"3,000"
소켓100 BS 지하수 턱낮음 ,50,"1,500"
소켓100 K ,99,"2,500"
소켓100*50 ,24,"2,500"
소켓100*65 ,25,"2,500"
소켓100*75 ,-1,"2,500"
소켓125 ,11,"3,800"
소켓125*100 ,4,"4,000"
소켓125*75 X ,,"5,000"
소켓150 ,29,"7,000"
소켓150 N ,,"3,000"
소켓150*100 ,31,"5,000"
소켓150*125 ,14,"6,600"
소켓200 ,9,"10,000"
소켓200*100 ,9,"10,000"
소켓200*150 ,6,"14,000"
소켓250*100 ,1,"34,000"
소켓250K ,7,"20,000"
소켓300 ,3,"31,000"
소켓300*100맨홀 ,4,"5,000"
소켓300*150 ,1,"44,000"
소켓300*200 ,,"27,000"
소켓35 ,,600
소켓50 K ,46,600
소켓50*35 ,33,800
소켓65 K ,20,"1,000"
소켓65*50 ,31,"1,000"
소켓75 K ,217,"1,500"
소켓75*50 ,59,"1,000"
소켓75*65 ,10,"1,000"
소켓스텐밴드100 ,7,"5,000"
소켓스텐밴드50 ,5,"3,000"
소켓스텐밴드75 ,4,"4,500"
소화기20kg ABC형 ,,"170,000"
소화기3.3kg수입 ,,
소화기받침 ,78,"3,000"
소화기벽면거치대 ,,"9,000"
소화기분말3.3국산 ,5,"33,000"
소화기자동확산기 ,1,"35,000"
소화기재털이보관함접이식 ,8,"22,000"
소화기점검표 ,-500,200
소화기휴대용 ,,"12,000"
소화장비함 ,,"689,000"
소화전내함*철 ,3,"75,000"
소화전송수쌍구100*65옥내소화전 ,-2,"123,000"
소화전앵글40 ,5,"33,000"
소화전카바*스텐 ,,"92,000"
손갓다*일제파드 ,,
"손갓다8""피쿠스 ",4,"17,000"
손걸래극세사행주300*400분홍 ,,"1,300"
손걸래수건극세사400*600청색분?,319,"1,500"
손걸래수건노랑 백색 ,191,"1,500"
손괭이등산약초괭이양날 ,6,"5,000"
손괭이미니쇠스랑3발은색 ,33,"4,000"
손괭이손괭이주물넓은것 ,,"5,000"
손괭이손약초괭이 ,17,"5,000"
손괭이약초*대두발 ,31,"6,000"
손괭이인삼두발긴것 ,9,"8,000"
손도끼단조 ,12,"8,000"
손도끼무진동*스텐자루 ,5,"12,000"
손도끼스프링세화 ,13,"8,000"
손세정제퓨어폼솝1리터크리넥스 ,,"15,800"
손잡이 ,"2,598",
손잡이 006 중 ,414,"3,000"
손잡이005-대 ,30,"3,500"
손잡이005-소 ,29,"2,000"
손잡이005-중 ,10,"3,000"
손잡이02-소 ,35,"3,000"
손잡이9-22 ,-30,"4,000"
손잡이곰판 ,69,"1,200"
손잡이그린대 ,-5,"4,500"
손잡이그린중 ,53,"4,000"
손잡이꽃잎 ,96,"2,500"
손잡이누비라대 ,66,"8,000"
손잡이누비라특대 ,89,"10,000"
손잡이다용도*대성자주25 ,12,"10,000"
손잡이다용도*대성자주30 ,43,"12,000"
손잡이다용도스텐250 ,13,"10,000"
손잡이다용도스텐300 ,18,"12,000"
손잡이대성101-실버 ,-25,"2,500"
손잡이대흥1-5 ,82,"3,000"
손잡이대흥1-5대 ,75,"4,000"
손잡이대흥1-7은색 ,5,"10,000"
손잡이반도 ,490,500
손잡이볼스마미 ,54,"1,500"
손잡이사시문볼트형 ,7,"9,000"
손잡이스마일A형 ,190,"2,000"
손잡이신주메기 ,,"13,000"
손잡이실버大300 ,4,"8,000"
손잡이실버小150 ,,"6,000"
손잡이실버中220 ,7,"7,000"
손잡이엔젤대*원목 ,80,"6,000"
손잡이엔젤소*원목 ,37,"3,000"
손잡이엔젤중*원목 ,189,"4,000"
손잡이오목금색 ,32,"3,000"
손잡이오목은색 ,35,"3,000"
손잡이오크대 ,22,"5,000"
손잡이오크소 ,150,"3,000"
손잡이오크중 ,913,"4,000"
손잡이은색대 ,18,"2,500"
손잡이은색中 ,83,"2,000"
손잡이이지02-대11-2원목대흥 ,26,"6,000"
손잡이이지02-소11-2원목 ,50,"4,000"
손잡이이지02-중11-2원목 ,55,"5,000"
손잡이주철밤색특대 ,12,"4,500"
손잡이철대 ,15,"5,000"
손잡이철백색 ,99,"1,200"
손잡이철특대 ,20,"6,000"
손잡이크롬*영진 ,105,"1,200"
손잡이판회색대흥 ,76,"3,000"
손잡이한미특대 ,48,"5,000"
손잡이해바라기대 ,20,"3,500"
손잡이해바라기특대 ,30,"6,000"
손잡이현관누비라대(은) ,8,"10,000"
손잡이현관누비라특대 ,10,"10,000"
손캇다 ,4,"10,000"
손탁카 ,5,
손탁카평화 ,14,"23,000"
손탁카핀1208 ,85,"1,500"
손탁카핀1210 ,137,"1,500"
손탁카핀1212 ,98,"1,500"
솔*칫솔모양노랑 ,133,"1,000"
솔*토토솔대*신발 ,20,"2,000"
솔*토토솔소*신발 ,12,"1,500"
솔레노이드밸브물용25 ,-1,"118,800"
솔리티디지털도어락 ,-10,"154,800"
솔저앙카(R산)20*90*600MM ,100,
솔저앙카600와샤볼트포함 ,,"4,980"
솔저앙카너트(R산)22MM ,100,
솔저앙카사각와샤60*60*4T ,,600
송곳대 ,11,"3,000"
송곳소 ,,"1,500"
송곳중 ,10,"2,000"
송풍기계양충전br18lz툴 ,,"90,000"
송풍기보쉬GBL18V-L1베어툴 ,,"110,000"
쇠기둥10자 ,1,"15,000"
쇠기둥12자 ,6,"17,000"
쇠기둥7자 ,13,"7,500"
쇠기둥8자 ,,"14,000"
쇠기둥9자 ,-5,"12,000"
쇠말뚝 30*10 ,450,"1,000"
쇠말뚝 30*13 ,530,"1,500"
쇠말뚝 40*13 ,736,"1,600"
쇠말뚝 50*13 ,765,"1,800"
쇠말뚝 60*13 ,260,"2,200"
쇠말뚝 80*13 ,172,"3,500"
쇠말뚝 80*16 ,40,"4,500"
쇠말뚝100*13 ,98,"5,000"
쇠말뚝100*16 ,8,"7,000"
쇠망치*동진 ,4,"7,000"
쇠스랑3발 ,39,"7,000"
쇠스랑3발*긴것 ,22,"9,000"
쇠스랑3발*스텐자루 ,8,"12,000"
쇠스랑3발자루포함 ,3,"11,000"
쇠스랑4발 ,28,"8,000"
쇠스랑4발*긴것 ,36,"10,000"
쇠스랑4발자루포함 ,-6,"13,000"
쇠중함마*동진 ,2,"13,000"
쇠톱대B*대승 ,,"5,000"
쇠톱대BL7012 ,35,"7,000"
쇠톱대KHF-105동신 ,12,"7,000"
쇠톱대KHF-210동신 ,,"7,000"
쇠톱대고급KHF823동신 ,8,"15,000"
쇠톱대삼공AL ,-2,"9,000"
쇠톱대자루미니 ,47,"1,000"
쇠톱대크로바 ,5,"5,000"
쇼트멍키250*무창 ,,"8,000"
쇼트멍키300*무창 ,,"11,000"
쇼핑카*대*포니 ,2,"40,000"
쇼핑카*중*포니 ,2,"35,000"
쇼핑카바구니 ,,"6,000"
수건걸이 ,20,"3,000"
수건걸이2단 ,3,"30,000"
수건걸이스텐 ,-7,"6,000"
수도125회색 ,,"35,000"
수도150회색 ,5,"58,000"
수도15회색 ,4,"2,500"
수도40회색 ,54,"9,000"
수도65회색 ,12,"13,500"
수도75회색 ,2,"16,000"
수도VG1*30*4미터 ,-1,"5,600"
수도감압기20A*제일 ,1,"24,000"
수도감압밸브(물용)25*JK ,2,"220,000"
수도감압변15A 진성HRT ,17,"15,000"
수도계량기15 ,60,"39,000"
수도계량기20 ,14,"63,000"
수도계량기25 ,5,"76,000"
수도계량기32 ,6,"95,000"
수도계량기40 ,5,"148,000"
수도계량기50 ,2,"195,000"
수도계량기니불15 ,,"5,000"
수도계량기니불20 ,13,"8,000"
수도계량기니불25 ,6,"11,000"
수도계량기함15스치로폴 ,1,"12,000"
수도계량기함800*15 ,2,"79,000"
수도계량기함800*20 ,4,"115,000"
수도계량기함800*25 ,1,"124,000"
수도계량기함뚜껑파랑20 ,1,"19,500"
수도계량기함뚜껑파랑정부인증15 ,1,"15,000"
수도계량기함벽면용15*미래 ,7,"20,000"
수도꼭지 ,-12,"6,000"
수도꼭지15핸디 ,41,"4,000"
수도꼭지20 ,6,"18,000"
수도꼭지25 ,6,"24,000"
수도꼭지가로OVE ,105,"6,000"
수도꼭지가로꼭지 ,273,"6,000"
수도꼭지다용도꼭지 ,11,"12,000"
수도꼭지두갈래 ,70,"14,000"
수도꼭지목돌림신주*자유가랑 ,,"14,000"
수도꼭지세븐워터킹 ,60,"9,000"
수도꼭지슬림세탁기꼭지 ,10,"6,000"
수도꼭지신주*세갈래꼭지 ,25,"24,000"
수도꼭지신주2중두갈래 ,39,"26,000"
수도꼭지신주두갈래 ,6,"22,000"
수도꼭지신주세탁기P가로 ,,"11,000"
수도꼭지십자가로*OVE ,125,"6,000"
수도꼭지왕가로왕 ,-6,"8,000"
수도꼭지왕신주세탁기왕 ,3,"12,000"
수도꼭지왕신주십자왕 ,70,"11,000"
수도꼭지왕십자(왕)*세정 ,44,"8,000"
수도꼭지카플러만 ,7,"1,000"
수도꼭지호수연결구 ,5,"2,000"
수도꼭지호수카플링 ,44,"1,500"
수도다대65*1000 ,,"29,500"
수도미터기15mm ,23,"40,000"
수도미터기함300*450*P뚜껑만 ,3,"7,000"
수도미터기함300*450*스텐뚜껑만 ,-1,"12,000"
수도미터기함300*450*통만 ,3,"8,000"
수도발브소켓100 ,5,"5,000"
수도발브소켓13 ,22,500
수도발브소켓16 ,117,500
수도발브소켓20 ,127,600
수도발브소켓25 ,6,700
수도발브소켓30 ,-9,900
수도발브소켓40 ,62,"1,000"
수도발브소켓50 ,24,"1,500"
수도발브소켓65 ,2,"2,300"
수도발브소켓75 ,19,"2,500"
수도백색*125KS홍일 ,,"80,000"
수도백색*150KS홍일 ,12,"135,000"
수도백색*200KS홍일 ,,"165,000"
수도백색*250KS홍일 ,,"254,000"
수도백색*300KS홍일 ,,"345,000"
수도백색100KS홍일 ,16,"59,000"
수도백색16KS홍일 ,22,"5,500"
수도백색20KS홍일 ,13,"7,000"
수도백색25KS홍일 ,30,"8,600"
수도백색30KS홍일 ,90,"10,800"
수도백색35KS홍일 ,10,"13,000"
수도백색40KS홍일 ,26,"15,000"
수도백색50KS평화 ,31,"18,000"
수도백색65KS홍일 ,4,"29,000"
수도백색75KS홍일 ,8,"39,000"
수도소켓*150 ,5,"13,000"
수도소켓*200 ,,"16,000"
수도소켓100 ,3,"6,000"
수도소켓100*75 ,,"7,000"
수도소켓15*13 ,4,300
수도소켓16 ,128,500
수도소켓20 ,68,500
수도소켓20*15 ,9,500
수도소켓25 ,79,600
수도소켓25*15 ,6,600
수도소켓25*20 ,31,"1,000"
수도소켓30 ,75,"1,000"
수도소켓30*20 ,7,"1,000"
수도소켓30*25 ,27,"1,000"
수도소켓35 ,19,"1,000"
수도소켓40 ,66,"1,200"
수도소켓40*25 ,37,"1,200"
수도소켓40*30 ,49,"1,200"
수도소켓50 ,94,"1,500"
수도소켓50*25 ,29,"1,500"
수도소켓50*30 ,31,"1,500"
수도소켓50*35 ,46,"1,500"
수도소켓50*40 ,-14,"1,600"
수도소켓65 ,8,"3,000"
수도소켓65*50 ,3,"3,000"
수도소켓75 ,10,"4,000"
수도소켓75*50 ,,"3,500"
수도수전소켓15 ,26,"3,000"
수도수전소켓20 ,-6,"5,000"
수도수전엘15 ,49,"4,000"
수도수전엘20 ,3,"7,000"
수도수전티15 ,20,"3,000"
수도스텐파이프15A*6M ,,"70,000"
수도압력게이지100*10K ,5,"8,000"
수도압력게이지100*20K ,5,"8,000"
수도압력게이지10K*50도*드림 ,,"12,000"
수도압력게이지75*1.5MPa*15K ,2,"8,000"
수도앵글밸브15*몰크계량기스텐 ,16,"14,500"
수도앵글밸브15계량기용 ,10,"9,000"
수도앵글밸브20계량기용 ,5,"22,000"
수도에스알쪼인트100 ,3,"11,000"
수도에스알쪼인트16 ,6,"2,500"
수도에스알쪼인트20 ,11,"3,000"
수도에스알쪼인트25 ,8,"3,500"
수도에스알쪼인트30 ,8,"4,000"
수도에스알쪼인트40 ,11,"6,000"
수도에스알쪼인트50 ,7,"8,000"
수도엘100 ,7,"11,500"
수도엘100*45 ,2,"12,000"
수도엘150 ,3,"22,000"
수도엘150/45 ,3,"29,000"
수도엘16 ,56,500
수도엘20 ,55,600
수도엘200/45 ,,"26,000"
수도엘25 ,16,800
수도엘30 ,167,"1,000"
수도엘300 ,1,"49,840"
수도엘35 ,42,"1,000"
수도엘35*45 ,88,"1,000"
수도엘40 ,64,"1,500"
수도엘50 ,105,"2,000"
수도엘50*45 ,93,"2,000"
수도엘65 ,11,"3,000"
수도엘75 ,-3,"4,000"
수도엘75*45 ,2,"4,000"
수도캡100 ,,"7,000"
수도캡15 ,53,500
수도캡20 ,20,500
수도캡25 ,32,500
수도캡30 ,79,800
수도캡35회색 ,20,700
수도캡40 ,27,"1,000"
수도캡50 ,6,"2,000"
수도캡65 ,2,"3,000"
수도캡75 ,3,"4,000"
수도티100 ,,"9,000"
수도티13 ,20,500
수도티15 ,71,600
수도티20 ,1,"1,000"
수도티20*15 ,24,700
수도티25 ,26,"1,000"
수도티25*15 ,41,"1,000"
수도티25*20 ,22,"1,000"
수도티30 ,112,"1,000"
수도티30*15 ,27,"1,000"
수도티30*20 ,57,"1,000"
수도티30*25 ,4,"1,200"
수도티35 ,4,"1,500"
수도티35*50 ,-11,"1,500"
수도티40 ,112,"2,000"
수도티40*15 ,32,"2,000"
수도티40*20 ,8,"2,000"
수도티40*25 ,29,"2,000"
수도티40*30 ,-27,"2,000"
수도티50 ,60,"2,500"
수도티50*15 ,3,"2,500"
수도티50*20 ,-2,"2,500"
수도티50*25 ,-12,"2,500"
수도티50*30 ,-2,"2,500"
수도티50*40 ,32,"2,500"
수도티65 ,-2,"5,000"
수도티75 ,3,"6,000"
수로관와이어12*1.5 ,1,"30,000"
수로관집게1000*2개1조 ,,"320,000"
수로관집게1200*2개1조(대) ,1,"340,000"
수로관집게600*2개1조 ,1,"240,000"
수로관집게800*2개1조(중) ,1,"260,000"
수리비 ,19,
수밀소켓1000 ,,"55,000"
수밀소켓150 ,13,"7,000"
수밀소켓200 ,56,"8,000"
수밀소켓250 ,27,"9,000"
수밀소켓300 ,57,"10,000"
수밀소켓400 ,29,"18,000"
수밀소켓500 ,19,"25,000"
수밀소켓600 ,14,"30,000"
수밀소켓800 ,10,"45,000"
수밀소켓볼트 ,200,750
수밀소켓속지150 ,58,"2,500"
수밀소켓속지200 ,96,"2,500"
수밀소켓속지250 ,17,"2,500"
수밀소켓속지300 ,-7,"3,000"
수밀소켓속지400 ,1,"4,000"
수밀소켓속지500 ,7,"8,000"
수밀소켓속지600 ,3,"12,000"
수방자재보관함18*7*20 ,,"1,000,000"
수세미사각녹색 ,-36,"1,000"
수세식도기(대림)1구DS-101청소?,1,"198,000"
수세식도기(대림)2구 ,,"198,000"
수세식도기트랩 ,2,"40,000"
수세청소통스텐 ,,"88,000"
수세청소통트랩P ,-1,"40,000"
수수비A장목비 ,15,"5,000"
수위조절기오뚜기볼 ,3,"30,000"
수위조절센서급수QS-3B오뚜기볼 ,,"36,000"
수중모타1400MA*1.2마력*50 ,2,"616,000"
수중모타1505MA단상2마력75구 ,,"840,000"
수중모타2200i삼상2마력75 ,1,"960,000"
수중모타750MA삼바리1마력50구 ,3,"480,000"
수중모타751MA(951)망1마력50구 ,2,"480,000"
수중모타751MA망케이블(부레) ,,"67,000"
수중모타PD-200MA*32구형 ,2,"245,000"
수중모타PD-200M프라스틱 ,1,"245,000"
수중모타PD-350M ,1,"260,000"
수중모타PD-350MA프라스틱 ,,"260,000"
수중모타PD-401M0.5마력 ,2,"360,000"
수중모타PD-401MA망0.5마력 ,4,"387,000"
수중모타PDV-300MA ,1,"265,000"
수중모타PDV-400MA삼0.5마력 ,2,"387,000"
수중모타닛불80 ,1,"20,000"
수중모타수리비 ,,"90,000"
수중모타영일전기YI-50 ,,"40,000"
수중모타후드100 ,8,"24,000"
수중모타후드40(38) ,5,"8,000"
수중모타후드50 ,12,"10,000"
수중모타후드65 ,2,"14,000"
수중모타후드75 ,6,"18,000"
수지몰탈*플라스터*견출용 ,,"9,000"
수팽창지수재10*20*50m ,5,"45,000"
수팽창지수재20*20*25m ,2,"36,000"
수평SB1000 ,7,"28,000"
수평SB1200 ,3,"32,000"
수평SB1500 ,5,"47,000"
수평SB1800 ,1,"52,000"
수평SB2000 ,1,"57,000"
수평SB300 ,16,"15,000"
수평SB450 ,26,"16,000"
수평SB600 ,17,"18,000"
수평몰탈한일SL15 25키로,64,"17,000"
수평몰탈한일SL30 ,,
수평몰탈한일SL프라이마18k ,,"72,500"
수평스타빌라1000 ,3,"44,000"
수평스타빌라1200 ,3,"52,000"
수평스타빌라1500 ,3,"70,000"
수평스타빌라1800 ,1,"84,000"
수평스타빌라2000 ,,"96,000"
수평스타빌라450 ,4,"28,000"
수평스타빌라600 ,,"32,000"
수평스타빌라900 ,3,"42,000"
수평스타빌라자석1000 ,1,"65,000"
수평자 ,-1,
수평자경사도자석SB*TL-100M ,4,"30,000"
수평자석SB1000 ,7,"48,000"
수평자석SB1200 ,3,"54,000"
수평자석SB230 ,4,"18,000"
수평자석SB300 ,9,"26,000"
수평자석SB450 ,12,"29,000"
수평자석SB600 ,21,"33,000"
수평자석SB포켓100포켓 ,,"13,000"
수평자석SB포켓150포켓 ,,"15,000"
수평자석제스트100(OF100M) ,6,"10,000"
수평자석제스트100포켓용 ,12,"8,000"
수평자석제스트150포켓용 ,14,"9,000"
수평코너자석일제빔용 ,3,"25,000"
수평호수 4*6*80M ,1,"22,000"
수평호수 6*8*80M ,2,"25,000"
수평호수 7*10*80M ,2,"38,000"
수평호수 8*11*80m ,4,"43,000"
수평호수 9*12*80M ,1,"50,000"
수평호수10*13 ,1,"56,000"
수평호수12*15 ,1,"56,000"
수평호수M당12-15 ,-9,"1,500"
수평호수M당4-11 ,-207,700
순간접착제록타이트401*20ｇ파란 ,140,"4,000"
순간접착제록타이트401*50g ,45,"7,000"
순간접착제알라스카601대*50g ,32,"8,000"
순간접착제알라스카601소*5g ,288,"1,000"
순간접착제알펙스도자기석재 ,20,"4,000"
순환모타후렌지바킹045*046 ,37,"1,000"
순환펌프25*037웰로 ,,"48,000"
순환펌프25*045웰로 ,10,"48,000"
순환펌프32*046웰로 ,14,"48,000"
순환펌프40*080웰로 ,,"155,000"
순환펌프PH-200M ,,"180,000"
숫돌 ,-2,"15,000"
숫돌CMC180*80 ,11,"5,000"
숫돌SM300*180 ,1,"5,000"
숫돌손연마 ,60,"3,000"
숫돌집 ,9,"5,000"
"숫돌킹part2 800,1000 ",1,"35,000"
숫돌킹스톤#1000 ,,"35,000"
숫돌킹스톤#800 ,,"35,000"
숯야자수 ,9,"9,000"
숯웰빙참숯*10K ,3,"52,000"
숯웰빙참숯*3kg ,16,"23,000"
숯웰빙참숯봉지*1K ,20,"9,000"
숯집게스텐 ,1,"7,000"
슈벨4/1 ,,"4,000"
슈벨8/3 ,-2,"6,000"
슈벨후크1.5톤 ,4,"14,000"
슈벨후크1톤 ,3,"12,000"
슈벨후크2톤 ,3,"18,000"
슈벨후크3톤 ,1,"24,000"
슈벨후크5t ,3,"55,000"
슈벨후크7.5톤 ,,"68,000"
슈퍼텍1.2M*55M ,,"250,000"
스기루바 3.4.5. ,17,"30,000"
스냅링175곡.벌SL-OB ,1,"7,000"
스냅링175곡.오 ,16,"7,000"
스냅링175직.벌 ,4,"7,000"
스냅링175직.오 ,7,"7,000"
스노우체인(중국) ,4,"37,000"
스랩링플아이어*중 ,37,"6,000"
스리브관통형100*15전 ,,"2,000"
스리브관통형50-15전 ,45,"1,800"
스리브관통형75-15전 ,1,"2,000"
스리브관통형조절100 ,33,"3,000"
스리브관통형조절50 ,20,"2,000"
스리브관통형조절75 ,40,"2,000"
스리브성형바닦100조절용 ,,"3,500"
스리브성형바닦50조절용 ,27,"2,500"
스리브성형바닦75조절용 ,,"3,000"
스마토C형클램프11 ,12,"14,000"
스마토절연니퍼 ,5,"11,000"
스마토휀스플라이어10 ,-1,"10,000"
"스못10"" ",119,"7,000"
"스못12""*40개 ",103,"10,000"
"스못3"" ",324,"3,000"
"스못4"" ",230,"3,000"
"스못5"" ",107,"4,000"
"스못6"" ",121,"5,000"
"스못7"" ",106,"6,000"
"스못8"" ",119,"7,000"
"스못아연못8"" ",9,"16,000"
스치로폼*네오폴100mm ,42,"22,550"
스치로폼*네오폴125mm ,,"27,800"
스치로폼*네오폴150*2호 ,17,"34,200"
스치로폼*네오폴200*2호 ,8,"42,000"
스치로폼*열추*동양 ,6,"40,000"
스치로폼1호 20 ,22,"6,000"
스치로폼1호 30 ,32,"8,800"
스치로폼1호 50 ,43,"13,000"
스치로폼1호 75 ,36,"18,500"
스치로폼1호100 ,90,"23,000"
스치로폼3호 30 ,223,"4,840"
스치로폼3호 50 ,-1,"9,000"
스치로폼3호 75 ,123,"12,000"
스치로폼3호100 ,57,"15,400"
스치로폼3호150 ,,"22,000"
스치로폼3호240 ,8,"25,000"
스치로폼3호320 ,17,"30,000"
스치로폼단열재인서트 75 ,-1,
스치로폼단열재인서트125 ,290,660
스치로폼단열재인서트150 ,400,750
스치로폼마춤 ,-2,"16,000"
스치로폼받침대 30*600개사각 ,,84
스치로폼받침대 75*300개사각 ,"1,500",150
스치로폼받침대사각판*300개 102*117,600,120
스치로폼본드*토끼표 ,7,"5,000"
스치로폼열선0.6*20미터 ,10,"5,000"
스치로폼열선0.8*20미터 ,10,"6,000"
스치로폼열선5000 ,,300
스치로폼절단기동양내장형 ,3,"55,000"
스치로폼절단기동양분리형 ,,"50,000"
스치로폼절단칼-동양 ,,"40,000"
스치로폼절봉-동양 ,1,"40,000"
스치로폼히타사각150*150 ,3,"28,000"
스치로폼히타사각대125*125 ,2,"28,000"
스치로폼히타사각소100*100 ,1,"28,000"
스치로폼히타정추 ,2,"40,000"
스카프 멀티제우스맨흑색귀걸이 ,17,"5,000"
스카프 바라클라바 ,1,"11,000"
스카프 쿨에이스2 ,19,"8,000"
스카프방한 ,66,"3,000"
스쿠루방수14*025*200개 ,5,"21,000"
스쿠루방수14*032*200개 ,12,"23,000"
스쿠루방수14*038*200개 ,8,"28,000"
스쿠루방수14*050*100개 ,10,"16,000"
스쿠루방수14*065*100개 ,10,"17,000"
스쿠루방수14*080*100개 ,,"18,000"
스쿠루방수14*100*100개 ,,"19,000"
스쿠루방수14*120*100개 ,2,"21,000"
스쿠루방수14*130*100개 ,1,"24,000"
스쿠루방수실리콘14*25*200개 ,13,"18,000"
스쿠루벽체용원형캡아이보리 ,7,"14,000"
스쿠루벽체용일자캡회색*100개 ,5,"13,000"
스쿠루벽체용일자캡흑색*100개 ,5,"13,000"
스쿠루볼트14*020*300개 ,13,"16,000"
스쿠루볼트14*025*300개 ,8,"17,000"
스쿠루볼트14*032*300개 ,19,"18,000"
스쿠루볼트14*038(200개) ,7,"13,000"
스쿠루볼트14*050(200개) ,13,"16,000"
스쿠루볼트14*065(100개) ,28,"10,000"
스쿠루볼트14*075(100개) ,19,"11,000"
스쿠루볼트14*080(100개) ,33,"12,000"
스쿠루볼트14*100*100개 ,26,"15,000"
스쿠루볼트14*120*100개 ,22,"19,000"
스쿠루볼트14*130*100개 ,19,"21,000"
스쿠루볼트14*150*100개 ,19,"24,000"
스쿠루볼트14*165*100개 ,3,"26,000"
스쿠루볼트14*180*100개 ,20,"33,000"
스쿠루볼트14*200*100개 ,7,"41,000"
스쿠루볼트14*210*100개 ,6,"43,000"
스쿠루볼트14*230*100개 ,6,"45,000"
스쿠루볼트14*250*100개 ,6,"57,000"
스쿠루볼트14*280*100개 ,1,"130,000"
스쿠루볼트14*280*50개 ,10,"65,000"
스쿠루볼트14*300*50개 ,11,"75,000"
스쿠루볼트14*330*50개 ,11,"97,000"
스쿠루볼트14*350*50개 ,4,"110,000"
스쿠루볼트14*380*50개 ,5,"120,000"
스쿠루볼트방수와샤200개 ,,"7,000"
스쿠루볼트스텐14*100*100개 ,11,"32,000"
스쿠루볼트스텐14*120*100개 ,3,"40,000"
스쿠루볼트스텐14*150*100개 ,3,"45,000"
스쿠루볼트스텐14*25*500개 ,3,"59,000"
스쿠루볼트스텐14*38*200개 ,3,"30,000"
스쿠루볼트스텐14*50*200개 ,3,"38,000"
스쿠루볼트스텐14*75*100개 ,3,"25,000"
스쿠루볼트스텐14*80*100개 ,,"25,000"
스쿠루볼트캡14*500 ,2,"13,000"
스크루볼트14*250*50개*에바다 ,9,"20,000"
스크리퍼1단KA380편한손 ,12,"9,000"
스크리퍼2단KA4060편한손 ,16,"16,000"
스킬드릴충전14.4 ,2,"120,000"
스타프SB(ST-55M) ,13,"66,000"
스탑비트14 ,5,"15,000"
스테플 ,90,"1,000"
스텐15하이디알쪼인트 ,,"16,500"
스텐D버클 ,,"2,000"
스텐걸음망100 ,30,"3,000"
스텐걸음망50 ,96,"2,000"
스텐걸음망65 ,85,"2,500"
스텐걸음망75 ,2,"3,000"
스텐교량용배수구사각150 ,1,"190,000"
스텐기름트랩400*400 ,1,"340,000"
스텐기리10 ,9,"14,300"
스텐기리11 ,10,"16,000"
스텐기리12 ,8,"25,000"
스텐기리13 ,10,"27,000"
스텐기리2.0~2.3 ,57,"2,000"
스텐기리2.4~2.5 ,65,"2,000"
스텐기리2.7~2.8 ,27,"2,000"
스텐기리3.0 ,53,"2,500"
스텐기리3.2 ,86,"2,500"
스텐기리3.3 ,39,"3,000"
스텐기리3.5 ,76,"3,000"
스텐기리3.7 ,38,"3,000"
스텐기리3.8 ,30,"3,000"
스텐기리4.0 ,22,"3,000"
스텐기리4.2 ,27,"3,000"
스텐기리4.5. ,13,"3,500"
스텐기리4.8 ,30,"4,000"
스텐기리5.0 ,44,"5,000"
스텐기리5.2 ,50,"6,000"
스텐기리5.3 ,25,"6,000"
스텐기리5.5 ,70,"5,000"
스텐기리6.0 ,38,"7,000"
스텐기리6.5 ,15,"8,000"
스텐기리7.0 ,36,"7,000"
스텐기리8.0 ,15,"9,000"
스텐기리9.0 ,11,"12,000"
스텐기리충전용5p코발트 ,3,"23,000"
스텐기리충전임팩용3 ,15,"5,000"
스텐기리충전임팩용3.2 ,10,"5,000"
스텐기리충전임팩용3.5 ,8,"5,000"
스텐기리충전임팩용4.0 ,19,"6,000"
스텐기리충전임팩용5.0 ,13,"7,000"
스텐너트12mm ,-200,160
스텐너트16 ,,300
스텐너트2/1*12MM ,184,250
스텐너트22 ,,850
스텐너트8/3*10MM ,"1,220",100
스텐다대15*1000 ,15,"14,000"
스텐다대15*1200 ,9,"17,000"
스텐다대15*150 ,64,"2,200"
스텐다대15*200 ,43,"3,000"
스텐다대15*300 ,31,"4,500"
스텐다대15*400 ,8,"6,000"
스텐다대15*500 ,14,"7,500"
스텐다대15*600 ,25,"9,000"
스텐다대15*800 ,20,"11,500"
스텐다대15*800*2.1T ,,"7,500"
스텐다대15*900 ,29,"10,000"
스텐다대20*1000 ,7,"17,000"
스텐다대20*150 ,18,"3,000"
스텐다대20*200 ,17,"4,000"
스텐다대20*300 ,36,"6,000"
스텐다대20*400 ,20,"7,500"
스텐다대20*500 ,15,"7,000"
스텐다대20*600 ,10,"10,000"
스텐다대20*800 ,5,"15,000"
스텐다대25*1000 ,5,"18,000"
스텐다대25*150 ,29,"4,000"
스텐다대25*200 ,18,"6,000"
스텐다대25*300 ,20,"8,000"
스텐다대25*400 ,13,"12,000"
스텐다대25*500 ,7,"12,000"
스텐다대25*600 ,8,"15,000"
스텐다대25*800 ,5,"19,000"
스텐다대32*1000 ,3,"24,000"
스텐다대32*150 ,5,"6,000"
스텐다대32*200 ,9,"7,000"
스텐다대32*300 ,9,"9,000"
스텐다대32*400 ,5,"12,000"
스텐다대32*500 ,8,"15,000"
스텐다대40*150 ,8,"6,000"
스텐다대40*200 ,,"7,000"
스텐다대40*300 ,4,"10,000"
스텐다대40*500 ,4,"17,000"
스텐다대50*150 ,3,"7,000"
스텐다대50*200 ,4,"9,000"
스텐다대50*300 ,11,"17,000"
스텐다대50*400 ,8,"20,000"
스텐다대50*500 ,2,"23,000"
스텐단니불15 ,75,"1,000"
스텐단니불20 ,55,"1,000"
스텐단니불25 ,44,"1,500"
스텐단니불32 ,28,"2,200"
스텐단니불40 ,36,"2,500"
스텐단니불50 ,11,"3,500"
스텐단니불65 ,2,"4,500"
스텐레듀사20*15 ,16,"3,500"
스텐레듀샤25*15 ,21,"4,000"
스텐레듀샤25*20 ,14,"4,000"
스텐레듀샤32*15 ,12,"5,500"
스텐레듀샤32*20 ,4,"5,500"
스텐레듀샤32*25 ,8,"5,500"
스텐레듀샤40*20 ,10,"6,600"
스텐레듀샤40*25 ,4,"6,600"
스텐레듀샤40*32 ,20,"8,000"
스텐레듀샤50*20 ,9,"10,000"
스텐레듀샤50*25 ,8,"10,000"
스텐레듀샤50*32 ,4,"10,000"
스텐레듀샤50*40 ,7,"10,000"
스텐루프드레인75/100피브시용 ,1,"135,000"
스텐리베트3.2*11 ,,"13,000"
스텐리베트3.2*8 ,9,"12,000"
스텐리베트4.0*11 ,7,"14,000"
스텐리베트4.8*11 ,7,"22,000"
스텐리베트4.8*16 ,11,"22,000"
스텐리열풍기STEL670-KR ,,"45,000"
스텐리원형샌딩기SS30*300W*8홀 ,1,"67,000"
스텐메꾸라15 ,27,"2,500"
스텐메꾸라20 ,10,"3,500"
스텐메꾸라25 ,6,"3,500"
스텐메꾸라32 ,19,"6,000"
스텐메꾸라40 ,25,"8,000"
스텐메꾸라50 ,15,"12,000"
스텐못2 ,6,"5,000"
스텐못3 ,17,"10,000"
스텐못이중대가리100 ,1,"36,000"
스텐못이중대가리80 ,1,"37,000"
스텐반도미제16~20 ,750,"1,000"
스텐방청코팅제ks-316L ,19,"7,000"
스텐보냉물통6리터 ,-2,"85,000"
스텐볼트12*50 ,-100,400
스텐볼트16*120 ,,"2,400"
스텐볼트16*150 ,,"3,000"
스텐볼트16/5*5셋트 ,100,"1,000"
스텐볼트22*100 ,125,"4,500"
스텐볼트22*110 ,-125,"4,500"
스텐볼트5/8*1.1/2 ,,"1,500"
스텐볼트8/3*2 ,720,300
스텐볼트8/3*5 ,46,"1,000"
스텐봉1m20 ,,"7,000"
스텐봉25*2m ,31,"12,000"
스텐봉단구 ,31,"2,000"
스텐봉소켓 ,-5,"1,000"
스텐봉양구 ,18,"2,000"
스텐봉원형소켓 ,50,"2,000"
스텐봉장구 ,-24,"3,000"
스텐붓싱20*15 ,42,"3,000"
스텐붓싱25*15 ,15,"4,500"
스텐붓싱25*20 ,12,"4,500"
스텐붓싱32*15 ,6,"6,000"
스텐붓싱32*20 ,-1,"5,500"
스텐붓싱32*25 ,10,"6,000"
스텐붓싱40*15 ,9,"7,700"
스텐붓싱40*20 ,14,"7,700"
스텐붓싱40*25 ,14,"9,000"
스텐붓싱40*32 ,8,"10,000"
스텐붓싱50*15 ,4,"11,000"
스텐붓싱50*20 ,6,"11,000"
스텐붓싱50*25 ,13,"11,000"
스텐붓싱50*32 ,18,"11,000"
스텐붓싱50*40 ,17,"12,000"
스텐붓싱65*50 ,2,"19,000"
스텐사라직결8*13(500)FH ,35,"15,000"
스텐사라직결8*16(500) ,18,"16,000"
스텐사라직결8*20(500) ,4,"18,000"
스텐사라직결8*25*500개 ,18,"21,000"
스텐사라직결8*32(500) ,21,"25,000"
스텐사라직결8*38(500) ,12,"29,000"
스텐사라직결8*50(500) ,10,"36,000"
스텐사라태평4*12(1000) ,9,"23,000"
스텐사라태평4*16(1000) ,4,"26,000"
스텐사라태평4*20(500) ,2,"16,000"
스텐사라태평4*25(500) ,6,"24,000"
스텐사라태평4*30(500개) ,4,"22,000"
스텐사라태평4*40(300) ,9,"17,000"
스텐사라태평4*50(300) ,10,"20,000"
스텐소켓15 ,33,"1,500"
스텐소켓20 ,5,"2,000"
스텐소켓25 ,30,"3,000"
스텐소켓32 ,23,"3,000"
스텐소켓40 ,8,"4,000"
스텐소켓50 ,24,"6,000"
스텐슈벨4 ,12,"4,000"
스텐스트레나나사식25A ,,"16,000"
스텐스프링와샤12 ,,100
스텐아이너트2/1 ,50,"4,000"
스텐아이너트8/3 ,32,"2,500"
스텐아이볼트2/1 ,55,"4,000"
스텐아이볼트8/3 ,106,"2,500"
스텐압력계100A*10bar ,5,"63,000"
스텐압력계100A*6bar ,5,"63,000"
스텐앙카*201*2/1*4 ,506,900
스텐앙카*201*2/1*5 ,34,"1,100"
스텐앙카*201*2/1*6 ,88,"1,300"
스텐앙카*201*5/8*4 ,,"2,000"
스텐앙카*201*8/3*2 ,655,350
스텐앙카*201*8/3*3 ,"1,061",400
스텐앙카*201*8/3*4 ,541,500
스텐앙카*201*8/3*5 ,280,700
스텐앙카*201*8/3*6 ,425,800
스텐앙카*201*8/3*8 ,188,"1,000"
스텐앙카304*2/1*4*수입 ,90,750
스텐앙카304*2/1*5*수입 ,30,"2,000"
스텐앙카304*5/16*2*수입 ,461,600
스텐앙카304*8/3*3*수입 ,293,700
스텐앙카304*8/3*4*수입 ,591,900
스텐앙카304*8/3*5*수입 ,196,"1,100"
스텐앙카304*8/3*6*수입 ,97,"1,500"
스텐앙카304*8/3*8*수입 ,18,"2,400"
스텐앙카국산*304*2/1*4 ,340,"2,000"
스텐앙카국산*304*2/1*5 ,37,"2,200"
스텐앙카국산*304*2/1*6 ,134,"2,400"
스텐앙카국산*304*2/1*8 ,100,"3,600"
스텐앙카국산*304*5/8*5 ,110,"3,000"
스텐앙카국산*304*5/8*6 ,32,"3,500"
스텐엘20*15 ,-26,"5,000"
스텐엘보15 ,81,"3,000"
스텐엘보20 ,36,"3,000"
스텐엘보25 ,5,"4,500"
스텐엘보32 ,7,"7,300"
스텐엘보40 ,6,"10,000"
스텐엘보50 ,6,"14,400"
스텐엘보65 ,,"33,820"
스텐연결너트12*60 ,,"4,500"
스텐와샤16 ,,100
스텐와샤2/1*12mm ,,70
스텐와샤22(7/8) ,,185
스텐와샤8/3*10mm ,340,50
스텐와샤스프링8/3*10mm ,92,50
스텐용드릴날 ,,
스텐유니온15 ,-3,"6,500"
스텐유니온20 ,6,"8,800"
스텐유니온25 ,7,"12,000"
스텐유니온32 ,10,"16,000"
스텐유니온40 ,9,"22,000"
스텐유니온50 ,5,"31,000"
스텐유니온65 ,,"60,000"
스텐장니불15 ,41,"1,500"
스텐장니불20 ,28,"2,000"
스텐장니불25 ,10,"3,000"
스텐장니불32 ,,"3,000"
스텐장니불40 ,,"4,500"
스텐장니불50 ,4,"6,000"
스텐장니불65 ,3,"7,000"
스텐장니불8 ,,"1,200"
"스텐정첩1""개당 ",80,800
스텐정첩1.5 ,90,"1,000"
스텐정첩2.0 ,167,"1,500"
스텐정첩2.5 ,39,"1,700"
스텐정첩3.0 ,105,"2,000"
"스텐정첩4""(1곽2개)*영진 ",17,"11,000"
"스텐정첩T4""*2개당 ",,"7,000"
"스텐정첩티4""개당 ",,"3,500"
스텐주름관15*1M ,-193,"2,500"
스텐주름관20*1M ,-2,"3,000"
스텐주름관25*1M ,-41,"5,000"
스텐주름관32*1M ,27,"10,000"
스텐주름관롤15mm*50M ,2,"76,000"
스텐주름관롤20mm*30M ,3,"75,000"
스텐주름관롤25mm*30M ,6,"88,000"
스텐주름관롤32mm*20M ,2,"173,000"
스텐주름관롤관15mm*50M피폭 ,,"76,000"
스텐주름관발브소켓15 ,66,"2,500"
스텐주름관발브소켓20 ,16,"5,500"
스텐주름관발브소켓25 ,7,"8,000"
스텐주름관발브소켓32 ,3,"16,000"
스텐주름관발브엘15 ,35,"4,500"
스텐주름관소켓15 ,88,"4,400"
스텐주름관소켓20 ,25,"6,000"
스텐주름관소켓25 ,10,"10,000"
스텐주름관소켓32 ,-1,"22,000"
스텐주름관속소켓15*CP ,126,"3,500"
스텐주름관속소켓20 ,58,"5,000"
스텐주름관속소켓25 ,57,"7,500"
스텐주름관속소켓32 ,,"16,000"
스텐주름관속티15 ,26,"5,000"
스텐주름관속티20 ,2,"9,000"
스텐주름관속티25 ,12,"14,000"
스텐주름관수전엘15 ,33,"4,500"
스텐주름관수전엘20 ,13,"8,000"
스텐주름관수전엘25 ,14,"12,000"
스텐주름관수전엘날15삼방 ,33,"6,500"
스텐주름관엘15 ,48,"5,500"
스텐주름관엘20 ,-10,"7,800"
스텐주름관엘25 ,14,"12,000"
스텐주름관중간밸브15 ,17,"7,000"
스텐주름관티15 ,67,"6,000"
스텐주름관티20 ,19,"9,000"
스텐주름관티25 ,8,"17,000"
스텐주름관헷다밸브15 ,19,"6,600"
스텐주름관헷다밸브속15 ,13,"6,600"
스텐중니불15 ,66,"1,500"
스텐중니불20 ,9,"1,500"
스텐중니불25 ,40,"2,500"
스텐중니불32 ,33,"3,500"
스텐중니불40 ,24,"4,000"
스텐중니불50 ,18,"5,000"
스텐직결8*13*500개pw ,28,"14,000"
스텐직결8*16*500개 ,23,"16,000"
스텐직결8*20*500개 ,20,"18,000"
스텐직결8*25*500개 ,11,"20,000"
스텐직결8*32*500개 ,11,"24,000"
스텐직결8*38*500개 ,13,"29,000"
스텐직결8*50*500개 ,10,"36,000"
스텐직결8*64*500개 ,,"39,000"
스텐체결반도100 ,50,"4,000"
스텐체결반도50 ,50,"3,000"
스텐체결반도65 ,-1,"2,500"
스텐체결반도75 ,-2,"4,000"
스텐캡15 ,8,"2,500"
스텐캡20 ,13,"3,300"
스텐캡25 ,19,"5,000"
스텐캡32 ,10,"7,000"
스텐캡40 ,4,"9,000"
스텐캡50 ,4,"12,000"
스텐코너루프드레인75피브시형 ,1,"90,000"
스텐코너루프드레인강관75 ,1,"110,000"
스텐트렌치센타50*100*10001 ,1,"75,000"
스텐트렌치측면50*400하리 ,8,"36,000"
스텐트렌치측면50*500하리 ,6,"62,000"
스텐티15 ,72,"3,000"
스텐티20 ,34,"4,000"
스텐티25 ,20,"6,500"
스텐티32 ,10,"11,000"
스텐티40 ,26,"13,500"
스텐티40*15 ,5,"13,500"
스텐티50 ,6,"20,000"
스텐티50*15 ,-7,"20,000"
스텐티50*25 ,-3,"20,000"
스텐파이프25 ,-4,"97,500"
스텐파이프50*2.5T ,-4,"52,000"
스텐파이프80*2.5T ,-7,"90,000"
스텐피스4*16 ,-5,"28,000"
스텐피스4*20 ,9,"33,000"
스텐피스4*25 ,4,"24,000"
스텐피스4*30 ,-1,"30,000"
스텐피스4*32 ,10,"24,000"
스텐피스4*35 ,1,"27,000"
스텐피스4*40 ,-7,"20,000"
스텐피스4*50 ,-3,"29,000"
스텐피스8*20 ,13,"17,000"
스텐피스8*25 ,-2,"20,000"
스텐피스T/S 5*25우산형*300개 ,-1,"27,000"
스텐하수걸음망100 ,173,"3,000"
스텐하수걸음망50 ,52,"2,000"
스텐하수걸음망65 ,-5,"2,500"
스텐하수걸음망75 ,194,"3,000"
스톱바*쿠션대 ,49,"3,000"
스톱바110 ,58,"3,000"
스톱바60 ,49,"3,000"
스톱바반달 ,25,"4,000"
스트레나20*10K ,,"36,000"
스트롱앙카2/1*50개개당 ,428,450
스트롱앙카8/3*12 ,450,"11,000"
스트롱앙카8/3*14 ,499,"12,000"
스트롱앙카8/3*14개당 ,16,200
스트롱앙카펀치2/1 ,3,"6,000"
스트롱앙카펀치8/3 ,5,"5,000"
스티커제거제*3M프리미엄 ,-2,"8,000"
스티커제거제*일신IS7510 ,66,"8,000"
스틸벽면컷팅기ST800*16엔진 ,1,"1,980,000"
스틸에폭시*록스타 ,14,"6,000"
스틸태핑8*20백양날 ,,"13,000"
스틸태핑8*25백양날 ,2,"8,000"
스팀고압호수25*15M ,1,"75,000"
스팀고압호수32*15M ,1,"100,000"
스팀압력게이지*10*100*세광 ,-5,"54,000"
스팀압력게이지*6*100*세광 ,-5,"54,000"
스파이럴닥트100*4M ,4,"27,000"
스파이럴닥트125*4M ,2,"30,000"
스파이럴닥트150*4M ,12,"36,000"
스파이럴닥트175*4M ,3,"41,000"
스파이럴닥트200*4M ,4,"45,000"
스파이럴닥트250*4M ,4,"68,000"
스파이럴닥트300*4M ,1,"76,000"
스파이럴닥트400*4M ,,"78,000"
스파이럴닥트레듀샤125*100 ,6,"8,000"
스파이럴닥트레듀샤150*100 ,3,"9,000"
스파이럴닥트레듀샤150*125 ,8,"9,000"
스파이럴닥트레듀샤175*125 ,3,"10,000"
스파이럴닥트레듀샤175*150 ,4,"10,000"
스파이럴닥트레듀샤200*100 ,3,"10,000"
스파이럴닥트레듀샤200*125 ,6,"15,000"
스파이럴닥트레듀샤200*150 ,8,"12,000"
스파이럴닥트레듀샤200*175 ,3,"13,000"
스파이럴닥트레듀샤250*150 ,1,"13,000"
스파이럴닥트레듀샤300*100 ,,"24,000"
스파이럴닥트레듀샤300*150 ,2,"17,000"
스파이럴닥트레듀샤300*200 ,8,"17,000"
스파이럴닥트레듀샤300*250 ,2,"23,000"
스파이럴닥트레듀샤350*200 ,,"20,000"
스파이럴닥트레듀샤400*200 ,,"20,000"
스파이럴닥트부속 ,,
"스파이럴닥트소켓100*4"" ",2,"3,000"
"스파이럴닥트소켓125*5"" ",3,"3,000"
"스파이럴닥트소켓150(6"" ",8,"4,000"
"스파이럴닥트소켓175(7"" ",2,"5,000"
"스파이럴닥트소켓200*8"" ",6,"5,000"
"스파이럴닥트소켓250*10"" ",3,"6,000"
"스파이럴닥트소켓300*12"" ",,"6,000"
"스파이럴닥트소켓400*16"" ",,"8,000"
스파이럴닥트엘100 ,5,"13,000"
스파이럴닥트엘125 ,5,"13,000"
스파이럴닥트엘150 ,10,"14,000"
스파이럴닥트엘175 ,7,"14,000"
스파이럴닥트엘200 ,6,"15,000"
스파이럴닥트엘250 ,4,"22,000"
스파이럴닥트엘300 ,,"30,000"
스파이럴닥트엘400 ,,"35,000"
스파이럴닥트엘45도*100 ,5,"8,000"
스파이럴닥트엘45도*125 ,9,"11,000"
스파이럴닥트엘45도*150 ,8,"10,000"
스파이럴닥트엘45도*200 ,5,"12,000"
스파이럴닥트엘45도*250 ,,"13,000"
스파이럴닥트역풍방지125 ,,"35,000"
스파이럴닥트역풍방지150 ,,"35,000"
스파이럴닥트역풍방지200 ,3,"44,000"
스파이럴닥트와자200 ,3,"24,000"
스파이럴닥트이경티200*150*200 ,4,"16,000"
스파이럴닥트이경티250*150*250 ,1,"16,000"
스파이럴닥트이경티300*150*300 ,4,"20,000"
스파이럴닥트캡150 ,1,"7,000"
스파이럴닥트캡200 ,5,"7,000"
스파이럴닥트캡300 ,,"11,000"
스파이럴닥트티*100 ,4,"9,000"
스파이럴닥트티*125 ,3,"9,000"
스파이럴닥트티*150 ,6,"11,000"
스파이럴닥트티*175 ,4,"12,000"
스파이럴닥트티*200 ,7,"16,000"
스파이럴닥트티*250 ,3,"15,000"
스파이럴닥트티*300 ,3,"17,000"
스파이럴닥트티*400 ,,"28,000"
스파이럴닥트플랜지200 ,,"6,500"
스펀지특대80*140*180 ,183,"2,000"
스페나06 ,7,"1,500"
스페나07 ,7,"1,500"
스페나08 ,20,"1,500"
스페나09 ,19,"1,500"
스페나10 ,4,"1,800"
스페나11 ,33,"1,800"
스페나12 ,17,"2,500"
스페나13 ,29,"2,500"
스페나14 ,31,"2,500"
스페나15 ,16,"2,500"
스페나16 ,11,"3,000"
스페나17 ,33,"3,500"
스페나18 ,12,"3,000"
스페나19 ,23,"4,000"
스페나20 ,16,"5,000"
스페나21 ,18,"5,000"
스페나22 ,10,"6,000"
스페나23 ,17,"6,000"
스페나24 ,9,"6,000"
스페나25 ,9,"6,000"
스페나26 ,8,"7,000"
스페나27 ,8,"8,000"
스페나28 ,8,"8,000"
스페나29 ,8,"8,000"
스페나30 ,7,"12,000"
스페나31 ,3,"12,000"
스페나32 ,7,"12,000"
스페나33 ,4,"13,000"
스페나34 ,3,"14,000"
스페나35 ,4,"14,000"
스페나36 ,3,"20,000"
스페나37 ,3,"18,000"
스페나38 ,4,"20,000"
스페나39 ,7,"33,000"
스페나40 ,6,"33,000"
스페나41 ,7,"33,000"
스페나42 ,2,"35,000"
스페나기어플랙시볼KDY 6mm ,7,"10,000"
스페나기어플랙시볼KDY10mm ,8,"7,000"
스페나기어플랙시볼KDY11mm ,6,"7,000"
스페나기어플랙시볼KDY19mm ,3,"10,000"
스페나기어플랙시볼선키 9mm ,2,"11,000"
스페나기어플랙시볼선키10mm ,2,"12,000"
스페나기어플랙시볼선키14mm ,1,"14,000"
스페나기어플랙시볼선키17mm ,2,"16,000"
스페나기어플랙시볼선키21mm ,3,"27,000"
스페나기어플랙시볼제스트 8mm ,12,"11,000"
스페나기어플랙시볼제스트10mm ,8,"7,000"
스페나기어플랙시볼제스트11mm ,19,"12,000"
스페나기어플랙시볼제스트13 ,24,"8,000"
스페나기어플랙시볼제스트13mm ,28,"13,000"
스페나기어플랙시볼제스트14 ,22,"9,000"
스페나기어플랙시볼제스트17 ,5,"10,000"
스페나기어플랙시볼제스트19mm ,16,"17,000"
스페나자동 9선키 ,3,"8,000"
스페나자동10선키 ,7,"8,000"
스페나자동11선키 ,1,"8,000"
스페나자동13선키 ,4,"10,000"
스페나자동19선키 ,3,"13,000"
스페나자동21선키 ,1,"18,000"
스페나자동KDY10 ,5,"5,000"
스페나자동KDY13 ,-2,"7,000"
스페나자동KDY14 ,,"7,000"
스페나자동제스트 8 ,4,"8,000"
스페나자동제스트09 ,10,"4,000"
스페나자동제스트10 ,15,"5,000"
스페나자동제스트11 ,10,"5,000"
스페나자동제스트12 ,12,"6,000"
스페나자동제스트13 ,6,"6,000"
스페나자동제스트14 ,11,"7,000"
스페나자동제스트17 ,5,"8,000"
스페나자동제스트19 ,3,"10,000"
스페나자동제스트21 ,4,"11,000"
스페나자동제스트24 ,1,"12,000"
스페나자동제스트27 ,5,"16,000"
스페나자동제스트29 ,,"18,000"
스페나자동제스트30 ,6,"19,000"
스페나자동제스트32 ,5,"27,000"
스페샬벽돌2호2.3.4*120개 ,19,"9,800"
스페샬벽돌3호3.4.5*80개 ,23,"11,000"
스페샬벽돌5호50.75*40개 ,104,"11,000"
스페샬벽돌6호9.10*25개 ,19,"9,000"
스페샬원형100*10*32(100) ,200,"36,000"
스페샬원형30*10*13(1000) ,"1,000",30
스페샬원형30*16*19(500) ,"4,749",30
스페샬원형40*10*13(800) ,800,50
스페샬원형40-16*22(300) ,"5,200",90
스페샬원형40-16-22(500) ,"1,500",90
스페샬원형50*10*16(500) ,128,98
스페샬원형50*19*26(250) ,250,110
스페샬원형70*13*32(100) ,300,300
스페샬원형80*13*32(80) ,78,350
스페이스웰 ,1,"66,000"
스페이스웰몰딩겉 ,8,"5,000"
스페이스웰후크100 ,-10,700
스페이스웰후크150 ,125,700
스페이스웰후크250.300 ,-5,"1,000"
스페이스웰후크50mm ,-30,600
스펜나기어플랙시볼22 ,4,"26,000"
스프레이건OK-77 8호 ,13,"28,000"
스프레이건W-773S흡상동신 ,,"22,000"
스프레이건w77-3s제스트 ,8,"18,000"
스프레이건동아707 ,2,"70,000"
스프레이건동아708 ,2,"93,000"
스프레이건통71호*1000cc ,13,"9,000"
스프레이건통77호*1200cc ,9,"9,000"
스프레이구리스일신제약 ,184,"5,000"
스프레이본드3엠*77*12개 ,12,"14,000"
스프링 ,50,"2,000"
스프링*10*330중용수철 ,35,"2,000"
스프링*12*350대용수철 ,25,"2,500"
스프링*15*350특대용수철 ,19,"3,000"
스프링*18*350왕대용수철 ,40,"4,000"
스프링관통기*10M*엔젤 ,9,"16,000"
스프링관통기*1M ,11,"12,000"
"스프링와샤1"" ",34,150
스프링와샤10 ,366,30
스프링와샤12 ,"1,132",50
스프링와샤14 ,644,70
스프링와샤16 ,-11,100
스프링와샤20 ,83,120
스프링와샤22 ,282,120
스프링와샤24 ,267,160
스프링와샤4 ,-18,10
스프링와샤6 ,"4,195",10
스프링와샤8 ,"1,671",12
스프링와샤스텐16 ,159,150
스프링와샤스텐20 ,,250
스프링와샤스텐8/3 ,620,50
스프링와샤스텐8/3*10 ,-720,50
스프링와샤융융도금16 ,36,100
스프링청소기10M삼정 ,16,"16,000"
스프링청소기15M청주 ,,"66,000"
스프링청소기20M청주 ,,"74,000"
스프링청소기공성10M공성 ,,"52,000"
스프링청소기공성15M공성 ,1,"115,000"
스프링청소기공성20M공성 ,2,"130,000"
스프링청소기공성30M공성 ,2,"158,000"
스프링청소기록스16 ,,
스프링청소기부속 ,-4,"30,000"
스프링쿨러3발(바닥용) ,24,"18,000"
스프링쿨러ssk-59삼각대일체형선 ,1,"59,000"
스프링쿨러가압모타pw-350m ,1,"300,000"
스프링쿨러대만z-s200p-대프라스 ,4,"8,000"
스프링쿨러방향조절용pe ,41,"7,000"
스프링쿨러삼각대*신주 ,66,"13,000"
스프링쿨러삼각대알미늄*영화 ,6,"22,000"
스프링쿨러신주셋트 ,9,"36,500"
스프링쿨러신주헤드 ,34,"13,000"
스프링쿨러신주헤드각도 ,24,"16,000"
스프링쿨러알미늄셋트*명보 ,,"36,000"
스프링쿨러이동식쿨러 ,8,"21,000"
스프링쿨러잔디용P ,8,"8,000"
스프링쿨러프라스틱박스 ,3,"10,000"
스프링쿨러피이 ,6,"7,000"
스프링쿨러피이조 ,-1,"19,000"
스프링쿨러호수 ,-5,"23,000"
스프링호수38*40M ,,"208,000"
스피커 ,-1,"110,000"
스피커선 ,10,"6,000"
슬리퍼 ,-3,"13,000"
습식코아록스RC-250A습식 ,,"950,000"
"습식코아록스RC5"" ",,"550,000"
"습식코아록스RC6""동신 ",,"660,000"
"습식코아케벨6""동신 ",,"595,000"
"습식코아케벨6""습식 ",,"500,000"
습식코아케벨csn-10A ,1,"950,000"
시계 ,13,"15,000"
시공비 ,-481,
시공비미터당 ,,"10,000"
"시그마4""컵 ",10,"20,000"
시그마마른날8 ,4,"21,000"
시노대 ,30,"5,000"
시노대꽈배기분홍 ,-6,"6,000"
시노대꽈베기 ,19,"5,000"
시노대마춤타이절단부착 ,8,"16,000"
시노대성창 ,60,"5,000"
시노대알폼링 ,4,"8,000"
시노대육각 ,65,"5,000"
시동고리20*44 ,-20,500
시동선*낙하산줄4~4.5*100m ,4,"45,000"
시동선*낙하산줄5mm*100m ,269,"2,000"
시동스프레이*쿤크 ,10,"8,000"
시린다 ,86,"12,000"
시린다4800그레이 ,36,
시린다기리 ,2,"20,000"
시린다레버엔젤701-GR버튼 ,67,"19,000"
시린다레버엔젤701-SB버튼 ,56,"19,000"
시린다레버엔젤750퍼스트열쇠GR ,1,"19,000"
시린다레버엔젤750퍼스트열쇠SB ,7,"19,000"
시린다레버엔젤ATL750-GR ,60,"19,000"
시린다레버엔젤ATL750-SB ,,
시린다멍통1002PB욕실금색 ,3,"13,000"
시린다스텐1000SS ,36,"12,000"
시린다신주1000PB ,34,"13,000"
시린다현관정9000SS ,21,"13,000"
시린다현관정9000레버 ,27,"20,000"
시린다현관정9200스마트금색 ,,"20,000"
시린다현관정멍통 ,19,"13,000"
시멘트*쌍용 ,253,"8,000"
시멘트메지농회색 ,57,"8,000"
시멘트메지백색*25K ,21,"7,500"
시멘트메지비둘기PC234*25K ,8,"8,000"
시멘트메지아이보IV150 ,54,"7,500"
시멘트메지황토505 ,47,"7,500"
시멘트메지회색 ,4,"8,000"
시멘트메지흑검정*25K ,24,"8,000"
시멘트무수축한일GP400*25㎏ ,50,"8,000"
시멘트무수축한일GP600*25kg ,,
시멘트초속경몰탈*25K*유니온JM ,,"25,000"
시트지 ,1,"9,000"
식염포도당 ,,"23,000"
신나도로용코트신나(2ℓ) ,,"11,000"
신나도로용코트신나(4ℓ) ,1,"20,000"
신나락카2.2 ,4,"13,000"
신나에나멜*17L말통 ,3,"54,000"
신나에나멜*1L피케이 ,55,"7,000"
신나에나멜*2.2L ,22,"12,000"
신나에나멜4ℓ ,3,"21,000"
신일써클레이터스텐드SIF-BS90S ,2,
신일화레이FKH2220 ,-1,"1,338,700"
신주고정엘15 ,10,"2,500"
신주광택용(제일) ,,"5,000"
신주광택용스프레이 ,,"5,000"
신주노즐4/1 ,40,"2,000"
신주단니불06 ,23,"1,000"
신주단니불08*4/1 ,53,"1,000"
신주단니불10 ,14,"1,000"
신주단니불15 ,159,"1,500"
신주단니불20 ,38,"2,400"
신주단니불25 ,24,"4,000"
신주단니불32 ,8,"7,000"
신주단니불40 ,7,"7,800"
신주단니불50 ,3,"9,000"
신주레듀샤2/1*4/1 ,,"1,500"
신주메꾸라 6 ,40,"1,000"
신주메꾸라 8 ,41,"1,000"
신주메꾸라10 ,18,"1,000"
신주메꾸라15 ,34,"1,500"
신주메꾸라20 ,14,"2,400"
신주메꾸라25 ,8,"3,000"
신주못100g ,-31,"3,000"
신주붓싱08*06 ,20,"1,000"
신주붓싱10*6 ,18,"1,000"
신주붓싱10*8(8/3*4/1) ,2,"1,000"
신주붓싱15*10(2/1*8/3) ,30,"2,000"
신주붓싱15*6 ,14,"1,500"
신주붓싱15*8(2/1*4/1) ,72,"1,500"
신주붓싱20*15(4/3*2/1) ,41,"2,500"
신주붓싱25*15 ,6,"3,000"
신주붓싱25*20 ,28,"3,000"
신주붓싱32*15 ,15,"5,000"
신주붓싱32*20 ,16,"5,000"
신주붓싱32*25 ,13,"5,000"
신주소켓1/2-15미리 ,76,"3,000"
신주소켓1/4*6미리 ,88,"1,500"
신주소켓1/8*3미리 ,73,"1,500"
신주소켓2/1*8/3 ,-19,"4,000"
신주소켓3/8*10미리 ,16,"2,000"
신주속엘보10(8/3) ,10,"3,000"
신주속엘보12(2/1) ,8,"3,000"
신주속티10(8/3) ,9,"3,500"
신주속티12 ,5,"4,000"
신주십자크로스15십자티 ,8,"9,000"
신주엘*15 ,101,"3,500"
신주엘10(8/3) ,3,"3,000"
신주엘6(8/1) ,30,"2,000"
신주엘8(4/1) ,25,"2,000"
신주엘PT*6(8/1) ,30,"2,000"
신주엘PT*8(4/1) ,59,"2,000"
신주캡15 ,33,"3,600"
신주캡20 ,16,"5,000"
신주캡25 ,12,"8,000"
신주캡8*4/1 ,16,"1,000"
신주크리너(이지샤인) ,,"9,000"
신주티10 ,-1,"3,500"
신주티15 ,116,"4,000"
신주티6 ,6,"2,000"
신주티8(1/4) ,76,"3,000"
신주호수T자08 ,29,"2,000"
신주호수T자09.5 ,43,"2,500"
신주호수T자11 ,50,"3,000"
신주호수T자13 ,10,"4,500"
신주호수T자16 ,10,"5,000"
신주호수Y자08 ,8,"3,000"
신주호수Y자09.5 ,13,"3,000"
신주호수Y자11 ,3,"4,000"
신주호수Y자13 ,8,"5,000"
신주호수Y자16 ,10,"6,000"
신주호수니불 6 ,13,"1,500"
신주호수니불 8 ,43,"1,500"
신주호수니불 9.5 ,18,"1,500"
신주호수니불11 ,31,"2,000"
신주호수니불13 ,10,"3,000"
신주호수니불16 ,23,"3,000"
신주호수니불2/1*06 ,59,"2,000"
신주호수니불2/1*8 ,18,"2,000"
신주호수니불2/1*9.5 ,13,"2,000"
신주호수니불2/1-11 ,8,"2,000"
신주호수니불2/1-13 ,13,"3,000"
신주호수니불2/1-16 ,18,"4,000"
신주호수니불2/1-20 ,16,"4,500"
신주호수니불20*4/3 ,19,"6,000"
신주호수니불3/8*08 ,17,"2,000"
신주호수니불3/8*09.5 ,16,"2,000"
신주호수니불3/8*11 ,23,"2,000"
신주호수니불3/8*13 ,19,"2,000"
신주호수니불4/1*08 ,11,"1,500"
신주호수니불4/1*09.5 ,20,"1,500"
신주호수니불4/1*11 ,20,"1,500"
신주혹호스닛불8mm ,10,"1,000"
신호봉*대형530 ,161,"5,000"
신호봉*미니300 ,-1,"7,500"
신호봉*미니싸이렌300 ,5,"9,000"
신호봉*중형400 ,-1,"5,000"
실1백색소 ,384,"1,000"
실1백색형광색대 ,18,"3,000"
실1캡슐형 ,5,"3,000"
실나일론적색 ,123,"3,000"
실리콘 ,235,"2,500"
실리콘*박스당808 ,20,"44,000"
실리콘808 ,,"2,500"
실리콘건*pvc ,143,"3,000"
실리콘건*철 ,-2,"4,000"
실리콘건*칼날헤라부착 ,40,"7,500"
실리콘건*캇날부착 ,54,"7,000"
실리콘건소세지건KRC-22 ,4,"22,000"
실리콘건소세지건S-25N ,1,"25,000"
실리콘건소세지형영국피셔 ,1,"59,000"
실리콘금색 ,46,"3,500"
실리콘내열739적색50 ,25,"6,600"
실리콘내열739회색 ,13,"6,600"
실리콘넥산792외부백색 ,116,"4,000"
실리콘넥산792외부투명 ,95,"4,000"
실리콘넥산792외부회색 ,97,"4,000"
실리콘넥산792외부흑색 ,77,"4,000"
실리콘바이오707반투명 ,79,"4,000"
실리콘바이오707백색 ,70,"4,000"
실리콘바이오707투명 ,48,"4,000"
실리콘바이오은색펄 ,,"8,000"
실리콘반투명 ,261,"2,800"
실리콘밤색 ,62,"2,500"
실리콘백색 ,313,"2,500"
실리콘소세지형1000창호용회색 ,32,"6,600"
실리콘소세지형988*20개석재 ,,"6,000"
실리콘수성386 ,53,"2,500"
실리콘아이보리 ,44,"2,500"
실리콘오리꼭지 ,17,300
실리콘우드 ,40,"2,500"
실리콘우레탄MS704백색방수 ,68,"4,000"
실리콘우레탄MS704회색방수 ,36,"4,000"
실리콘제거기L자 ,30,"5,000"
실리콘체리 ,,"3,500"
실리콘투명 ,320,"2,800"
실리콘헤라대*금성 ,16,"2,000"
실리콘헤라소*금성 ,125,"2,000"
실리콘헤라소소*금성 ,173,"2,000"
실리콘헤라중*금성 ,154,"2,000"
실리콘회색 ,159,"2,500"
실리콘흑색 ,118,"2,500"
실링견인바25*5M ,3,"13,000"
"실링바1""*10m ",6,"23,000"
"실링바1""*1m ",5,"3,000"
"실링바1""*2m ",8,"4,000"
"실링바1""*3m ",9,"6,000"
"실링바1""*4m ",10,"8,000"
"실링바1""*5m ",6,"10,000"
"실링바1""*6m ",8,"12,000"
"실링바1""*8m ",6,"15,000"
"실링바2""*1.5m ",19,"5,500"
"실링바2""*10m ",7,"26,000"
"실링바2""*1m ",5,"5,000"
"실링바2""*2m ",14,"7,000"
"실링바2""*3m ",32,"10,000"
"실링바2""*4m ",13,"13,000"
"실링바2""*5m ",17,"15,000"
"실링바2""*6m ",7,"17,000"
"실링바2""*7m ",6,"21,000"
"실링바2""*8m ",7,"24,000"
"실링바2""*9m ",5,"28,000"
"실링바3""*1.5m ",8,"9,000"
"실링바3""*10m ",2,"50,000"
"실링바3""*1m ",16,"6,000"
"실링바3""*2m ",19,"10,000"
"실링바3""*3m ",8,"13,000"
"실링바3""*4m ",14,"20,000"
"실링바3""*5m ",12,"25,000"
"실링바3""*6m ",11,"30,000"
"실링바3""*7m ",5,"35,000"
"실링바3""*8m ",3,"36,000"
"실링바3""*9m ",6,"42,000"
"실링바4""*1.5m ",11,"10,000"
"실링바4""*10m ",3,"65,000"
"실링바4""*1m ",21,"9,000"
"실링바4""*2m ",23,"13,000"
"실링바4""*3m ",15,"22,000"
"실링바4""*4m ",11,"26,000"
"실링바4""*5m ",10,"33,000"
"실링바4""*6m ",5,"38,000"
"실링바4""*7m ",6,"45,000"
"실링바4""*8m ",4,"52,000"
"실링바6""*10m ",4,"136,000"
"실링바6""*6m ",4,"78,000"
"실링바6""*8m ",3,"95,000"
실링바라운드형2M*4톤주황 ,,"26,000"
실링바라운드형4M*5톤빨강 ,,"81,000"
실링바라운드형5M*5톤 ,,"75,000"
실링바칼라3*2 ,2,"15,000"
실링바칼라4*10M ,,"60,000"
실링바칼라4*3 ,,"21,000"
실링바칼라6*1.5 ,,"20,000"
실먹실일제 ,9,"3,000"
실먹실주황 백색 ,-6,"3,000"
실야광대녹색 ,31,"3,000"
실코드사갈색*특대 ,17,"16,000"
실코드샤형광색*무궁화 ,30,"7,000"
실탁카핀615 ,,"8,000"
실탁카핀618 ,26,"8,000"
실탁카핀625 ,26,"8,000"
실탁카핀630 ,73,"8,000"
실형광6합대자무궁화 ,40,"7,000"
실형광색*대 ,168,"3,000"
실형광소 ,93,"1,000"
실형광실소 ,325,"1,000"
싯업보드 ,-3,
싱글롤1*10M ,1,"72,000"
싱글마감동색2m ,,"2,500"
싱글마감카바동색*3M ,-1,"10,000"
싱글마감카바동색2단100티*3M ,,"14,000"
싱글못 ,-2,"15,000"
싱글용마루상부150*150*3M ,,"9,000"
싱글육각 ,,"24,000"
싱글육각진밤색*1평 ,,"24,000"
싱글후레싱2M ,,"3,500"
싱크걸음망150 ,,"5,000"
싱크걸음망150스텐중 ,46,"4,000"
싱크걸음망P소 ,-6,"1,500"
싱크걸음망스텐소100 ,14,"3,000"
싱크대뚜겅소 ,38,"1,500"
싱크대뚜껑대 ,5,"3,500"
싱크대속뚜껑대 ,20,"1,500"
싱크배수구셋트1 ,6,"11,000"
싱크배수구셋트2 ,4,"15,000"
싱크배수구셋트점보대 ,7,"18,000"
싱크배수구오버수사각 ,4,"3,000"
싱크배수구오버수원형대 ,8,"4,000"
싱크배수캡 ,20,"1,500"
싱크배수호수Y자 ,9,"4,000"
싱크오버구원형 ,15,"2,000"
싱크오버구원형대 ,20,"3,000"
싱크절수기보턴 ,140,"4,000"
싱크절수기쌩쌩 ,35,"4,000"
싱크절수기헤드아폴로 ,9,"4,000"
싱크정첩 ,168,"2,000"
싱크정첩루타날35 ,3,"18,000"
싱크정첩무홈 ,,"4,500"
싱크정첩피스4*16*2000개 ,"2,000",50
싱크정첩피스4*18*2000개 ,"4,000",60
싱크코브라헤드버튼 ,8,"5,000"
싱크파이프핸들 ,10,"8,000"
싱크호수30.5*20m ,20,"23,000"
싱크호수38*20M ,10,"36,000"
싱크호수미터당32*1M싱크용 ,-80,"2,000"
싱크호수미터당38*1M세탁기용 ,-1,"2,500"
싱크호수배수Y자 ,32,"4,000"
싱크호수연결Y자32 ,46,"1,500"
싱크호수연결Y자38 ,9,"2,000"
싱크호수연결일자32 ,312,"1,000"
싱크호수연결일자38 ,20,"2,000"
싱크호수일자1m ,-25,"2,000"
싱크호수조임부속 ,51,"1,500"
싱크호수조임부속대*업소용 ,44,"2,000"
싸이트글라스25A소방 ,-2,"31,000"
싸인펜모나미 ,268,400
싸인펜문화 ,-15,500
쌍곰홈멘트(백색2K ,84,"3,000"
쌍곰홈멘트(비둘기)SK-601 ,34,"3,000"
쌍곰홈멘트(아이보리) ,28,"3,000"
쌍곰홈멘트(진회) ,37,"3,000"
쌍곰홈멘트(흑색)퍼팩트라인1 ,53,"3,000"
쌍곰홈멘트*(밤색) ,30,"7,000"
쌍곰홈멘트*(커피)SK-500 ,14,"7,000"
쌍곰홈멘트*(황토)SK-301 ,32,"7,000"
써비스신주15 ,223,"1,500"
써비스신주15* 40mm ,98,"2,000"
써비스신주15* 50mm ,97,"3,000"
써비스신주15* 70mm ,72,"4,000"
써비스신주15*100mm ,41,"5,000"
써비스신주15*120mm ,13,"6,500"
써비스신주20 ,30,"3,600"
써비스신주25 ,34,"5,000"
쎄라코트 ,36,"6,000"
쏠라경고등드럼용 ,,"30,000"
쓰레기재활용거치대스텐4단 ,,"330,000"
쓰레받이P자동 ,24,"12,000"
쓰레받이철 ,6,"5,000"
쓰레받이피이대 ,3,"3,500"
쓰레받이피이중 ,22,"2,500"
쓰레받이황색새롬청주 ,11,"6,000"
쓰레받이황색월드산업 ,103,"9,000"
쓰레받이황색청주A ,8,"12,000"
씨거적1M*30M ,3,"35,000"
씨젬함마0810뿌레카 ,-1,"130,000"
씨젬함마드릴38 ,1,"90,000"
씨카방수제탑107-F ,1,"20,000"
씨카탑121분말만20kg ,,"33,000"
씨카탑121액상 ,,"30,000"
씨카탑121액상5*분말20K극동 ,,"60,000"
씨카탑77D*20K ,,"99,000"
씰란트*프라이마4L ,,"53,000"
씰란트KCC-PU9330회색 ,,"75,000"
아답타SDS 1/2KHK ,64,"4,000"
아답타SDS용선키 ,10,"6,000"
아답타복스비트8/3Mkk ,-12,"11,000"
아답타충전비트2/1 ,18,"4,000"
아답타충전비트8/3 ,25,"4,000"
아대플라스틱 ,,"12,000"
아대플라스틱1200(천광) ,,"25,000"
아동삽 ,69,"7,000"
아동삽대 ,54,"7,000"
아동삽솔표 ,,"7,000"
아동삽자루긴것*건달삽 ,15,"8,000"
아미텍스피스 ,5,"5,000"
아스콘유제1드럼 ,,"120,000"
아스콘포대*록하드천광25kg ,97,"16,500"
아스테이지필림1.2*1M당 ,-24,"4,000"
아스테이지필림1.2*50 ,,"135,000"
아시바3 ,78,"10,000"
아시바4 ,57,"28,000"
아시바6 ,133,"21,000"
아시바계단발판250*914 ,,"28,500"
아시바계단발판400*700 ,,"38,000"
아시바너트 ,-300,75
아시바바퀴4*16개 ,25,"9,000"
아시바바퀴5*12개 ,9,"11,000"
"아시바바퀴6""*6개*적색 ",12,"21,000"
아시바바퀴6*6개 ,,
아시바중고 ,,"3,000"
아시바캡48주황실리콘 ,168,400
아시바캡노랑 ,"1,180",300
아시바크립*고정*50개 ,255,"3,000"
아시바크립*자동*50개 ,267,"3,000"
아시바크립이형고정*40개 ,,"4,000"
아시바크립이형자동*40개 ,,"4,000"
아시바크립카바 ,272,350
아시바틀계단난간대1700알 ,,"50,000"
아시바틀비계계단500*2500*15 ,,"97,000"
아시바파이프캡19*25(100개) ,"1,500",200
아시바핀*50개 ,408,"2,700"
아연각관 ,,"11,000"
아연각관100*100*2.9 ,-3,"86,000"
아연각관100*50*2.9*6M ,9,"70,000"
아연각관150*100*2.9*6M ,17,"145,000"
아연각관150*150*4.0*6M ,57,"204,000"
아연각관25*25*2.0 ,,"10,000"
아연각관50*30*2.0*6M ,,"33,000"
아연각관50*50*2.9*6M ,4,"42,000"
아연각관75*75*6m ,-30,"45,000"
"아연못10""*250 ",6,"23,000"
아연못65 ,-1,"15,000"
"아연못8""*200 ",6,"16,000"
아연못90 ,6,"15,000"
"아연못밤라이트못1"" ",-1,"23,000"
아연사각 ,90,"30,000"
아연사각50*50*23T ,,"42,000"
아연사각75*75*6 ,50,"40,000"
아연스쿠루14* 50목재용*200개 ,2,"20,000"
아연스쿠루14* 65목재용*100개 ,10,"15,400"
아연스쿠루14* 80목재용 ,3,"17,600"
아연스쿠루14*100목재용 ,6,"20,000"
아연스쿠루14*120목재용 ,3,"25,000"
아연스쿠루14*130목재용 ,6,"28,000"
아연스쿠루14*150목재용 ,6,"29,000"
아연스쿠루14*180목재용 ,2,"34,000"
아연스쿠루14*210목재용 ,4,"59,000"
아연스쿠루14*230목재용 ,6,"61,000"
아연스쿠루14*250목재용 ,5,"72,000"
아연스쿠루14*300목재용*50개 ,3,"84,000"
아연스쿠루HW14* 38*200개빔용 ,,"28,600"
아연스쿠루HW14* 50*200개빔용 ,4,"40,000"
아연스쿠루HW14* 65*100개빔용 ,12,"22,000"
아연스쿠루HW14* 80*100개빔용 ,3,"26,400"
아연스쿠루HW14*100*100개빔용 ,8,"33,000"
아연스쿠루HW14*130*100개빔용 ,3,"55,000"
아연스쿠루HW14*150*100개빔용 ,2,"57,000"
아연스쿠루HW14*180*100개빔용 ,5,"76,000"
아연스쿠루HW14*210*100개빔용 ,4,"82,000"
아연스쿠루HW14*230*100개빔용 ,6,"107,000"
아연스쿠루HW14*250*100개빔용 ,3,"114,000"
아연스쿠루HW14*280*100개빔용 ,5,"243,000"
아연스쿠루HW14*300*50개빔용 ,5,"167,000"
아연직결피스25 ,-1,"12,000"
아연직결피스32 ,-1,"15,000"
아연직결피스38 ,-1,"17,000"
아연직결피스50 ,-1,"19,000"
아연직결피스64 ,-3,"17,000"
아연직결피스75 ,-1,"18,000"
아연파이프32 ,-4,"32,500"
아연파이프40 ,1,"37,000"
아연피스*윙FH8*25(500개) ,13,"15,000"
아연피스*윙FH8*32(500개) ,12,"19,000"
아연피스*윙FH8*38(500개) ,14,"19,500"
아연피스*윙FH8*45(500개) ,23,"23,000"
아연피스*윙FH8*55(500개) ,32,"25,000"
아연피스*윙FH8*64(300개) ,11,"21,000"
아연피스*윙FH8*75(300개) ,13,"22,000"
아연피스10*90(300개) ,,"29,000"
아연피스6*25(500개) ,95,"10,000"
아연피스6*32(500) ,42,"10,000"
아연피스6*38(500) ,53,"12,000"
아연피스6*50(500) ,59,"16,000"
아연피스8*64(300) ,36,"16,000"
아연피스8*75(300) ,25,"18,000"
아오리수동 ,186,500
아오리정 ,46,"2,000"
아오리피스 ,990,100
아웃트림ADT-E1-PAS열쇠없음엔젤 ,,"80,000"
"아이너트1"" ",34,"5,000"
아이너트12M ,-7,"1,200"
아이너트16/5 ,,500
아이너트2/1 ,31,"1,500"
아이너트22M ,52,"4,500"
아이너트24M ,28,"9,000"
아이너트4/3 ,23,"3,000"
아이너트8/3 ,28,"1,000"
아이너트8/5 ,39,"2,000"
"아이볼트1"" ",41,"5,000"
아이볼트12M ,11,"1,500"
아이볼트16/5 ,18,500
아이볼트2/1 ,138,"1,500"
아이볼트22M ,73,"5,000"
아이볼트24M ,23,"9,000"
아이볼트4/3 ,23,"4,000"
아이볼트8/3 ,114,"1,000"
아이볼트8/5 ,18,"3,000"
아이볼트너트4/3 ,32,"7,000"
아이볼트너트8/5 ,60,"4,000"
아이소08(1단50개) ,123,"4,000"
아이소20(1단25개) ,95,"8,500"
아이소30(1단15개) ,58,"12,500"
아이소50(1단10개) ,49,"20,000"
아이소아이보리150T*3*6 ,3,"40,000"
아이소아이보리75T*1m*2m ,18,"25,000"
아이소핑크100T1000*1800 ,14,"40,000"
아이소핑크본드 ,10,"4,000"
아이스물통 ,,"30,000"
아이스박스 ,,"64,000"
아이스조끼 ,,"33,000"
아이스팩12*17 ,,"1,300"
아이후크0.5톤 ,11,"3,000"
아이후크0.75 ,14,"4,000"
아이후크1.2t유럽형 ,,"15,000"
아이후크1.5톤 ,9,"8,000"
아이후크1톤 ,13,"7,000"
아이후크2톤 ,4,"13,000"
아이후크3톤 ,5,"16,000"
아이후크5톤 ,,"25,000"
아임삭충전그라인다BL18G615/20V ,,"400,000"
아임삭충전그라인다본체만 ,,"188,000"
아임삭충전드릴AD414R*3G*2.0AH ,1,"206,000"
아임삭충전드릴AD618R*4.0ah ,1,"360,000"
아임삭충전임팩AI414M3G*2.0ah ,2,"219,000"
아임삭충전임팩AI618M3*5.0ah맥?,1,"360,000"
아쿠아픽스 ,11,"5,000"
아크릴보도 ,-4,"15,000"
아크릴주입기 ,-1,"3,600,000"
아크릴한지1*15미터 ,,"150,000"
아트웰유러피안 ,,"450,000"
악어통닭집게스텐 ,3,"4,500"
악초괭이약초A급접이식 ,1,"18,000"
악취차단트랩45*50 ,70,"6,000"
악취차단트랩75 ,30,"8,000"
안전가림막휀스2000*1200청색 ,-20,"45,000"
안전가림막휀스지주판 ,-21,"13,000"
안전가설계단 ,,"125,000"
안전게시판 ,-3,"600,000"
안전경광등125*24V자석건전지 ,4,"30,000"
안전경광등125*차량용회전자석 ,4,"22,000"
안전경광등부저스위치자석건전지 ,,"43,000"
안전경광등부저씨거짹 ,,"43,000"
안전경광등부저씨거짹스위치 ,1,"47,000"
안전고리후크5톤 ,,
안전고리후트1.2톤 ,-2,"17,000"
안전고임목고무대형*버팀목 ,4,"15,000"
안전고임목고무소형*버팀목 ,,
안전고임목고무중형*버팀목 ,,"16,000"
안전고임목고무중형*버팀목경량 ,12,"10,000"
안전공사현수막 ,-5,"120,000"
안전과속방지턱250*1000경사면75 ,4,"32,000"
안전과속방지턱500*1000검정75T* ,,"65,000"
안전과속방지턱500*1000황색75T ,2,"65,000"
안전과속방지턱전선보호60 ,,"30,000"
안전그물망1.0*50(2*2) ,1,"96,000"
안전그물망1.5*45(2*2) ,,"148,000"
안전그물망1.5*50(2*2) ,1,"158,000"
안전그물망2.0*50(2*2) ,,"186,000"
안전그물망4M*4M골프망 ,5,"50,000"
안전그물망4M*8M골프망 ,6,"98,000"
안전그물망마춤 ,,
안전그물망자동차3*4예은 ,26,"27,000"
안전그물망자동차3*4천광스마토 ,17,"42,000"
안전그물망자동차4*5예은 ,18,"39,000"
안전그물망자동차4*5천광스마토 ,,"53,000"
안전깜박이쏠라드럼용 ,,"12,000"
안전깜박이쏠라형콘용 ,43,"12,000"
안전깜박이쏠라형휀스용 ,15,"12,000"
안전깜박이콘용일체형 ,20,"7,000"
안전깜박이휀스용일체형 ,28,"7,000"
안전꼬깔콘450*720 ,14,"5,000"
안전낙상경보기300*80*25오렌지?,56,"4,500"
안전낙상경보기400*80*25오렌지 ,98,"5,000"
안전낙하주의표시 ,437,"1,000"
안전단화 ,46,"20,000"
안전단화슬레진저 ,4,"33,000"
안전단화프로스펙스 ,16,"38,000"
안전덮개 ,,"110,000"
안전델리네이터고정구가드H형 ,3,"1,500"
안전델리네이터고정구옹벽용 ,,800
안전델리네이터양면 ,3,"4,000"
안전도로공사표지알미늄삼각120 ,,"72,000"
안전둥근톱안전덮개 ,4,"84,000"
안전로프10 ,5,"24,000"
안전로프12 ,14,"33,000"
안전로프14 ,3,"45,000"
안전로프16 ,,"98,000"
안전말뚝 ,-200,700
안전망11*2*100 ,,"50,000"
안전모 ,-2,"6,000"
안전모**백색자동 ,90,"5,500"
안전모*녹색 ,8,"7,000"
안전모*적색신호수 ,18,"7,000"
안전모*적색화재감시자 ,,"8,000"
안전모*황색 ,7,"7,000"
안전모걸이*1구 ,,"5,000"
안전모걸이*4구 ,-5,"9,000"
안전모고글형 ,30,"11,000"
안전모귀도리 ,34,"4,000"
안전모내피*머리보호땀제로*에스 ,40,"3,000"
안전모목그늘썬캡 ,,"8,000"
안전모반사띠형광색 ,,500
안전모상호 로고 인쇄 ,79,"7,000"
안전모선풍기부착 ,-3,"50,000"
안전모턱끈 ,15,800
안전모투명창인쇄 ,,"9,000"
안전모햇빛가리개 ,36,"3,000"
안전무재해기록판 ,,"160,000"
안전반사경1000*PC ,,"64,000"
안전반사경1000*스텐 ,,"162,000"
안전반사경600*PC ,,"48,000"
안전반사경600스텐레스 ,,"150,000"
안전반사경800스텐레스 ,,"150,000"
안전반사경PC용벽지주 ,,"8,000"
안전반사경고정대 ,,"30,000"
안전반사경벽지주 ,,"40,000"
안전반사경지주매립형 ,,"50,000"
안전반사경지주앙카형76*2.5M ,,"46,000"
안전발판400*1825*유공 ,17,"49,000"
안전발판500*1825*유공 ,,"58,000"
안전방호벽중형1200*900*600 ,,"120,000"
안전밸브15A스팀용YNV LSV-1S저?,-1,"68,000"
안전밸브15a급수용YNV LSV-1S 4. ,-1,"65,000"
안전벨트 ,,"33,000"
안전보호대 ,3,"45,000"
안전슈퍼콘 ,3,"16,000"
안전스텐도로반사경1000 ,,"153,000"
안전스텐도로반사경600 ,,"150,000"
안전스텐도로반사경800 ,,"135,000"
안전스티커1800*900 ,-1,"60,000"
안전스티커600*900 ,-8,"25,000"
안전에이형공사중 ,13,"18,000"
안전에이형낙화물주의 ,,"27,000"
안전에이형입간판*노랑무지 ,6,"16,000"
안전에이형주차금지*노랑950*56 ,9,"27,000"
안전에이형주차금지650*305미니 ,4,"16,000"
안전용품 ,-1,
안전윙카튜브104전기형 ,3,"16,000"
안전윙카튜브108건전지형 ,1,"18,000"
안전윙카튜브쏠라센서10m ,15,"23,000"
안전임시차선오뚜기형광*100개 ,11,"47,000"
안전임시차선오뚜기형광개당 ,50,500
안전작업중반사테이트자석 ,-3,"36,000"
안전조끼 천 적색신호수 ,9,"9,500"
안전조끼*경찰용형광색RC-800 ,,"29,700"
안전조끼*적색화재감시자 ,3,"9,500"
안전조끼LED*건전지 ,5,"15,000"
안전조끼TBS-5012 ,-10,"51,000"
안전조끼TBS-5012형광색 ,10,"54,000"
"안전조끼X반도*주황,형광색 ",33,"6,000"
안전조끼맞춤 ,,"18,000"
안전조끼주황*형광색*천 ,152,"6,000"
안전조끼주황색*망사 ,45,"5,000"
안전조끼형광색*망사 ,74,"5,000"
안전조회장 ,,"650,000"
안전주상벨트*국제안전물산 ,-3,"46,000"
안전주상안전대국제안전물산 ,5,"46,000"
안전주상안전대스왈룩 ,-2,"42,000"
안전주차금지오뚜기형 ,9,"17,000"
안전주차삼각대44*57 ,,"9,000"
안전주차피이드럼조립형 ,1,"20,000"
안전차선규제봉210*80*750탄력봉 ,33,"19,000"
안전차선규제봉250*80*450탄력봉 ,24,"19,000"
안전칼라콘라바콘450*720 ,50,"5,500"
안전칼라콘라바콘500*1000슈퍼 ,,"14,000"
안전칼라콘라바콘걸이형광반사2M ,49,"5,000"
안전칼라콘라바콘고무덮개 ,37,"5,000"
안전코너보호A형90*90*1000철판 ,,"11,000"
안전타포린낙화물주의표시 ,210,"1,000"
안전타포린머리조심표시 ,30,"1,000"
안전타포린접근금지표시 ,267,"1,000"
안전타포린추락주의표시 ,123,"1,000"
안전타포린출입금지표시 ,131,"1,000"
안전탄력봉자석250*80*450 ,-2,"33,000"
안전탄력봉자석250*80*750 ,,"35,000"
안전탄력봉자석HD40*10 ,6,"5,000"
안전테이프*웨빙주황색38*100M ,7,"26,000"
안전테이프*웨빙주황색48*100m ,,"33,000"
안전테이프*위험 ,75,"8,000"
안전테이프검정노랑100 ,-2,"63,000"
안전테이프노랑 ,-32,"9,000"
안전테이프접근금지(노랑) ,7,"13,000"
안전테이프접근금지(백색) ,8,"13,000"
안전포시판갈매기기둥앙카형 ,-8,"48,000"
안전표시판90*120 ,,"115,000"
안전표시판90*180 ,3,"135,000"
안전표시판원형속도제한매립형 ,,"73,500"
안전표지판600*900맞춤 ,3,"45,000"
안전표지판600*900철판 ,,"65,000"
안전표지판900*1800철재A자단면 ,,"86,000"
안전표지판갈매기900*600양면 ,,"108,000"
안전표지판과속방지턱삼각형 ,,"95,000"
안전표지판삼각형횡단보도900 ,,"56,000"
안전표지판역삼각천천히900 ,,"95,000"
안전표지판오각형횡단보도900 ,,"95,000"
"안전표지판지주외발매립형2""*3M ",,"38,000"
안전피이방호벽(대) ,,"110,000"
"안전피이휀스노랑(판1개,다리2개 ",5,"19,000"
안전피이휀스노랑다리 ,10,"5,000"
안전피이휀스노랑상판 ,20,"9,000"
안전화 ,68,
안전화 K2*KG-115고어텍스 ,,"275,000"
안전화 K2-11용접용 ,2,"63,000"
"안전화 K2-14(6"") ",67,"70,000"
"안전화 네파 6""GT-36N ",16,"79,000"
"안전화 로드페이스 RF6"" ",23,"38,000"
"안전화 로드페이스RF4""단화 ",39,"35,000"
안전화 코오롱F69 ,,"72,000"
안전화 코오롱KS-606D ,20,"75,000"
안전화K1단화 ,1,"40,000"
안전화K2-117베이지 ,,"115,000"
안전화K2-64 ,,"100,000"
안전화k2-67s ,-2,"110,000"
안전화k2-98 ,,"105,000"
"안전화르까프6""30 ",23,"45,000"
"안전화르까프6""용접용DW640 ",26,"65,000"
안전화방한화k2-58 ,,"106,000"
안전화블랙야크-53벨크로 ,,"75,000"
안전화블랙야크416찍찍이 ,,"78,000"
안전화블랙야크420D ,,"115,000"
안전화주문 ,-4,
안전화지벤ZB-162단화 ,,"73,000"
안전화지벤ZB-205 *6인지 ,,"148,500"
안전화프로스팩스PS615칼라 ,25,"69,000"
안전화프로스펙스PS602 ,-1,"63,000"
안전휀스 ,,"40,000"
알곤가스닛불8 ,10,"3,000"
알곤게이지*AR*케이디 ,2,"33,000"
알곤장갑 ,-9,"7,000"
알곤장갑양피이중내피백색 ,16,"6,600"
알미늄리어카1륜*2복숭아570*830 ,2,"118,000"
알미늄리어카1륜*3복숭570*1230 ,2,"145,000"
알미늄리어카1륜*540*770 ,1,"118,000"
알미늄리어카2륜*2복숭아570*830 ,4,"130,000"
알미늄리어카2륜*3복숭610*1210 ,2,"153,000"
알미늄리어카맞춤 ,,
알미늄모타렌지금색KA-2WAM코안 ,18,"20,000"
알미늄모타렌지금색히티 ,4,"43,000"
알미늄발판1.0톤*7자개당 ,1,"250,000"
알미늄발판1.0톤*8자개당 ,2,"270,000"
알미늄발판1.5톤*8자개당 ,2,"320,000"
알미늄발판2.0톤*8자개당 ,,"398,000"
알미늄발판2.0톤*9자개당 ,,"398,000"
알미늄발판3.5톤10자개당 ,,"600,000"
알미늄밴드25**240M설비 ,5,"49,500"
알미늄오삽 ,1,"18,000"
알미늄운반구1룬*3콘테560*1120 ,,"135,000"
알미늄운반구1륜*2콘테560*750 ,,"99,000"
알미늄운반구2륜*2콘테560*750 ,,"132,000"
알미늄자바라075*3 ,13,"15,000"
알미늄자바라075*5 ,13,"20,000"
알미늄자바라100*3 ,14,"20,000"
알미늄자바라100*5 ,7,"28,000"
알미늄자바라125*3 ,5,"22,000"
알미늄자바라125*5 ,1,"33,000"
알미늄자바라150*3 ,,"24,000"
알미늄자바라150*5 ,,"33,000"
알미늄자바라200*3 ,,"28,000"
알미늄자바라200*5 ,,"33,000"
알미늄자바라250*5 ,4,"48,000"
알미늄자바라300*5 ,2,"54,000"
알미늄타일판욕실천정450*450 ,50,"10,000"
"알카100(4"")A ",5,"14,000"
"알카100(4"")B ",2,"25,000"
"알카100(4"")C ",2,"24,000"
"알카100(4"")D ",2,"26,000"
"알카100(4"")DC캡 ",2,"25,000"
"알카100(4"")E ",2,"16,000"
"알카100(4"")F ",2,"15,000"
알카20(3/4)A ,1,"3,900"
알카20(3/4)B ,3,"6,500"
알카20(3/4)C ,19,"6,500"
알카20(3/4)C*E ,-2,"10,000"
알카20(3/4)D ,17,"5,000"
알카20(3/4)E ,29,"3,000"
알카20(3/4)F ,10,"4,000"
알카200C ,-1,"179,000"
알카200E ,-1,"146,000"
"알카25(1"")A ",2,"3,000"
"알카25(1"")B ",8,"6,000"
"알카25(1"")C ",18,"5,500"
"알카25(1"")D ",15,"6,000"
"알카25(1"")E ",76,"3,000"
"알카25(1"")F ",7,"4,000"
알카25*C*D ,-12,"11,000"
알카25*CE ,-6,"10,000"
알카32(1 1/4)A ,11,"4,000"
알카32(1 1/4)B ,10,"8,000"
알카32(1 1/4)C ,14,"6,500"
알카32(1 1/4)C*E ,9,"11,000"
알카32(1 1/4)D ,6,"8,000"
알카32(1 1/4)E ,17,"4,000"
알카32(1 1/4)F ,10,"4,000"
알카40*A ,2,"5,000"
알카40*B ,8,"8,000"
알카40*C ,14,"7,000"
알카40*C*E ,9,"12,000"
알카40*D ,11,"9,000"
알카40*E ,22,"6,000"
알카40*F ,6,"5,000"
알카50*A ,8,"6,000"
알카50*B ,15,"11,000"
알카50*C ,26,"10,000"
알카50*C*D ,10,"17,000"
알카50*C*E ,13,"16,000"
알카50*D ,9,"10,000"
알카50*DC캡 ,4,"9,000"
알카50*E ,44,"6,000"
알카50*F ,22,"6,000"
알카65(2 1/2)A ,5,"7,500"
알카65(2 1/2)B ,3,"12,000"
알카65(2 1/2)C ,4,"12,000"
알카65(2 1/2)D ,2,"12,000"
알카65(2 1/2)E ,8,"9,000"
알카65(2 1/2)F ,5,"9,800"
알카65*DC캡 ,9,"11,000"
"알카75(3"") ",1,"22,000"
"알카75(3"")A ",2,"12,000"
"알카75(3"")B ",5,"15,000"
"알카75(3"")C ",40,"16,000"
"알카75(3"")CE ",10,"29,000"
"알카75(3"")D ",4,"14,000"
"알카75(3"")DC캡 ",2,"15,000"
"알카75(3"")E ",40,"12,000"
"알카75(3"")F ",7,"12,000"
알카75*C*E ,-8,"26,000"
알카75암*65숫BA ,1,"19,000"
알카스텐40C ,,"21,000"
알카스텐40F ,,"19,000"
알카호수니불20 ,7,"5,000"
알카호수니불25 ,-2,"5,500"
알카호수니불32 ,15,"6,000"
알카호수니불40 ,20,"6,500"
알카호수니불50 ,10,"7,500"
알카호수니불65 ,10,"11,000"
알카호수니불75 ,5,"18,000"
알콜고체연료 ,110,"16,000"
알콜고체연료*17L 젤타입 ,,"16,000"
"암갓다12""*300 ",10,"30,000"
"암갓다14""*350 ",4,"40,000"
"암갓다18""*450 ",-1,"50,000"
"암갓다24""*600 ",4,"60,000"
암면100*50*50 ,-5,"18,000"
압력게이지100A 1Mpa ,2,"12,500"
압력게이지50A 1Mpa ,5,"12,000"
압착시멘트백색아조멘20㎏ ,-12,"7,500"
압착시멘트백색유니온20Kg ,50,"7,000"
압축분무기1.8ℓ*리빙엔젤 ,12,"16,000"
압축분무기5L*청주 ,4,"50,000"
앙카 ,-173,700
앙카13*8 ,-284,500
앙카2/1*10 ,-1,"1,000"
앙카3부6 ,-80,600
앙카8/3*6 ,-138,400
앙카8/3*8 ,155,580
앙카8/5*5 ,90,500
앙카8/5*6 ,-60,"1,100"
앙카볼트(L)50*150*200개 ,600,350
앙카볼트(L)50*180*200개 ,,400
앙카스토롱 ,-418,100
"앙카펀치1""*8"" ",8,"10,000"
"앙카펀치1/2*12"" ",11,"7,000"
"앙카펀치1/2*8"" ",6,"6,000"
"앙카펀치3/4*10"" ",1,"13,000"
"앙카펀치3/4*12"" ",9,"16,000"
"앙카펀치3/4*8"" ",10,"8,000"
"앙카펀치3/8*12"" ",14,"9,000"
앙카펀치3/8*8 ,6,"6,000"
"앙카펀치5/16*6"" ",10,"4,000"
"앙카펀치5/8*10"" ",3,"10,000"
"앙카펀치5/8*12"" ",7,"12,000"
"앙카펀치5/8*8"" ",17,"8,000"
"앙카펀치7/8*10"" ",18,"9,000"
앞치마나이텍스적색 ,,"8,000"
앞치마방수중검정녹색 ,17,"7,000"
앞치마예초기이지투웨어Z-ma02제 ,13,"18,000"
앞치마청 ,48,"4,000"
"앞치마타포린황토,국방색 ",14,"20,000"
애폭시매직스틱 ,14,"7,000"
액상제설제20리터 ,,"30,000"
액자고리*200개 ,341,200
액자고리*미식고리*대 ,125,400
액자고리*미식고리*소신주 ,120,200
액자고리*미식고리소 ,176,200
액자고리*신주대 ,153,500
앵글 ,-10,500
앵글50*4*4.5 ,-1,"12,000"
앵글50*50*100*4티*하스너 ,234,600
앵글50*50*50*4티*하스너 ,243,350
앵글50*50*70*4티*하스너 ,919,500
앵글623 ,-40,"1,500"
앵글623자당 ,326,500
앵글고무받침 ,24,100
앵글고무발 ,20,300
앵글밸브15 ,"1,053","4,000"
앵글밸브두갈래15 ,89,"7,000"
앵글밸브조절밸브다용도두갈래 ,9,"14,000"
앵글밸브조절밸브분리 ,27,"7,000"
앵글밸브조절밸브스텐*로얄 ,71,"4,000"
앵글밸브조절밸브스텐*신영 ,25,"7,500"
앵글밸브조절밸브스텐2구*세신 ,30,"7,000"
앵글볼트셋트*대 ,"2,161",120
앵글볼트셋트*소 ,350,100
앵글삼각대 ,32,300
앵글삼각대 ,20,400
앵글스텐하스너50*50 ,,600
앵글조절밸브ks ,27,"4,000"
"앵글카바9"" ",-2,"23,000"
앵글하스너100*100*100*하스너 ,25,"2,500"
야광밴드 ,-14,"6,000"
야기리인양고리개당폼크레인 ,,"45,000"
야스리*반달08 ,10,"5,000"
야스리*반달10 ,9,"7,000"
야스리*원형줄 8 ,7,"5,000"
야스리*원형줄10 ,17,"6,000"
야스리*원형줄12 ,22,"8,000"
"야스리*평08"" ",10,"5,000"
"야스리*평10"" ",10,"6,000"
"야스리*평12"" ",7,"7,000"
야스리4*삼익 ,20,"8,000"
야스리5*삼익 ,15,"9,000"
야스리6*삼익 ,17,"11,000"
야스리셋트(중국) ,,"15,000"
야스리원형4.0체인톱줄 ,17,"4,000"
야스리원형4.8체인톱줄 ,44,"4,000"
야스리원형5.5체인톱줄 ,12,"4,000"
야외용탁자 ,6,"390,000"
야외테이블 ,-1,"41,000"
약초괭이*1발약초괭이 ,12,"5,000"
약초괭이*2발약초괭이 ,10,"5,000"
약초괭이*3발약초괭이 ,14,"5,000"
약초괭이약초A급접이식2발 ,2,"18,000"
약초괭이초경90*세종 ,,"40,000"
약통5리터 ,-11,"4,000"
약통깔대기*신주 ,4,"5,000"
약통사각20리터 ,34,"12,000"
양고대1.0 (300mm) ,13,"13,000"
양고대1.1 (330mm) ,-4,"15,000"
양고대1.2 (360mm) ,-4,"15,000"
양고대1.2스텐 (360mm) ,2,"20,000"
양고대1.5 (450mm) ,16,"18,000"
양고대2.0*상신보강 (600mm) ,7,"23,000"
양고대2.0*주왕 (600mm) ,14,"23,000"
양고대드라이비트용1.0자 ,,"12,000"
양고대드라이비트용1.1자 ,10,"12,000"
양고대드라이비트용1.2자 ,8,"14,000"
양고대서서2.0자상신2단 ,2,"75,000"
양고대서서2.5자상신2단 ,5,"82,000"
양고대서서3.0자상신2단 ,2,"85,000"
양곡괭이3발알미늄자루 ,10,"7,000"
양곡대2.5 ,10,"25,000"
양구 ,10,"2,000"
양동이PE(적) ,7,"10,000"
"양동이p플라스틱(흑,적) ",14,"6,000"
양동이고무(흑) ,9,"12,000"
양방향화살표1600*800 ,1,"1,000,000"
양변기301대형 ,,
양변기C301중형 ,8,"110,000"
양변기YC1638특대형 ,75,"120,000"
양변기계림국산C-407H ,,"240,000"
양변기고무덮개 ,149,"1,500"
양변기고무덮개P백색 ,6,"2,000"
양변기대림CC-766셋트부속포함 ,,"230,000"
양변기대림CT761S부속일체 ,,"230,000"
양변기대림cc-114후레쉬밸브용부 ,1,"250,000"
양변기물탱크638바이테 ,2,"50,000"
양변기물탱크대림CC761S ,-8,"165,000"
양변기물탱크중형301 ,,"50,000"
양변기반피스물통 ,-1,"60,000"
양변기보보VC110 ,2,"150,000"
양변기부속 ,16,"12,000"
양변기부속P덮개백색 ,48,"2,000"
양변기부속고무덮개 ,40,"2,000"
양변기부속레버핸들 ,63,"1,500"
양변기부속볼탑필밸브 ,73,"5,000"
양변기부속볼트 ,50,"1,500"
양변기부속윽면레버핸들HD38 ,20,"6,000"
양변기부속일반전면레버 ,20,"11,000"
양변기부속측면내림겸용 ,95,"12,000"
양변기부속측면원터치 ,37,"12,000"
양변기부속측면절수형대.소 ,3,"13,000"
양변기세척밸브토토RCF400절수 ,,"80,000"
양변기솔*바나나형 ,10,"2,500"
양변기솔*바나나형3*22 ,20,"1,500"
양변기솔*바나나형5*26 ,20,"3,000"
양변기솔*컵형 ,118,"4,000"
양변기솔원형 ,4,"2,000"
양변기시트고리 ,98,"2,000"
양변기시트대형35*44 ,20,"12,000"
양변기시트볼트 ,-5,"2,000"
양변기시트중형35*41 ,20,"10,000"
양변기시트특대형38*46천일 ,60,"13,000"
양변기원피스대림cc-260J ,,"420,000"
양변기원피스백색수림137 ,,"350,000"
양변기원피스부속와토스코리아 ,16,"52,000"
양변기원피스핸들 ,14,"6,000"
양변기절수형* ,-2,
양변기정심미래 ,29,"3,500"
양변기중형상하부 ,-4,"70,000"
양변기측면부속 ,81,"12,000"
양변기측면핸들버튼 ,49,"5,000"
양변기치마형C-660(시트+부속) ,5,"180,000"
양변기특대형CQ1000역전 ,,
양변기특대형QC3000 ,-1,
양변기특대형상하부 ,2,"90,000"
양변기하부바이테특대형 ,2,"60,000"
양변기핸들사각 ,14,"4,000"
양변기호수대 ,79,"4,000"
양변기호수스텐조임 ,123,"3,000"
양변기후레쉬밸브형FVcc114대림 ,1,"110,000"
양변기후레쉬용스퍼토TFC501 ,5,"15,000"
양손가위*카에데KA1000 ,2,"45,000"
양손가위가든서브-310 ,1,"27,000"
양손가위가든서브-320 ,2,"27,000"
양손가위가든서브-331*2단 ,3,"59,000"
양손가위가든서브-350 ,3,"48,000"
양손가위가마끼230-D ,,
양손가위가마끼L-81*굵은가지은?,1,"99,000"
양손가위가마끼NO1200*2단 ,,
양손가위가마끼NO1200L*2단 ,1,"95,000"
양손가위아로스K900Z*2단 ,2,"95,000"
양손가위아로스KR*1000L ,,"90,000"
양손가위아로스교체날K1100 ,1,"44,000"
양손가위아로스교체날K1100볼트 ,1,"5,000"
양손가위알미늄*경동 ,30,"20,000"
양손가위원창KR630*알미늄 ,2,"22,000"
양손가위탱자z-G3000제스트 ,4,"24,000"
양손가위탱자화신K630굵은가지 ,15,"50,000"
양손가위화신K-5100 ,2,"39,000"
양수기테이프0.7*3.5cm*36개 ,164,"6,000"
양수기테이프0.7*50*7M풀루*24개 ,118,"7,000"
어망뜰채460파랑색 ,3,"55,000"
얼개미콩 ,3,"12,000"
에나멜국방색*4L ,-1,"49,000"
에스고리*100mm ,270,400
에스고리*56mm ,60,300
에스고리*80mm ,127,300
에스고리6 ,93,800
에스고리7 ,164,"1,000"
에스반도 ,60,"6,000"
에스프로엠200세제 ,-1,"115,000"
에어건0신바람 ,57,"10,000"
에어건100신바람 ,52,"10,000"
에어건200신바람 ,103,"12,000"
에어건300신바람 ,88,"13,000"
에어건P100신바람 ,,"8,000"
에어건P200신바람 ,12,"9,000"
에어건P300신바람 ,11,"10,000"
에어건블루버드BA-601-3 ,1,"12,000"
에어건알미늄1000MM ,7,"20,000"
에어건알미늄600MM ,6,"18,000"
에어건제일B타입 ,35,"6,000"
에어건제일C타입 ,38,"6,000"
에어건철*갑구 ,14,"6,000"
에어건편한손*P손잡이 ,-1,"5,000"
에어고압호수군청색08*13*100m ,2,"130,000"
에어고압호수군청색09.5*100 ,2,"155,000"
에어고압호수군청색13*100 ,1,"255,000"
에어고압호수군청색19*50 ,1,"208,000"
에어노미 ,,"22,000"
에어다가네20*180 ,5,"10,000"
에어라쳇1/2(대만) ,,"87,000"
에어라쳇1/2잉카슬랜1077XP ,1,"180,000"
에어리베트건일제나니와 ,1,"128,000"
에어릴자동릴선6mm*10M미주 ,1,"78,000"
에어릴자동릴선6mm*15M미주 ,,"85,000"
에어릴자동릴선6mm*20M미주 ,,"117,000"
에어릴자동릴선6mm*30m미주 ,1,"120,000"
에어릴자동릴선8mm*15m미주 ,,"110,000"
에어밴트15*10K*신우 ,,"46,000"
에어밴트15*태진 ,14,"9,000"
에어언더건신바람(흡입) ,5,"20,000"
에어우레탄호수미터당10mm ,-18,"1,500"
에어우레탄호수미터당12mm ,-10,"2,000"
에어우레탄호수미터당6~8mm ,-41,"1,000"
에어우레탄호수청색4.0*6*100M ,3,"40,000"
에어우레탄호수청색5.0*8*100M ,1,"62,000"
에어우레탄호수청색6.5*10*100M ,3,"92,000"
에어우레탄호수청색8.0*12*100M ,1,"127,000"
에어우레탄호수투명12*16*50M ,1,"140,000"
에어우레탄호수투명4.0*6*100M ,1,"36,000"
에어우레탄호수투명5.0*8*100M ,1,"62,000"
에어우레탄호수투명6.5*10*100M ,3,"92,000"
에어우레탄호수투명8.0*12*100M ,1,"127,000"
에어임팩렌지2/1-231잉카슬랜 ,1,"298,000"
에어임팩렌지3/4-252잉카슬랜드 ,2,"585,000"
에어조끼KS-WV001 배터리포함,,"85,000"
에어치핑*잉카IR116-K ,2,"175,000"
에어치핑노미날*일제 ,3,"21,000"
에어치핑도규AA0B2.7K ,1,"558,000"
에어치핑함마권총형GP*0204 ,,"72,000"
에어치핑함마권총형TODA ,,"73,000"
에어카프링13 ,-11,"5,000"
에어카프링19 ,-3,"7,000"
에어카프링3구 ,-9,"5,000"
에어카프링8구찌스프 ,27,"2,000"
에어카플러닛도에어PM20 ,-2,"2,500"
에어카플러닛도에어SH20 ,5,"8,000"
에어카플러대형SH600 ,10,"10,000"
에어컨동관6*9㎖15M ,-9,"98,000"
에어컨테이프아보75mm*27m ,13,"2,000"
에어컨테이프회색75mm*27m ,,"2,000"
에어함마스프링 ,8,"4,000"
에어호수1m당 ,-20,"1,000"
에어호수고압8.0*10*검정 ,4,"26,000"
에어호수고압8.0*20*검정 ,4,"39,000"
에어호수고압8.0*30*검정 ,3,"48,000"
에어호수코일10*6.5*10M*KPC ,25,"16,000"
에어호수코일10*6.5*7.5m ,30,"14,000"
에어호수코일8*5*10m ,24,"12,000"
에어호수코일8*5*7.5m ,19,"10,000"
에어호수코일청색 8*7.5청색 ,7,"13,000"
에어호수코일청색10.7.5*청색 ,1,"16,000"
에어호수파워녹색6*10m ,6,"16,500"
에어호수파워녹색6*15m ,3,"19,800"
에어호수파워녹색6*20m ,8,"24,000"
에어호수파워녹색6*30m ,5,"33,000"
에어호수퍄워녹색10*10미터 ,4,"20,000"
에이컨배수호수1M당 ,-25,"1,000"
에이콘고정대1구-자 ,23,"4,000"
에이콘고정대1구ㄷ자노출 ,19,"4,500"
에이콘고정대2구200 ,35,"7,000"
에이콘고정대2구ㄷ자노출형 ,-1,"8,000"
에이콘고정대2구신주 ,20,"14,000"
에이콘롤관15*100M동남 ,3,"69,000"
에이콘롤관22*100*진영 ,2,"149,000"
에이콘롤관28*50 ,2,"170,000"
에이콘발브소켓15 ,247,"3,500"
에이콘발브소켓22 ,12,"6,000"
에이콘발브소켓28 ,8,"9,000"
에이콘발브소켓35 ,2,"15,000"
에이콘발브엘15 ,56,"3,500"
에이콘발브엘22 ,3,"6,000"
에이콘보온카바15*10T ,23,"1,500"
에이콘보온카바15*5티 ,60,"1,000"
에이콘소켓15 ,203,"1,000"
에이콘소켓22 ,40,"1,500"
에이콘소켓22*15 ,52,"1,500"
에이콘소켓28 ,12,"4,000"
에이콘소켓28*15 ,37,"4,000"
에이콘소켓28*22 ,41,"4,500"
에이콘소켓28*32 ,,"6,000"
에이콘소켓32 ,9,"8,000"
에이콘속소켓15 ,326,"3,500"
에이콘속소켓22 ,189,"5,500"
에이콘속소켓28 ,103,"8,000"
에이콘속소켓32 ,7,"15,000"
에이콘수전엘15삼방 ,91,"5,500"
에이콘수전엘15일방 ,127,"4,500"
에이콘수전엘22 ,32,"8,500"
에이콘수전엘28 ,23,"12,000"
에이콘수전티15 ,56,"5,500"
에이콘수전티22*15 ,100,"11,000"
에이콘스리브15*500 ,"31,897",60
에이콘스리브22*500 ,"1,981",150
에이콘스리브28*200개 ,384,400
에이콘스리브32*100개 ,196,600
에이콘엑셀소켓15 ,105,"5,600"
에이콘엘15 ,485,"1,000"
에이콘엘22 ,197,"1,500"
에이콘엘28 ,-21,"5,000"
에이콘엘32 ,-6,"5,000"
에이콘중간밸브15 ,67,"6,800"
에이콘중간밸브22 ,9,"13,000"
에이콘직관15*6M ,59,"5,000"
에이콘직관15*6m보온재적색 ,40,"7,000"
에이콘직관15*6m보온재청색 ,23,"7,000"
에이콘직관22*6M ,21,"9,000"
에이콘직관22*6m보온재청색*15게 ,5,"17,000"
에이콘직관28*6m ,36,"19,000"
에이콘직관32*6m ,29,"35,000"
에이콘직관소켓22*15 ,19,"1,500"
에이콘직관소켓28*15 ,99,"2,500"
에이콘직관소켓28*22 ,43,"3,000"
에이콘직관소켓32*22 ,10,"6,000"
에이콘직관소켓32*28 ,19,"5,000"
에이콘캡15 ,62,"1,000"
에이콘캡22 ,58,"1,000"
에이콘캡28 ,24,"2,000"
에이콘캡32 ,11,"2,500"
에이콘티15 ,287,"1,300"
에이콘티22 ,48,"1,800"
에이콘티22*15 ,48,"2,000"
에이콘티28 ,19,"5,000"
에이콘티28*15 ,-3,"5,000"
에이콘티28*22 ,22,"5,000"
에이콘티32 ,11,"8,000"
에이콘티32*15 ,10,"8,000"
에이콘티32*22 ,2,"10,000"
에이콘티32*28 ,5,"10,000"
에이콘헷다밸브15 ,42,"7,000"
에이콘헷다밸브22 ,,"10,000"
에이형입간판맞춤 ,-3,"46,000"
에폭시주입체Sw-1002조 ,-1,"123,000"
에프킬라*비츠온 ,-67,"3,500"
에프킬라*킨 ,-1,"3,000"
엑셀12*100m미성한남 ,9,"56,000"
엑셀15*100M*미성 ,17,"56,000"
엑셀15*80M*미성 ,13,"46,000"
엑셀20*80m미성 ,8,"93,000"
엑셀25*80m미성 ,3,"125,000"
엑셀32*50m미성 ,2,"172,000"
엑셀가위63스마토 ,1,"58,000"
엑셀가위IR-PC-103일제 ,6,"16,000"
엑셀가위KS-80주황색 ,15,"3,000"
엑셀가위P*검정편한손kbc-032 ,-1,"5,000"
엑셀가위V형백색 ,19,"8,500"
엑셀가위맥스툴빨강색P ,6,"5,000"
엑셀가위세신PC-201빨강 ,5,"11,000"
엑셀가위세신PC-206회색SM ,8,"7,000"
엑셀미터당*15*1m당 ,"-1,638","1,500"
엑셀미터당*20*1M당 ,-378,"2,200"
엑셀미터당*25*1M당 ,-299,"3,000"
엑셀미터당*32*1M당 ,53,"6,000"
엑셀유핀12 ,"1,000",30
엑셀유핀15*1000개 ,"4,500",30
엑셀유핀15*5000개 ,3,30
엑셀캡15 ,19,"2,500"
엑셀캡20 ,20,"3,000"
엑스반도*연두색 ,14,"20,000"
엑스반도조끼식* ,5,"23,000"
엔진발브레다수리 ,,"30,000"
엔진발브레다엔진축 ,,"18,000"
엔진발브레다엔진축볼트 ,20,"9,000"
엔진브로어계양KEB5000 ,,"630,000"
엔진뿌라그 ,,"8,000"
엔진스프레이건*대원 ,6,"26,000"
엔진스프레이건dw70-5대원 ,,"40,000"
"엔진양수기혼다5.5*3"" ",1,"720,000"
엔진오일디젤교환 ,-4,"30,000"
엔진크리너DW-70-5대 ,2,"43,000"
엔진크리너대원 ,6,"26,000"
엔진톱gs350c올레M ,,"396,000"
엔진톱가이드MS230-27.5날 ,,"65,000"
"엔진톱가이드바16""*허스크바 ",,"66,000"
엔진톱복스플러그*13*19 ,1,"4,500"
"엔진톱에푸코18""MT440 ",,"520,000"
엔진톱에푸코이태리24*28.5날 ,,"390,000"
엔진톱허스크바나445E2스웨덴 ,1,"615,000"
엔코더 ,-1,"85,000"
엘100 K ,43,"4,000"
엘100 L/45 K ,92,"4,000"
엘100L*11도 ,8,"4,500"
엘100L*22도 ,7,"4,500"
엘125 K ,7,"6,600"
엘125/45 ,11,"6,600"
엘150 ,15,"12,000"
엘150/11도 ,3,"13,000"
엘150/22도 ,5,"13,000"
"엘150/45"" ",4,"13,000"
엘200 ,5,"20,000"
엘200 45도 ,3,"20,000"
엘250 ,2,"40,000"
엘250/45 ,1,"29,000"
엘300 ,5,"59,000"
엘300/45 ,1,"44,000"
엘35 ,25,800
엘35/45 ,47,800
엘50 K ,71,700
엘50/45 ,100,700
엘65 K ,21,"1,300"
엘65L/45 K ,70,"1,400"
엘75 K ,121,"2,500"
엘75 L/45 K ,95,"2,500"
엘75*11도 ,16,"3,000"
엘75*22도 ,12,"3,000"
엘바100외부 ,,"12,500"
엘바40*40 ,,"4,000"
엘바50외부 ,-8,"3,000"
엘보육가50 ,2,"15,000"
엘보육가65 ,2,"15,000"
엘보육가75 ,2,"15,000"
엘앙카16*250 ,62,"1,650"
엘앙카16*300 ,,"2,000"
엘앙카20*300 ,,"3,000"
"엘앙카인지1""*300 ",9,"6,000"
엘앙카인지2/1*200 ,80,"1,050"
엘앙카인지2/1*250 ,65,"2,000"
엘앙카인지4/3*300 ,86,"3,000"
엘앙카인지5/8*250 ,47,"1,800"
엘앙카인지5/8*300 ,112,"2,000"
엘앙카인지8/7*300 ,27,"3,300"
엘지ES고속절단기C314 ,2,"188,000"
"엘지그라인다4""604-2 ",,"67,000"
"엘지그라인다5""G805 ",2,"80,000"
엘지그라인다7 ,1,"190,000"
엘지그라인다9 ,1,"225,000"
엘지드릴24 ,,"240,000"
엘지부품절단기볼트 ,2,"9,000"
엘지부품절단기안전카바 ,2,"21,000"
엘지송풍기156 ,1,"105,000"
엘지원형톱7*S507 ,2,"150,000"
엘지원형톱9 ,1,"200,000"
엘지충전드릴12 ,2,"120,000"
엘지충전드릴7.2 ,2,"65,000"
엘지충전드릴임팩18V*4ah ,1,"360,000"
엘피지쌍관버너2구 ,-2,"98,000"
엠디에프03㎜ ,7,"12,000"
엠디에프06㎜ ,167,"16,000"
엠디에프09㎜포레스코 ,50,"19,000"
엠디에프12㎜ ,39,"24,000"
엠디에프15화이트 ,31,"30,000"
엠디에프18화이트 ,9,"35,000"
엠디에프22mm ,10,"52,800"
엠디에프30mm ,,"76,000"
엠바*4M ,343,"5,000"
엠바C형관브라켓트*100개 ,-18,"17,000"
엠바L알미늄몰딩19*19 ,104,"4,000"
엠바L알미늄몰딩30*30 ,24,"7,000"
엠바쪼인트*500개 ,"1,539",100
엠바쪼인트*500개*KS ,495,120
엠바케링 ,55,"9,600"
엠바크립*1000개 ,866,100
엠바행가100*500개 ,"1,669",250
엠바행가150*250개 ,677,250
엠바행가핀*500개 ,"3,899",30
여과매트 ,,"2,700"
역화방지기불대용건식*LPG ,,"29,700"
역화방지기불대용건식*산소 ,,"29,700"
연결대 ,5,"2,000"
연결파이프 ,97,200
"연마14""3M검정색보급형 ",5,"6,500"
"연마14""3M녹색 푸른돌 ",86,"11,000"
"연마14""TM3그린골드 ",5,"6,000"
"연마14""제일 ",360,"4,400"
"연마16""*3M*25개 ",30,"11,000"
"연마16""제일*20개 ",40,"7,500"
"연마4""노비우스 ",16,"1,500"
"연마4""다잘라다용도날 ",8,"15,000"
"연마4""레즈본 ",120,"1,300"
"연마4""마테보 ",414,"1,500"
"연마4""발키리(독일산) ",-23,"2,500"
"연마4""보쉬 ",137,"1,000"
"연마4""수세미4"" ",31,"7,000"
"연마4""스페이스분홍 ",-4,"1,300"
"연마4""쓰리엠65147큐비트론 ",8,"4,000"
"연마4""쓰리엠실버-53070 ",244,"3,000"
"연마4""제일 ",792,700
"연마4""제일SS스텐적색 ",20,"1,500"
연마4*TM3커플러날원터치 ,50,"2,000"
연마4*커플러 ,-3,"3,000"
연마4*커플러셋트 ,-5,"5,000"
연마4*토요*h ,442,"1,500"
"연마5""*로톤 ",27,"5,000"
"연마5""*쓰리엠51791 ",155,"4,000"
"연마5""노비우스노랑 ",139,"2,000"
"연마5""다잘라다용도날 ",6,"16,000"
"연마5""레즈본프로세라믹 ",-8,"2,000"
"연마5""마테보(스텐&철) ",297,"2,000"
"연마5""스페이스분홍 ",136,"1,500"
"연마5""토요*H ",655,"2,000"
"연마5*토요*S*스텐,철25,300rpm ",777,"2,000"
"연마7""*2*제일 ",149,"2,500"
"연마7""ace ",75,"2,500"
"연마8""*2*제일 ",-17,"2,500"
"연마광택양모4"" ",19,"2,500"
"연마석재광택용4""*1000 ",13,"14,000"
"연마석재광택용4""*120# ",2,"14,000"
"연마석재광택용4""*500 ",10,"14,000"
"연마석재광택용4""*60# ",13,"14,000"
연마숫돌*직사각형백색 ,50,"4,000"
"연마스텐4""*2T절단 ",138,"1,500"
연마스텐4*3옵셋 ,99,"1,500"
연마스텐4*6옵셋 ,94,"2,000"
연마스텐7*2절단 ,216,"2,500"
연마스텐7*6옵셋 ,25,"4,000"
연마옵셋4*3-4CT ,-70,"2,000"
연마옵셋4*3쓰리엠*80# ,39,"4,500"
연마옵셋4*3제일 ,182,"1,000"
연마옵셋4*6쓰리엠 ,34,"4,500"
연마옵셋4*6제일 ,6,"1,500"
"연마옵셋7""*6T제일 ",41,"3,000"
연마추지석볼형 ,30,800
연마추지석원추형 ,583,800
연마추지석원통형 ,-20,"1,000"
연마컵4제일 ,83,"2,500"
"연마탁상그라인다6""*100#회색A ",1,"22,000"
"연마탁상그라인다6""*80#살색 ",1,"14,000"
"연마탁상그라인다6""800# ",,"105,000"
연막소독기다이아경유100*1 ,2,"110,000"
연막소독기엔진*대흥130 ,,"530,000"
연막소독약 ,3,"22,000"
"연만5""렉스턴미제 ",100,"2,000"
연질튜브호스4*7*200m ,-6,"25,500"
연타보일러스텐3*3한진*명보우 ,1,"330,000"
연탄난로1*3탄 ,1,"61,000"
연탄난로2*6탄 ,1,"79,000"
연탄난로3*9탄 ,1,"97,000"
연탄난로강철1구3탄 ,2,"185,000"
연탄난로강철3구3탄 ,1,"390,000"
연탄난로받침(대) ,5,"25,000"
연탄난로안전망 ,3,"40,000"
연탄난로주물3구9탄*도가니포함 ,1,"330,000"
연탄난로함석게자리100수분티 ,8,"8,000"
연탄난로함석게자리50수분티 ,5,"6,000"
연탄난로함석게자리75수분티 ,12,"7,000"
연탄도가니3탄 ,1,"9,000"
연탄도가니크로바3단 ,5,"23,000"
연탄박게스 ,16,"5,000"
연탄보일러1구3탄*한진 ,,"78,000"
연탄보일러1구3탄*한진수정보라?,1,"75,000"
연탄보일러게자리125 ,4,"7,000"
연탄보일러공기마개*스텐삼양 ,8,"1,500"
연탄보일러공기마개대 ,4,"1,000"
연탄보일러공기마개소 ,20,500
연탄보일러니불 ,22,"2,000"
연탄보일러뚜껑갈고리 ,18,"1,000"
연탄보일러뚜껑스텐 ,,"14,000"
연탄보일러뚜껑스텐원형9탄뚜껑 ,1,"28,000"
연탄보일러뚜껑온수기뚜껑 ,5,"19,000"
연탄보일러물통1반달 ,20,"3,000"
연탄보일러물통2구 ,5,"3,000"
연탄보일러속뚜껑 ,1,"7,000"
연탄보일러스텐2*3한진*명보우 ,1,"310,000"
연탄보일러스텐2*3한진*명보좌 ,,"310,000"
연탄보일러스텐3*3한진*명보좌 ,1,"330,000"
연탄보일러스텐원형3*3*명보 ,2,"450,000"
연탄보일러스텐원형4*3*성진 ,2,"560,000"
연탄속뚜껑 ,-2,"7,000"
연탄양동이 ,-3,"5,000"
연탄재국자 ,19,"3,000"
연탄집게*긴것 ,-4,"4,500"
연탄집게*철근 ,138,"4,000"
연탄집게2탄 ,26,"4,000"
연탄집게4탄 ,15,"6,000"
연탄집게알미늄 ,56,"4,000"
연통100*(49) ,45,"4,000"
연통125 ,7,"6,000"
연통150 ,11,"7,500"
연통50*(19) ,48,"2,500"
연통75*(31) ,9,"3,000"
연통엘100 ,13,"3,000"
연통엘125 ,4,"6,000"
연통엘150 ,1,"5,500"
연통엘50 ,92,"2,000"
연통엘75 ,19,"2,000"
연통티100 ,15,"3,000"
연통티125 ,5,"6,000"
연통티150 ,3,"5,000"
연통티50 ,13,"2,000"
연통티75 ,8,"2,000"
열간압연강판4*8*2.3 ,-4,"84,000"
열간압연강판4*8*3 ,11,
열반사*1미터당6T접착스마트큐 ,47,"5,000"
열반사*골드론10T*25M*은색접착 ,2,"198,000"
열반사*스마트큐 6T*50M은박양접 ,6,"155,000"
열반사*스마트큐10T*25M은박양접 ,10,"108,000"
열반사*스마트큐20T*20M은박양접 ,,"145,000"
열선*100 ,790,"100,000"
열선*1미터당갈색정온전선 ,-95,"1,500"
열선*50M파랑 주황색 ,-1,
열선*65도*100m ,1,"120,000"
열선*65도*1미터당 ,63,"1,500"
열선*85도*100m고급형 ,2,"150,000"
열선*85도*1미터당 ,,"1,800"
열선센서*220v*1.0SQ(50M이내) ,14,"7,000"
열선센서우주0.75(30m이내) ,40,"6,000"
열쇠N25잘커 ,28,"2,500"
열쇠N30잘커 ,12,"3,000"
열쇠N38잘커 ,13,"4,000"
열쇠N45잘커 ,-1,"5,000"
열쇠N52잘커 ,-1,"7,000"
열쇠N70잘커 ,7,"10,000"
열쇠뭉치록키A-155*영화 ,,"21,000"
열쇠방수키40 ,5,"9,000"
열쇠방수키50 ,4,"10,000"
열쇠번호K-50 ,35,"6,000"
열쇠번호XD35잘커 ,16,"4,000"
열쇠번호XD40잘커 ,103,"5,000"
열쇠번호XD50잘커 ,19,"17,000"
열쇠번호버튼식35 ,10,"3,500"
열쇠번호버튼식XB40 ,3,"5,000"
열쇠번호버튼썬대 ,19,"6,000"
열쇠삿다*N45S ,4,"6,500"
열쇠삿다*N52S ,8,"7,500"
열쇠삿다*N70S ,45,"12,000"
열쇠장고리50M*냉장고 ,9,"11,000"
열쇠장고리B52냉장고 ,5,"8,000"
열쇠중고리N45L ,10,"6,000"
열수축밴드400 ,,"14,000"
열수축밴드500 ,,"19,000"
열수축밴드600 ,,"26,000"
"열수축밴드셋트4,6,10*120MM ",10,"1,500"
열시트수축밴드300 ,,"7,500"
열풍기공성HG-1000 ,1,"48,000"
열풍기공성HG3000 ,,"90,000"
열풍기타이어킹20000 ,,"390,000"
열풍기타이어킹50000 ,,"450,000"
염소망4자*15M ,3,"151,000"
염소망5자*15M ,3,"171,000"
염소망6자*15M ,1,"182,000"
염소망6자*15M아연 ,4,"182,000"
염화캴슘 살포기 ,-1,
염화칼슘*20㎏친환경국산 ,,"19,000"
염화칼슘*25kg74%(1팩40포) ,35,"14,000"
영우ST탁카64 ,1,"140,000"
예날장식국화 ,-300,600
예초기 보호장비 헬멧 ,-3,
예초기*계양420SE*2행 ,2,"420,000"
예초기*미쯔비시BM435S*4행 ,,"420,000"
예초기*미쯔비시TB43S*2행 ,2,"430,000"
예초기*미쯔비시TL231FG가스2행 ,,"430,000"
예초기*혼다GX35-4싸이클 ,,"390,000"
예초기끈미제40m황색 ,-17,"14,000"
예초기끈미제80m황색 ,6,"22,000"
예초기끈스팩프로2.7*50M ,5,"19,000"
예초기끈하야부사2.4mm*40m ,79,"14,000"
예초기끈하야부사2.4mm*80m ,16,"22,000"
예초기끈하야부시검정꽈베기40M ,21,"20,000"
예초기날국산*삼성검정 ,100,"3,000"
예초기날끈으로자동*해바라기II ,57,"16,000"
예초기날다쓸이 ,2,"35,000"
예초기날부사일제부사 ,167,"9,000"
예초기날붕붕날 ,33,"4,000"
예초기날안전카바YK-40적색 ,7,"5,000"
예초기날안전판일화파스칼2개 ,2,"30,000"
예초기날오성멀티접이식 ,8,"13,000"
예초기렌지19*17 ,6,"5,000"
예초기수리비 ,-5,"28,000"
"예초기원형톱날10""시그마오목형 ",6,"18,000"
"예초기원형톱날7""시그마오목형 ",5,"14,000"
예초기충전식BM BC40S 40V5A,1,"400,000"
예초기혼합통자바라형2ℓ승민 ,37,"5,000"
옛날장식국화 ,,600
옛날장식손잡이 ,,"6,000"
오가비트날50mm ,,"120,000"
오가엔진미스비시50 ,,"770,000"
오공본드205*20개 ,64,"4,000"
오니 ,61,"2,000"
오니마루 ,-2,"3,000"
"오도시3""영진 ",47,"1,500"
"오도시4""영진 ",80,"2,000"
"오도시5""영진 ",-4,"2,500"
"오도시7""영진 ",24,"4,000"
오도시목재용 ,44,"5,000"
"오도시신주3"" ",46,"3,400"
"오도시신주4"" ",76,"4,000"
"오도시신주5"" ",19,"5,000"
오도시신주6호 ,12,"7,000"
오도시알미늄3 ,102,"1,500"
오도시알미늄4 ,129,"2,000"
오도시자동오도시6 ,26,"5,000"
오븐세척제 ,-1,"25,000"
오븐크리너20L*마이스토어 ,-1,"25,000"
오사이 ,21,"6,000"
오사이꺽인야네기바 ,6,"6,000"
오삽 ,-17,"10,000"
오삽대형*솔표대장간 ,8,"22,000"
오삽번개표 ,27,"10,000"
오수관테이프10cm ,,"15,000"
오수관테이프20cm*250M ,7,"33,000"
오에스비12칠레 ,125,"24,000"
오에스비9 ,,"20,000"
오에스비보드15 ,,"38,000"
오일가솔린1ℓ4싸이클예초기 ,17,"8,000"
오일가솔린엔진오일4리터 ,12,"24,000"
오일기계유막오일 ,15,"17,000"
오일기어오일4L킥스 ,9,"27,000"
오일디젤엔진오일4리터 ,26,"21,000"
오일디젤엔진오일말20L ,1,"105,000"
오일발전기용 ,,"8,000"
오일브레이크0.8L화인 ,3,"8,000"
오일사시대원창 ,,
오일사시소원창 ,11,"8,000"
오일사시중원창 ,13,"10,000"
오일사시코브라*대원창 ,16,"18,000"
오일사시코브라*소원창 ,23,"15,000"
오일사시코브라*중원창 ,52,"16,000"
오일스텐동우18ℓ밤나무 ,,
오일스텐동우4.0L밤나무 ,1,"36,000"
오일스텐동우4.0L투명 ,4,"36,000"
오일스텐오렌지*3.5ℓ도토리 ,1,"33,000"
오일스텐오렌지*3.5ℓ밤나무 ,-4,"33,000"
오일스텐오렌지*3.5ℓ월낫 ,12,"33,000"
오일스텐오렌지*3.5ℓ참나무 ,2,"33,000"
오일스텐오렌지*3.5ℓ투명 ,4,"33,000"
오일스텐오렌지*3.5ℓ흑색(자단) ,8,"33,000"
오일스텐오렌지16ℓ도토리 ,,"138,000"
오일스텐오렌지16ℓ밤나무 ,1,"138,000"
오일스텐오렌지16ℓ월낫 ,5,"138,000"
오일스텐오렌지16ℓ참나무 ,3,"138,000"
오일스텐오렌지16ℓ투명 ,-3,"138,000"
오일스텐플래티넘16ℓ ,21,"110,000"
오일스텐플래티넘1ℓ ,5,"12,000"
오일스텐플래티넘4ℓ ,80,"33,000"
오일스핀들유*미싱오일4ℓ ,4,"18,000"
오일유압작동유20L란도46 ,1,"90,000"
오일유압작동유4L란도46 ,5,"28,000"
오일쟈키4톤2단서룡 ,,"75,000"
오일쟈키5톤 ,,"63,000"
오일주입기에어충전용*20L*동창 ,,"160,000"
오일콤푸레샤전용*1L ,7,"8,000"
오일통소 ,41,"1,000"
오일통프라스틱소 ,90,"1,000"
오일투싸이클(스틸) ,,"13,000"
오일투싸이클예초기GS-2T ,11,"8,000"
오일포싸이클*4행정 ,14,"8,000"
오일혼합통(A급)4리터*명보 ,25,"5,000"
"오징어등(전등선)10분기,30M망포 ",8,"68,000"
오탁방지막1*10M ,,"330,000"
오탁방지막1*20M ,,"495,000"
오토바이열쇠번호키*엘리스 ,1,"15,000"
오토바이자물쇠 ,8,"15,000"
오토바이줄대 ,38,"5,000"
오토바이줄소 ,42,"3,000"
오토실950 ,10,"20,000"
오함마2K*우렌탄손잡이짤은것 ,-2,"20,000"
오함마3K*무진동스텐자루 ,2,"23,000"
오함마3K*우레탄 ,1,"28,000"
오함마4K*우레탄 ,3,"31,000"
오함마5K*우레탄 ,2,"33,000"
오함마자루*참나무4자 ,48,"7,000"
오함마자루우레탄무진동 ,6,"10,000"
오함마헤드10KG ,1,"49,000"
오함마헤드3KG ,-2,"15,000"
오함마헤드4KG ,,"18,000"
오함마헤드5KG ,,"22,000"
오함마헤드7KG ,,"38,000"
옥상걸음망100 ,9,"2,500"
옥상걸음망75 ,31,"1,500"
옥상방수원샷1말*우방코트 ,,"196,000"
옥상트랩100스텐 ,8,"13,000"
옥상트랩50스텐 ,8,"7,000"
옥상트랩65스텐 ,1,"9,000"
옥상트랩75스텐 ,3,"11,000"
옥집게200 ,3,"8,000"
온도게대건습계 ,20,"5,000"
온도계디지탈 ,,"32,900"
온도계소 수은,20,"3,000"
온도계원형250 ,,"15,000"
"온도계유리관알콜110"" ",22,"3,000"
온도계최고최저 ,-7,"8,000"
온돌마루 ,,"58,000"
온수기안전변15 ,7,"14,000"
옷걸이 ,233,600
옷걸이*대성검정색 ,48,"1,500"
옷걸이*이티팬시벽걸이 ,8,"6,000"
옷걸이*한미 ,37,"2,000"
와샤수10*30황색*200개 ,522,90
와샤수10*40황색*200개 ,299,150
와샤수10*50*100개 ,251,250
와샤수10*58 ,525,300
와샤수12*40*200개 ,424,150
와샤수12*50*3 ,97,250
와샤수12*58*3 ,166,350
와샤수16*50 ,-59,200
와샤수16*58 ,308,300
와샤수20*50 ,100,300
와샤수20*58 ,201,300
와샤수22*58무도금 ,108,300
와샤수24*70도금 ,,450
와샤수25*58황색 ,347,300
와샤수6*16*1000개 ,-44,15
와샤수6*20황색*500개 ,"5,567",30
와샤수6*25황색*200개 ,-213,50
와샤수6*30황색*200개 ,540,80
와샤수8*22황색*500개 ,"1,368",30
와샤수8*25황색*200개 ,"2,406",50
와샤수8*30황색*200개 ,345,70
와샤수8*40황색*200개 ,178,150
와샤융융도금쳥5*8 ,40,100
와샤조립용#14*200개 ,15,"7,000"
와셔 ,,"8,000"
와이관100 ,,"5,000"
와이관150 ,1,"19,000"
와이메쉬3.3*200각★ ,400,"3,500"
와이메쉬4.0*150각1600*정8번 ,439,"6,000"
와이메쉬4.7*150각*1800정6번 ,307,"11,000"
와이어 ,100,
와이어1.6*200M ,1,"36,000"
와이어1.6*300M ,,"54,000"
와이어1.6*500M ,1,"75,000"
와이어10*100 ,1,"180,000"
와이어12*100m ,1,"247,000"
와이어2.0*100M ,2,"18,000"
와이어2.0*200M ,1,"33,000"
와이어2.4*100M ,1,"22,000"
와이어2.4*200M ,1,"43,000"
와이어2.4*500M ,2,
와이어3.2*100미터 ,-1,"30,000"
와이어3.2*200미터 ,5,"60,000"
와이어3.2*500미터0 ,1,"150,000"
와이어4*100M ,4,"45,000"
와이어4*200M ,1,"80,000"
와이어4*500M ,1,"184,000"
와이어4.8*100M ,,"58,000"
와이어4.8*200M ,2,"115,000"
와이어4.8*500M ,1,"291,000"
와이어6*100M ,1,"75,000"
와이어6*200M ,3,"158,000"
와이어6*500M ,2,"345,000"
와이어8*100M ,1,"110,000"
와이어8*200m ,200,"1,500"
"와이어갓다8""(HIT-Hwcb) ",5,"33,000"
와이어갓다MZ-100*마벨 ,1,"150,000"
와이어미터당 1.6 ,478,300
와이어미터당 2.4 ,821,400
와이어미터당 3 ,392,500
와이어미터당 4 ,360,600
와이어미터당 5 ,802,"1,000"
와이어미터당 6 ,382,"1,000"
와이어미터당 8 ,56,"1,400"
와이어미터당10 ,73,"2,000"
와이어미터당12 ,77,"3,000"
와이어미터당14 ,100,"3,000"
와이어미터당16 ,5,"3,000"
와이어미터당20 ,,"8,000"
와이어스링10*2 ,3,"12,000"
와이어스링10*3 ,14,"13,000"
와이어스링10*4 ,8,"17,000"
와이어스링10*5 ,19,"18,000"
와이어스링12*1 ,,"12,000"
와이어스링12*1.5M*2줄 ,,"55,000"
와이어스링12*1.5m ,,"30,000"
와이어스링12*2 ,4,"14,000"
와이어스링12*2.5 ,4,"15,000"
와이어스링12*3 ,12,"16,000"
와이어스링12*4 ,10,"18,000"
와이어스링12*5 ,13,"20,000"
와이어스링14*3 ,3,"18,000"
와이어스링14*5 ,1,"38,000"
와이어스링16*1.5*납크립 ,,"33,000"
와이어스링16*10 ,,"70,000"
와이어스링16*15M ,,"92,000"
와이어스링16*2 ,2,"23,000"
와이어스링16*3 ,10,"36,000"
와이어스링16*4 ,-1,"48,000"
와이어스링16*5 ,6,"43,000"
와이어스링18*1 ,4,"27,000"
와이어스링18*2 ,,"28,000"
와이어스링18*3 ,5,"42,000"
와이어스링18*4 ,,"48,000"
와이어스링18*5 ,,"52,000"
와이어스링20*1.5 ,,"45,000"
와이어스링20*2 ,2,"45,000"
와이어스링22*1.5 ,1,"50,000"
와이어스링25*1.5 ,,"50,000"
와이어스링25*7 ,,"99,000"
와이어스링28*1.5 ,,"90,000"
와이어스링32*4M ,,"270,000"
와이어스링38*10M ,,"594,000"
와이어스링8*2 ,7,"9,000"
와이어스링8*3 ,17,"9,000"
와이어스링8*4 ,12,"11,000"
와이어스링8*5 ,8,"15,600"
와이어스링9*2 ,5,"10,000"
와이어스링9*3 ,10,"10,000"
와이어스링9*5 ,7,"11,000"
와이어스링맞춤 ,4,
와이어스텐1미리 ,449,"1,000"
와이어스텐4 ,,"1,500"
와이어스텐6 ,,"1,900"
와이어스텐8 ,,"5,000"
와이어유인크립(슬로퍼) ,979,300
와이어코팅1.6*500m과수유인 ,2,"115,000"
와이어코팅1.6미터당 ,195,400
와이어코팅3mm*100m ,80,"23,000"
와이어코팅4mm*100m ,1,"42,000"
와이어코팅5mm*100m ,1,"60,000"
와이어코팅6mm*100m ,1,"53,000"
와이어크립1(25) ,26,"4,500"
와이어크립1/4/1(32) ,,"7,000"
와이어크립16/1(1.6) ,"1,571",150
와이어크립16/3(4.5) ,502,250
와이어크립16/5(8) ,327,350
와이어크립2/1(13) ,92,"1,000"
와이어크립4/1(6) ,160,300
와이어크립4/3(19) ,56,"1,500"
와이어크립8/1(3) ,448,200
와이어크립8/3(9.5) ,17,600
와이어크립8/5(16) ,97,"1,200"
와이어크립8/7(22) ,19,"4,000"
와이어크립스텐4/1 ,,"1,250"
와티100 ,4,"7,500"
와티100*50 ,27,"5,000"
와티100*65 ,-1,"6,000"
와티100*75 ,-6,"6,000"
와티125 ,6,"12,000"
와티125*100 ,13,"15,000"
와티125*50 ,2,"11,000"
와티125*75 ,,"11,000"
와티150 ,6,"22,000"
와티150*100 ,5,"14,000"
와티150*125 ,2,"15,000"
와티150*50 ,3,"12,000"
와티200 ,2,"54,000"
와티200*150 ,,"37,000"
와티50 ,11,"1,800"
와티65 ,19,"2,500"
와티65*50 ,19,"2,500"
와티75 ,36,"3,500"
와티75*50 ,47,"2,500"
와티75*65 ,15,"3,000"
와티크로스100 ,8,"10,000"
왁구 ,-454,"60,000"
왁구ABS ,8,"55,000"
왁스정전기방지용 ,,"265,000"
외상 ,1,
요비강선3.2*300M ,1,"100,000"
요비선*15 ,4,"10,000"
요비선*20 ,3,"16,000"
요비선*30 ,3,"18,000"
요비선*50 ,2,"33,000"
요비선강선3.2*300M ,,"98,000"
요석제거제4LNSC101 ,,"42,000"
요술톱*만능톱 ,4,"19,000"
요술톱날*4개입 ,6,"6,000"
욕실*거울98N ,1,"60,000"
욕실*거울F11 ,,"60,000"
욕실*거울F20 ,1,"60,000"
욕실*거울누드 ,7,"60,000"
욕실*거울카라800*800 ,-1,"60,000"
욕실거울1200*900 ,23,"55,000"
욕실거울600*450 ,1,"15,000"
욕실거울600*600 ,7,"18,000"
욕실거울900*600 ,17,"25,000"
욕실거울마춤 ,,"29,000"
욕실다용도코일욕실3M ,12,"28,000"
욕실다용도코일욕실5M ,5,"33,000"
욕실선반유리일자600 ,24,"10,000"
욕실선반일자알미늄600 ,10,"18,000"
욕실스텐코너선반*세진 ,10,"20,000"
욕실스프레이건 ,7,"8,000"
욕실스프레이건셋트로얄 ,21,"12,000"
욕실스프레이건셋트밸브포함 ,23,"18,000"
욕실스프레이건욕실용3M ,20,"28,000"
욕실스프레이건욕실용5M ,12,"29,000"
욕실악세사리*서울1150 ,,"20,000"
욕실악세사리4종7세븐로얄 ,1,"40,000"
욕실악세사리셋트4폼핑크 ,2,"24,000"
욕실악세사리셋트5폼엑스포 ,4,"20,000"
욕실악세사리프리티4품800 ,1,"20,000"
욕실유리코너선반 ,13,"10,000"
욕실장*P 720*490*165 ,7,"30,000"
욕실장*고리 ,6,"2,000"
욕실장500*800*AR514거울 ,3,"110,000"
욕실장500*800*WT508화이트 ,,"110,000"
욕실장500*800*기획장줄무늬 ,1,"110,000"
욕실장500*800*미러4006장거울 ,,
욕실장500*800*에패소W유니크스 ,1,"99,000"
욕실장슬라이드장1200*800백색 ,,"195,000"
욕실천정2400*1700 ,5,"200,000"
욕실천정530*1200 ,1,"33,000"
욕실천정600*1200돔판 ,1,"24,000"
욕실천정마춤 ,-1,"215,000"
욕실핸드타월휴지통 ,1,"10,000"
욕실후렌치1000*200*5 ,,"66,000"
욕조 ,2,"340,000"
욕조걸음망스텐 ,-2,"6,000"
욕조마개 ,5,"1,500"
욕조반신욕덮개 ,2,"10,000"
욕조손잡이1000cm ,8,"42,000"
욕조손잡이300cm ,3,"22,000"
욕조손잡이400cm ,7,"25,000"
욕조손잡이600cm ,9,"33,000"
욕조손잡이800cm ,3,"37,000"
욕조앞치마 ,1,"50,000"
욕조오닉스1500 ,1,"350,000"
욕조오닉스1700 ,3,"350,000"
욕조이동식1300 ,,"340,000"
욕조이동식1400 ,,"340,000"
욕조이동식1500 ,,"350,000"
욕조자바라호수 ,101,"5,000"
용달바 ,1,"12,000"
용달비 ,-4,
용마루 피브이시 ,100,"4,000"
용마루오니 ,60,"3,000"
용마루적색 ,92,"3,000"
용마루청색90 ,,"4,000"
용마루피이청색90 ,93,"4,000"
용마루피이회색75 ,,"3,000"
용마루피이회색90 ,12,"4,000"
용못 ,12,"3,000"
"용못7"" ",-1,"14,000"
용수로개폐기200 ,,"300,000"
용접CO2가스디프샤500A12 ,17,"2,000"
용접CO2가스디피샤350A*10 ,56,"1,500"
용접CO2노즐350A16 ,213,"2,000"
용접CO2노즐500A19 ,60,"4,500"
용접CO2노즐크리너크림 ,5,"9,000"
용접CO2절연관350A15 ,100,"1,000"
용접CO2절연관500A19 ,-10,"2,000"
용접CO2팁0.9 ,30,"1,000"
용접CO2팁1.0 ,40,"1,000"
용접CO2팁1.2 ,127,"1,000"
용접CO2팁1.4 ,90,"1,400"
용접CO2팁1.6 ,140,"1,000"
용접CO2화구 ,-1,"7,000"
용접LPG가스조정기웰즈 ,6,"27,000"
용접가죽자켓(동계) ,,"35,000"
용접가죽자켓(하계) ,3,"31,000"
용접가죽팔토시가죽 ,4,"6,000"
용접각반*가죽 ,24,"8,000"
용접거울 ,78,250
용접고글개폐면자동WB-605C ,2,"33,000"
용접기*수리 ,,"48,000"
용접기3K아세아160*무창 ,2,"250,000"
용접기5K계양*kNS-200ST ,1,"330,000"
용접기5K아세아180*무창 ,3,"298,000"
용접기7.5K스톰250*7.5K ,1,"420,000"
용접기7.5K아세아200A*7.5K ,2,"395,000"
용접기7K*230A*WELLZ ,1,"240,000"
용접기짹7.5㎏ 200A조 ,21,"15,000"
용접기짹커넥터3㎏(160a)조 ,15,"9,000"
용접기짹커넥터5㎏(180A)조 ,12,"13,000"
용접면 ,9,"15,000"
용접면62B-면체만#3번 ,15,"10,000"
용접면62B-면체만#5번 ,6,"10,000"
용접면MS0 56A11#헬멧형종이 ,15,"16,000"
용접면MSO 63A#12손잡이형종이 ,7,"14,000"
용접면오토스3#*62B*20개 ,15,"16,000"
용접면오토스5#-62B*20개 ,11,"16,000"
용접면오토스7#-62B*20개 ,20,"16,000"
용접면오토스7#안전모걸이 ,,"15,000"
용접면오토스F-62AN투명 ,26,"14,000"
용접면오토스W-82N손잡이형 ,11,"17,000"
용접면오토스면체투명 ,8,"9,000"
용접면오토스투명안전모걸이F-63 ,16,"11,000"
용접면오토스헬멧형계폐면11# ,13,"19,000"
용접면자동차광*이클립스 ,1,"146,000"
용접면자동차광*카멜레온2 ,,"198,000"
용접발토시가죽용접 ,1,"8,000"
용접백유리 ,688,150
용접보안경#11 ,,"6,000"
용접보안경#8 ,,"4,000"
용접봉2.6조선5K CR ,22,"28,000"
용접봉3.2조선5K CR E6013 ,43,"27,000"
용접봉4.0조선5K CR ,10,"26,000"
용접봉CO2CSF71*1.2*15k코팅후락 ,1,"59,000"
용접봉CO2CSF71*1.4*15K코팅후락 ,,"63,000"
용접봉CO2CSF71T1.6*15K코팅후락 ,2,"57,000"
용접봉CO2MC-50T*1.0*20K솔리드 ,1,"79,000"
용접봉CO2MC-50T*1.2*20K솔리드 ,3,"79,000"
용접봉CO2MC-50T*1.4*20K솔리드 ,1,"79,000"
용접봉CS200-2.6 ,3,"26,000"
용접봉CS200-3.2 ,,"25,500"
용접봉CS200-4.0 ,2,"25,000"
용접봉LC2.6고장력봉*7016 ,3,"33,000"
용접봉LC3.2고장력봉*7016 ,4,"30,000"
용접봉LC4.0고장력봉*7016 ,8,"29,000"
용접봉동2.4(은0%)5kg ,103,"3,000"
용접봉동2.4(은5%)5kg개당 ,,"5,000"
용접봉스텐*2.0개당 ,-72,700
용접봉스텐*2.6개당 ,-20,700
용접봉스텐*3.2개당 ,90,800
용접봉스텐2.0*NC*308스텐*스텐 ,1,"98,000"
용접봉스텐2.6*NC*308스텐*스텐 ,3,"82,000"
용접봉스텐3.2*NC*308스텐*스텐 ,1,"82,000"
용접봉스텐309*2.0*스텐*철 ,2,"118,800"
용접봉스텐309*2.6*스텐*철 ,2,"113,500"
용접봉스텐309*3.2*스텐*철 ,2,"113,500"
용접봉스텐309개당철스텐 ,,"1,300"
용접봉신주개당 ,1,"3,000"
용접봉알미늄2.4(4043)개당 ,40,600
용접봉주머니 ,2,"11,000"
용접봉주물DM-150개당 ,-3,"4,000"
용접봉주물DM100*3.2*2KG ,2,"260,000"
용접불티방지*사각600*700*400 ,5,"35,000"
용접불티방지*우산원형천 ,5,"40,000"
용접산소조정기OX*웰즈2 ,6,"28,000"
용접산소조정기co2*110*케이디 ,2,"50,000"
용접산소조정기co2*220케이디 ,3,"50,000"
용접산소중형절단불대대광1000 ,1,"98,000"
용접산소중형절단불대대광435 ,6,"57,000"
용접산소중형절단불대대광650 ,1,"75,000"
용접산소중형절단불대대광800 ,2,"89,000"
용접선25*100미터 ,48,"7,000"
용접선35*100미터 ,43,"9,000"
용접선셋트25SQ*3m*5m홀더(대) ,1,"61,000"
용접선셋트25SQ*5m*10m홀더(대) ,2,"95,000"
용접선셋트25SQ*5m*10m홀더(소) ,,"80,000"
용접소켓100*65 ,2,"8,000"
용접소켓100*80 ,3,"10,000"
용접소켓40*32 ,5,"4,000"
용접소켓50*25 ,5,"5,000"
용접소켓50*32 ,10,"5,000"
용접소켓50*40 ,12,"6,000"
용접소켓65*50 ,17,"6,000"
용접소켓80*50 ,10,"7,000"
용접소켓80*65 ,2,"7,000"
용접소켓스텐50*63 ,,"7,000"
용접아스집게ST-200A ,39,"3,000"
용접안경고급 ,,"6,000"
용접안경수은 ,3,"4,000"
용접앞치마가죽*중90*60 ,13,"13,000"
용접엘100 ,3,"15,000"
용접엘125 ,,"17,000"
용접엘20 ,51,"2,000"
용접엘200 ,,"56,000"
용접엘25 ,,"1,500"
용접엘25*45도 ,30,"1,500"
용접엘250 ,,"97,000"
용접엘32 ,20,"2,500"
용접엘32*45도 ,24,"3,000"
용접엘40 ,36,"2,500"
용접엘40*45도 ,30,"2,500"
용접엘50 ,6,"5,000"
용접엘50*45도 ,29,"4,500"
용접엘65 ,,"8,000"
용접엘65*45도 ,8,"8,000"
용접엘80 ,5,"10,000"
용접엘80*45도 ,9,"10,000"
용접역화방지기명신LPG ,10,"29,700"
용접역화방지기명신산소 ,7,"32,000"
용접유리백 ,4,200
용접인버터짹160A ,3,"9,000"
용접인버터짹180A ,4,"13,000"
"용접자석 대 삼각5"" ",11,"10,000"
용접장갑35cm ,,"6,000"
용접장갑A ,-4,"3,000"
용접장갑B ,43,"3,000"
용접장갑다기능액션kD-215갈색 ,100,"6,000"
용접장갑대*대윤하늘색 ,76,"6,000"
용접장갑등천 ,119,"3,000"
용접장갑알곤갈색AR-BR1 ,78,"7,000"
용접장갑알곤노랑*EN388 ,41,"7,000"
용접장갑알곤제우스 ,212,"6,600"
용접장갑오지내피A*206경도 ,56,"5,000"
용접장갑전피장갑*대윤 ,3,"6,000"
용접장갑특대*제우스 ,41,"5,000"
용접절단자석아대300 ,13,"44,000"
용접절단자석아대500 ,19,"44,000"
용접정첩3 ,529,900
용접정첩4 ,101,"1,300"
용접정첩5 ,108,"1,700"
용접정첩6 ,95,"2,000"
용접정첩8 ,51,"5,000"
용접정첩나비3 ,119,"2,000"
용접정첩나비4 ,34,"5,000"
용접정첩나비5 ,27,"8,000"
용접정첩나비6 ,12,"9,600"
"용접정첩볼트08""볼트 ",12,"10,000"
"용접정첩볼트10""볼트 ",14,"11,000"
"용접정첩볼트12""볼트 ",4,"13,000"
"용접정첩스텐4""스텐개당 ",1,"4,000"
용접집게대300A ,-2,"4,000"
용접집게소50A ,91,"1,500"
용접집게중100A ,94,"2,000"
용접집게특대*아스집게 ,20,"4,000"
용접청각반 ,13,"4,000"
용접청두건겨울용 ,2,"7,000"
용접토시청(용접용) ,28,"2,000"
용접티100 ,3,"16,000"
용접티15 ,8,"3,000"
용접티20 ,40,"3,400"
용접티25 ,39,"3,500"
용접티32 ,25,"4,500"
용접티40 ,31,"5,000"
용접티50 ,16,"6,500"
용접티65 ,12,"9,000"
용접티65*50 ,,"8,000"
용접티80 ,6,"20,000"
용접티80*50 ,,"13,500"
용접프라즈마70A토치셋트*15M ,1,"178,000"
용접프라즈마토치가죽커버15M ,,"29,000"
용접홀더집게400A*대진 ,7,"6,000"
용접홀더집게600A*대진 ,4,"7,000"
용접홀더집게EH400A*태담도자기 ,3,"22,000"
용접홀더집게EH600A*태담도자기 ,4,"27,000"
용접홀더초간편공성400A ,8,"20,000"
용접홀더초간편공성600A ,6,"23,000"
용접화구1번대광 ,18,"5,000"
용접화구2대광*대형 ,10,"9,000"
용접화구2대광*중형 ,27,"6,500"
용접화구2명신 ,26,"3,000"
용접화구3번대광*대형 ,,"9,000"
용접화구3번대광*중형 ,,"7,000"
용접화구바늘 ,8,"4,500"
용접화구프라즈마전극P-80*한토 ,35,"1,800"
용접화구프라즈마팁노즐P-80(1.5 ,35,"1,600"
용접흑유리10 ,95,"1,000"
용접흑유리11 ,299,"1,000"
우레탄경질지수재BU-50F ,,"110,000"
우레탄말건500*MHC ,2,"54,000"
우레탄망치대*덕진*투명 ,5,"11,000"
우레탄망치중*덕진*투명 ,12,"9,000"
우레탄망치특대*덕진*투명 ,5,"12,000"
우레탄폼 ,48,"5,500"
우레탄폼건용*다우 ,-134,"5,500"
우레탄폼건용일신 ,379,"5,500"
우레탄폼건용피셔 ,,
우레탄폼방화B1타이거 ,,"12,000"
우레탄폼방화B2 ,,"8,800"
우레탄폼일회용*다우 ,-17,"5,500"
우레탄폼일회용럭키 ,,
우레탄폼일회용일신 ,224,"5,500"
우레탄폼크리너 ,64,"4,000"
우레탄폼피셔건용 ,,
우레탄함마3 ,1,"22,000"
우레탄함마4 ,5,"23,000"
우레탄함마6 ,4,"25,000"
우레탄호수10*6*연질녹색 ,-4,
우리건축010-9251-1852 ,-1,
우마150*1600 ,3,"75,000"
우마250*1600 ,2,"95,000"
우마300*1600 ,3,"110,000"
우마400*1600 ,5,"120,000"
우마600*1600 ,,"180,000"
우마다리*롱1000 ,3,"30,000"
우마일자300*1200 ,5,"90,000"
우마일자300*900 ,3,"79,000"
우마일자400*1200 ,2,"95,000"
우마일자400*1200*1200작업대4T1 ,3,"155,000"
우비*노랑*매너티 ,20,"10,000"
우비*바지만 ,,"10,000"
우비*새마을노랑 ,4,"5,000"
우비고급801-101태경 ,55,"36,000"
우비고급901-301박스포장 ,29,"43,000"
우비고급901-601박스포장 ,18,"49,000"
우비신사상하801-202매너티 ,301,"12,000"
우비에바코트우비노랑.파랑 ,113,"6,000"
우비일회용 ,534,"1,000"
우비코트식801-103매너티 ,32,"12,000"
우비타포린칼라TK4002태경 ,,"15,000"
우수관라인마크45*145 ,-7,"11,000"
우수관테이프10cm*250m ,2,"15,000"
우수관테이프20cm*250m ,,"33,000"
우편함복주머니빨강P ,1,"20,000"
우편함빨강 ,5,"30,000"
우편함올스텐250*160*120 ,22,"23,000"
우편함올스텐300*240*120 ,,"28,000"
운동화 ,-3,"170,000"
운반노랑바구니사각 ,,"15,000"
운임 ,231,"196,000"
운임2.5톤 ,-6,"90,000"
운임25톤 ,11,"300,000"
운임5톤 ,4,"120,000"
운임빠렛트당 ,-10,"40,000"
운임포함 ,802,"5,000"
"워킹줄자코메론10""휠메이져31 ",1,"98,000"
"워킹줄자코메론4""휠메이져12 ",1,"60,000"
"워킹줄자코메론6""휠메이져18 ",4,"75,000"
원목도어3*7 ,19,"350,000"
원목도어800*2000 ,-5,"280,000"
원목도어사꾸라740*19 ,7,"120,000"
원목도어사꾸라840*20 ,14,"120,000"
원목도어사꾸라940*20 ,16,"120,000"
원목도어홍송300*2040 ,-1,"150,000"
원목도어홍송740*1940 ,53,"80,000"
원목도어홍송740*2040 ,-7,"130,000"
원목도어홍송840*2040 ,123,"130,000"
원목도어홍송940*2040 ,42,"130,000"
원목몰딩거실12자*18*85 ,,
원목몰딩걸래받이12자*10*85 ,,
원목몰딩문선12자*18*55 ,,
원목미서기930*2030 ,2,"130,000"
원목미송문짝840*2040 ,39,"120,000"
원목햇살미닫이1600*2100 ,1,"370,000"
원목햇살홍송840*2040 ,6,"120,000"
원목햇살홍송940*2040 ,12,"150,000"
원목홍송900*2100조 ,9,"240,000"
원목홍송햇살6*7 ,4,"380,000"
원심력흄관300그레이팅1개 ,,"220,000"
원자동화010-2435-5201 ,-1,
원주지주목40*1500 ,138,"5,000"
원주지주목60*1800 ,136,"6,000"
원주지주목60*2700 ,66,"10,000"
원터치피팅HCF12G04B 12*1/2,,"1,600"
원터치피팅PC10*2/1 ,15,"1,500"
원터치피팅PC10*4/1 ,50,"1,000"
원터치피팅PC10*8/1 ,23,"1,000"
원터치피팅PC10*8/3 ,14,"1,000"
원터치피팅PC12*1/4 ,15,"1,500"
원터치피팅PC12*1/8 ,14,"2,000"
원터치피팅PC12*2/1 ,6,"2,500"
원터치피팅PC12*3/8 ,51,"2,000"
원터치피팅PC6*1/4 ,61,"1,000"
원터치피팅PC6*1/8 ,28,"1,000"
원터치피팅PC6*2/1 ,39,"2,000"
원터치피팅PC6*3/8 ,9,"1,000"
원터치피팅PC6*M5 ,37,"1,500"
원터치피팅PC8*1/2 ,16,"2,000"
원터치피팅PC8*1/4 ,43,"1,000"
원터치피팅PC8*1/8 ,30,"1,000"
원터치피팅PC8*3/8 ,35,"1,000"
원터치피팅PCF6*1/8 ,10,"1,500"
원터치피팅PG10*08 ,34,"1,500"
원터치피팅PG12*10 ,46,"1,500"
원터치피팅PG6*1/2 ,9,"1,500"
원터치피팅PG6*4 ,20,"1,000"
원터치피팅PG8*6 ,12,"1,000"
원터치피팅PL10*1/2 ,19,"2,500"
원터치피팅PL10*1/4 ,15,"1,500"
원터치피팅PL10*3/8 ,14,"2,000"
원터치피팅PL10*8/1 ,18,"1,500"
원터치피팅PL12*1/2 ,34,"3,000"
원터치피팅PL12*1/4 ,18,"2,000"
원터치피팅PL12*1/8 ,10,"1,500"
원터치피팅PL12*3/8 ,16,"2,000"
원터치피팅PL12*3/8 ,17,
원터치피팅PL6*1/2 ,30,"2,500"
원터치피팅PL6*1/4 ,36,"1,500"
원터치피팅PL6*1/8 ,55,"1,500"
원터치피팅PL6*3/8 ,30,"2,000"
원터치피팅PL6*M5 ,60,"1,000"
원터치피팅PL8*1/2 ,19,"2,500"
원터치피팅PL8*1/4 ,53,"1,500"
원터치피팅PL8*3/8 ,20,"2,000"
원터치피팅PL8*8/1 ,50,"1,500"
원터치피팅PT10*3/8 ,-5,"2,000"
원터치피팅PT10*4/1 ,10,"2,000"
원터치피팅PT12*1/2 ,9,"2,500"
원터치피팅PT12*1/4 ,9,"2,000"
원터치피팅PT12*1/8 ,9,"2,000"
원터치피팅PT12*8/3 ,10,"2,500"
원터치피팅PT6*4/1 ,10,"1,500"
원터치피팅PT8*1/2 ,11,"2,000"
원터치피팅PT8*3/8 ,10,"1,500"
원터치피팅PT8*8/1 ,10,"1,500"
원터치피팅PUC 6 ,130,"1,000"
원터치피팅PUC 8 ,100,"1,000"
원터치피팅PUC10 ,8,"1,000"
원터치피팅PUC12 ,67,"1,500"
원터치피팅PUC16 ,15,"3,000"
원터치피팅PUL 6 ,15,800
원터치피팅PUL 8 ,44,"1,000"
원터치피팅PUL10 ,61,800
원터치피팅PUL12 ,14,"1,200"
원터치피팅PUT06 ,65,"1,000"
원터치피팅PUT08 ,103,"1,000"
원터치피팅PUT10 ,21,"1,500"
원터치피팅PUT12 ,22,"2,000"
원터치피팅PY06 ,54,"1,000"
원터치피팅PY08 ,52,"1,300"
원터치피팅PY10 ,64,"1,400"
원터치피팅PY12 ,26,"1,500"
원터치피팅SC10*2/1 ,12,"8,000"
원터치피팅SC10*4/1 ,16,"4,000"
원터치피팅SC10*8/3 ,22,"5,000"
원터치피팅SC12*2/1 ,2,"7,500"
원터치피팅SC6*1/8 ,20,"3,500"
원터치피팅SC6*M5 ,15,"3,000"
원터치피팅SC6/4/1 ,20,"3,500"
원터치피팅SC8*1/4 ,-6,"3,500"
원터치피팅SC8*2/1 ,5,"7,500"
원터치피팅SC8*8/1 ,20,"3,500"
원터치피팅SC8*8/3 ,30,"5,000"
원터치피팅중간밸브 6HVFF ,39,"4,500"
원터치피팅중간밸브 8HVFF ,42,"4,500"
원터치피팅중간밸브10HVFF ,25,"5,000"
원터치피팅중간밸브12HVFF ,18,"5,000"
원파이프200*6 ,2,"310,000"
원형천정판SMC450각*22개 ,80,"10,000"
원형톱날 8*80*2.0T장원 ,1,"37,000"
원형톱날 9*100*2.4T장원 ,1,"56,000"
원형톱날10*100*2.3T마끼P73097 ,5,"49,000"
원형톱날10*100*2.4장원 ,,
원형톱날10*120*2.4T장원 ,5,"69,000"
원형톱날12*100*3.0T장원 ,3,"67,000"
원형톱날14*100*3.0T장원 ,5,"76,000"
원형톱날14*100스피드 ,11,"30,000"
원형톱날14*120우진 ,4,"85,000"
원형톱날14*80장원*금속용 ,2,"160,000"
"원형톱날4""목재 제스트 ",63,"4,000"
"원형톱날4""목재(스피드) ",33,"5,000"
"원형톱날4*다용도날4""expower ",10,"11,000"
원형톱날4판넬용 ,1,"12,000"
"원형톱날5""목재용대한 ",,"15,000"
원형톱날5*다용도벤즈 ,1,"13,000"
"원형톱날7""판넬용*파워쏘 ",2,"33,000"
원형톱날7*2.0T*60마끼다P72877 ,12,"20,000"
원형톱날7*2.5T*60계양 ,30,"15,000"
원형톱날7*다용도*벤즈 ,3,"21,000"
원형톱날알미 9*100*2.4T장원 ,4,"54,000"
원형톱날알미10*100*2.4T장원 ,,"68,000"
원형톱날알미12*100*3.0T장원 ,2,"75,000"
원형톱날알미14*100*3.0T장원 ,1,"69,000"
"원형톱날충전목공용5.5"" Z-CS147 ",8,"16,000"
"원형톱날충전목공용5.5""마끼다D5 ",2,"24,000"
"원형톱날충전목공용6""0마끼다D50 ",,"18,000"
"원형톱날충전목공용6.5"" Z-CS165 ",10,"18,000"
"원형톱날충전용금속판넬5"" ",4,"45,000"
"원형톱날충전용금속판넬6"" ",6,"55,000"
"원형톱안전커버7"" ",3,"84,000"
원형환기구50 ,4,"5,000"
원형환기구65 ,5,"6,000"
원형환기구75 ,10,"7,000"
원홀싱크줄대림92-1004 ,1,"16,000"
월급 ,-12,"2,300,000"
월전기료 ,-12,"180,000"
웨지앙카10*100*50개 ,350,300
웨지앙카10*120*50개 ,400,300
웨지앙카10*150*35개 ,93,300
웨지앙카12*100*35개 ,213,400
웨지앙카12*120*30개 ,140,500
웨지앙카12*150*25개 ,96,700
웨지앙카16*100*20개 ,55,600
웨지앙카16*120*15개 ,90,"1,000"
웨지앙카16*145*15개 ,35,"1,200"
위험물보관함 ,,"1,040,000"
위험물저장소900*900*2000 ,,"510,000"
윈치끈 ,,"56,000"
유공관100 ,11,"7,500"
유공관150 ,19,"11,000"
유공관200 ,48,"17,000"
유공관250 ,4,"23,000"
유공관300 ,7,"29,000"
유공소켓100 ,10,"1,000"
유공소켓150 ,36,"1,500"
유공소켓200 ,8,"1,500"
유공소켓250 ,40,"2,000"
유니버설쪼인트2/1*킹토닉 ,13,"10,000"
유니버설쪼인트2/1볼형검정4797P ,7,"16,000"
유니버설쪼인트4/3임팩검정 ,,"33,000"
유니버설쪼인트8/3 ,10,"6,000"
유니온고무바킹140 ,180,100
유니온고무바킹15 ,116,300
유니온고무바킹20 ,185,300
유니온고무바킹25 ,103,400
유니온고무바킹32 ,121,400
유니온고무바킹40 ,69,300
유니온고무바킹50 ,83,300
유니온고무바킹65 ,10,500
유니온바킹20 ,-6,50
유니온바킹25 ,97,60
유니온바킹32 ,-6,70
유니온바킹40 ,43,100
유니온바킹50 ,38,300
유니카BJ 6.0다용도멀티 ,17,"11,000"
유니카BJ 6.4다용도멀티 ,10,"11,000"
유니카RJ 3.0다용도기리임팩용 ,10,"7,000"
유니카RJ 3.2다용도기리임팩용 ,7,"7,000"
유니카RJ 3.5다용도기리임팩용 ,13,"10,000"
유니카RJ 4.0다용도기리임팩용 ,15,"9,000"
유니카RJ 5.0다용도기리임팩용 ,24,"9,000"
유니카RJ 6.0다용도기리임팩용 ,16,"12,000"
유니카RJ 6.4다용도기리임팩용BJ ,17,"12,000"
유니카RJ 8.0다용도기리임팩용 ,1,"19,000"
유니카RJ10.0다용도기리임팩용 ,15,"26,000"
"유니카SB 3.2대리석,석재 ",8,"8,000"
"유니카SB 6.0대리석,석재 ",14,"9,000"
"유니카SB 6.4대리석,석재 ",30,"9,000"
"유니카SB 8.0대리석,석재 ",10,"14,000"
"유니카SB10.0대리석,석재 ",1,"19,000"
유니카TR 3.0타일기리 ,18,"8,000"
유니카TR 3.5타일기리 ,9,"7,000"
유니카TR 4.0타일기리 ,10,"7,000"
유니카TR 5.0타일기리 ,25,"8,000"
유니카TR 6.0타일기리 ,34,"9,000"
유니카TR 6.4타일기리 ,16,"9,000"
유니카TR 8.0타일기리 ,3,"13,000"
유도등계단소형고효율 ,,"23,000"
유도등일반소형고효율 ,,"10,000"
유도등중형고효율 ,,"38,000"
유도등천장형소형고효율 ,-5,"33,000"
유량계 ,-1,"267,000"
유론100 ,11,"19,000"
유론125 ,2,"35,000"
유론150 ,1,"42,000"
유론200 ,,"66,000"
유론65 ,4,"16,000"
유론75 ,6,"18,000"
유론소켓100 ,7,"3,000"
유론소켓65 ,,"1,500"
유론소켓75 ,12,"1,500"
유론엘100 ,5,"5,000"
유론엘150 ,10,"8,000"
유론엘65 ,20,"1,500"
유론엘75 ,7,"2,500"
유론티100 ,5,"5,000"
유론티125 ,2,"8,000"
유론티150 ,2,"10,000"
유론티65 ,1,"2,000"
유론티75 ,7,"3,000"
유리 ,-1,"30,000"
유리닦기대 ,35,"5,000"
유리닦기이중검정500*신청주 ,,"11,000"
유리닦이2단원터치세종 ,6,"12,000"
유리세정제600mL ,-12,"2,500"
유리솜25*30 ,,"40,000"
유리압착기 ,,"12,000"
"유리압착기4""ok040고무 ",3,"8,000"
"유리압착기5""ok-050 ",4,"19,000"
"유리압착기5""전화기타입125㎖ ",2,"58,000"
"유리압착기7""-OK070 ",2,"90,000"
"유리압착기8""*OK-080 ",3,"99,000"
유리칼B급 ,7,"4,000"
유리칼기름일제토요 ,5,"12,000"
유미락스13kg ,-3,"13,000"
유미락스세제13kg ,-3,"16,500"
유바100*3 ,-21,"6,000"
유바175*3m아연도금 ,-124,"24,000"
유바50*3m ,,"3,500"
유바75*3M ,,"5,000"
유볼트4/1*15mm가스배관용 ,10,200
유볼트4/1*20mm ,35,220
유볼트5/16*15mm ,10,200
유볼트5/16*20 ,42,250
유볼트5/16*25 ,6,200
유볼트8/3* 15*2/1(15) ,42,200
유볼트8/3* 20*4/3(20) ,282,200
유볼트8/3* 25*1(25) ,461,300
유볼트8/3* 32*1.4/1(32) ,66,400
유볼트8/3* 38*1.2/1(38) ,40,500
유볼트8/3* 50*2(50) ,15,800
유볼트8/3* 65*2.2/1(63) ,48,900
유볼트8/3* 75*3(75) ,50,"1,500"
유볼트8/3*100*4(100) ,27,"2,000"
"유볼트8/3*125*5""*125 ",33,"2,500"
"유볼트8/3*150*6""*150 ",19,"3,000"
"유볼트8/3*200*8""*200 ",30,"3,000"
유선(비디오코드)1.5M ,20,"2,000"
유선(비디오코드)2.5M ,1,"4,000"
유선*1M ,-364,500
유선UTP동축케이블 ,1,"96,000"
유선분배기2구 ,51,"2,000"
유선분배기3구 ,12,"3,000"
유선짹 ,822,500
유압램 20T * 50MM(TS-205) ,-1,"218,000"
유압수동펌프 THPA-1B ,-1,"265,000"
육가 P100 ,36,"1,500"
육가 P50 ,45,600
육가 P65 ,241,"1,000"
육가 P75 ,15,"1,000"
육가골드50 ,5,"9,000"
육가골드65 ,4,"9,000"
육가골드75 ,5,"9,000"
육가냄새차단50고무 ,4,"5,500"
육가냄새차단AR-50도원 ,5,"7,000"
육가냄새차단AR-65도원 ,16,"7,000"
육가냄새차단보수용SR-50도원 ,22,"15,000"
육가냄새차단보수용SR-65도원 ,11,"15,000"
육가스크린150*150*100 ,29,"6,000"
육가스크린150*150*50 ,72,"6,000"
육가스크린150*150*65 ,105,"6,000"
육가스크린150*150*75 ,104,"6,000"
육가스크린150*150뚜껑 ,4,"3,000"
육가스크린150*150뚜껑세탁기용 ,11,"4,000"
육가스크린200*200*50 ,3,"11,000"
육가스크린200*200*65 ,12,"11,000"
육가스크린200*200*75 ,12,"11,000"
육가스크린200*200뚜껑 ,8,"5,000"
육가스크린200*200세탁기 ,5,"12,000"
육가스텐100 ,-12,"4,000"
육가스텐27종50 ,-4,"5,000"
육가스텐27종75 ,-2,"6,000"
육가스텐50사각 ,10,"3,500"
육가스텐75사각 ,5,"6,000"
육가스텐드레인150각 ,2,"16,000"
육가스텐드레인150각타일 ,1,"10,000"
육가스텐뚜껑100 ,45,"3,000"
육가스텐뚜껑50 ,20,"2,000"
육가스텐뚜껑65 ,30,"2,500"
육가스텐뚜껑75 ,,"2,500"
육가스텐망100 ,13,"3,000"
육가스텐망50 ,18,"2,000"
육가스텐망65 ,46,"2,500"
육가스텐망75 ,-3,"2,500"
육가신주100 ,6,"11,000"
육가신주50 ,,"7,000"
육가신주65 ,,"9,000"
육가신주75 ,,"11,000"
육가신주뚜껑100 ,30,"4,000"
육가신주뚜껑50 ,60,"3,000"
육가신주뚜껑65 ,30,"3,000"
육가신주뚜껑75 ,31,"3,500"
육가신주피이100 ,14,"4,000"
육가신주피이75 ,11,"3,000"
육가홈드레인50냄새차단 ,1,"8,000"
육가홈드레인50싱크냄새차단 ,,"8,000"
육각노미280계양 ,15,"11,000"
육각노미350계양 ,19,"12,000"
육각노미450계양 ,9,"18,000"
육각렌지*5피임팩굥100 ,1,"11,000"
육각렌지*5피임팩용75 ,23,"10,000"
육각렌지1.5-2 ,12,600
육각렌지10일제유키 ,7,"3,000"
육각렌지11 ,7,"3,000"
육각렌지12일제유키 ,30,"5,000"
육각렌지13 ,8,"6,000"
육각렌지13일제유키 ,10,"6,000"
육각렌지14일제유키 ,6,"8,000"
육각렌지2.0 ,15,600
육각렌지2.5 ,9,700
육각렌지3.0 ,13,"1,000"
육각렌지4.0 ,8,"1,000"
육각렌지5.0 ,20,"1,200"
육각렌지6.0 ,23,"1,600"
육각렌지7.0 ,29,"1,800"
육각렌지7일제유키 ,,"3,000"
육각렌지8.0 ,20,"2,000"
육각렌지8일제유키 ,-1,"3,000"
육각렌지9.0 ,23,"2,000"
육각렌지B ,18,"4,000"
육각렌지셋트9P위너W-9L-1000 ,11,"13,000"
육각렌지셋트9P칼라*Z-LB1000 ,6,"15,000"
육각렌지셋트9피CBX9-1510 ,10,"31,000"
육각렌지셋트접이식FHW-7 ,74,"9,000"
육각렌지셋트접이식이클랜드 ,3,"7,000"
육각렌지충전용셋트*드래곤 ,2,"12,000"
육각렌지충전용셋트100(SHB-110S ,17,"11,000"
육각렌지충전용셋트75(SHB-75S) ,4,"9,000"
육각렌지티10*200 ,,"13,000"
육각렌지티3*150 ,,
육각렌지티4*150위하 ,8,"9,000"
육각렌지티4*200위하 ,,
육각렌지티5*150위하 ,13,"12,000"
육각렌지티5*200위하 ,,
육각렌지티6*200위하 ,3,"16,000"
육각렌지티6*200위하 ,10,"12,000"
육각렌지티7*200위하 ,10,"18,000"
육각렌지티8*200 ,-1,
율면월포리892-2번지 ,,
은박매트 3T*35M ,12,"36,000"
은박매트10T*50M ,1,"150,000"
음주측정기 ,-2,"346,000"
음주측정기빨대 ,-100,500
의자다리캡50*50 ,,700
의자바퀴 ,,"1,500"
의자바퀴3부 ,,"1,500"
이경크립고정 ,40,"3,500"
이경크립자동 ,40,"4,200"
이그리스벤지스마토 ,1,"49,000"
이동스퀘어*화이트 ,1,"15,000"
이동스퀘어300스텐리 ,9,"13,000"
이동식*화장실녹색701 ,,"380,000"
이동식*화장실우드701 ,2,"380,000"
이동식*화장실판넬고급형703 ,2,"480,000"
이동식*화장실판넬창부착705 ,2,"550,000"
이동식산업용에어컨 ,,"1,590,000"
이동식화장실2조식 ,,"1,650,000"
이보드13T*2400*복합단열재 ,209,"29,000"
이보드23T*2400*복합단열재 ,110,"41,000"
이불셋트 ,-110,"60,000"
이중관 1종150*6M ,,"57,000"
이중관 1종200*6M ,,"78,000"
이중관 1종250*6M ,,"110,000"
이중관 1종300*6M ,,"145,000"
이중관 1종400*6M ,,"330,000"
이중관 1종500*6M ,,"470,000"
이중관 1종600*6M ,,"550,000"
이중관 1종수밀밴드600 ,,"33,000"
이중관 2종200*6M ,,"66,000"
이중관 2종250*6M ,,"84,000"
이중관 2종300*6M ,,"99,000"
이중관 2종450*6m ,,"240,000"
이중관 2종500*6m ,,"285,000"
이중관 2종600*6m ,,"405,000"
이중관1000대웅 ,1,"360,000"
이중관150대웅 ,20,"24,000"
이중관200대웅 ,56,"29,000"
이중관250대웅 ,15,"37,000"
이중관300대웅 ,52,"46,000"
이중관400대웅 ,29,"68,000"
이중관500대웅 ,15,"105,000"
이중관600대웅 ,8,"136,000"
이중관700*한남 ,1,"253,000"
이중관800대웅 ,5,"240,000"
이중관소켓150 ,1,"2,000"
이중관소켓200 ,2,"2,500"
이중관소켓250 ,19,"3,000"
이중관소켓300 ,27,"3,000"
이중관소켓400 ,29,"3,000"
이중관소켓500 ,24,"6,000"
이중관소켓600 ,11,"9,000"
이중관소켓800 ,,"13,000"
이중관엘150 ,6,"10,000"
이중관엘200 ,11,"12,000"
이중관엘250 ,4,"16,000"
이중관엘300 ,7,"20,000"
이중관엘400 ,1,"33,000"
이중관엘45/150 ,5,"9,000"
이중관엘45/200 ,5,"11,000"
이중관엘45/250 ,9,"13,000"
이중관엘45/300 ,4,"15,000"
이중관엘45/400 ,2,"26,000"
이중관엘45/500 ,2,"54,000"
이중관엘45/600 ,,"90,000"
이중관엘45/800 ,,"215,000"
이중관엘500 ,1,"68,000"
이중관엘600 ,1,"96,000"
이중관엘800 ,,"221,000"
이중관티150 ,9,"11,500"
이중관티200 ,4,"16,000"
이중관티250 ,6,"22,000"
이중관티300 ,5,"27,000"
이중관티300*200 ,,"22,000"
이중관티300*500 ,3,"64,000"
이중관티400 ,4,"36,000"
이중관티500 ,1,"66,000"
이중관티500*100 ,,"70,000"
이중관티600 ,,"113,000"
이중유공관150 ,,"33,000"
이중유공관200 ,,"40,000"
이중유공관250 ,,"51,000"
이중유공관300 ,,"50,000"
이지쪼인트스텐15 ,-6,"12,800"
이지쪼인트스텐발소15 ,-6,"10,380"
이지쪼인트스텐속소켓15 ,-6,"11,750"
이형제1차*30개 ,47,"3,000"
이형제2차*제일 ,10,"3,000"
이형크립자동 ,,"4,500"
"이화날14""도로컷팅날 ",,"165,000"
"이화날14""도로콘크리트용3.2*27 ",1,"184,000"
"이화날14""벽돌용2.8*25.4 ",1,"184,000"
"이화날14""아스콘용3.2*27 ",1,"120,000"
"이화날16""도로아스팔트용 ",5,"205,000"
"이화날16""도로컷팅날(제네시스) ",1,"205,000"
"이화날16""도로콘크리트16""*3 ",1,"205,000"
"이화날16""벽면용*3.2T습식 ",,"180,000"
"이화날16""벽면용2.8T*27 ",1,"198,000"
"이화날18""도로컷팅날 ",1,"240,000"
"이화날18""도로컷팅용 ",1,"240,000"
"이화마른날10""*3.2T ",1,"108,000"
"이화마른날12""*3.2T ",1,"148,000"
"이화마른날4""*2.0T ",39,"14,000"
"이화마른날4""*3.1T ",2,"28,000"
"이화마른날4""*4.8T ",5,"45,000"
"이화마른날5""*2T ",13,"27,000"
"이화마른날6""*2.4 ",,"43,000"
"이화마른날7""*2.4T      ' ",2,"54,000"
이화마른날8*2.7T ,1,"88,000"
이화마른날8*3.1T ,1,"90,000"
"이화마른날9""2.7T*22 ",1,"100,000"
이화물날10 ,-2,"85,000"
이화물날7*2.0T ,2,"34,000"
이화물날8*2.0T ,9,"40,000"
이화석제용8*1.8*T터보날 ,1,"33,000"
이화신한마른날4*1.8T ,4,"12,000"
이화신한타일날4*1.2T터보날*빨?,6,"12,000"
이화신한터보날타일날8*1.8T*22 ,6,"38,000"
이화이중컵4 ,4,
이화이중컵4B ,13,
"이화컵4""터보컵날 ",16,"51,000"
이화컵4석재용 ,,"40,000"
이화컵4우레탄용 ,,"38,000"
이화컵4평컵일반 ,6,"38,000"
이화컵4평컵플러스 ,13,"38,000"
이화컵7B ,,
"이화컵7터보컵7"" ",1,"118,000"
이화컵7평컵일반 ,4,"98,000"
이화컵7평컵플러스 할석컵 ,4,"98,000"
이화컵이엑스더블컵4KGW-4D ,11,"15,000"
이화컵이엑스일반컵4KGW-4S ,8,"10,000"
이화컵이엑스평컵플러스4KGW-4A ,18,"10,000"
"이화타일날10""*2.0터보날 ",,"71,000"
"이화타일날4""*1.2T터보날 ",-2,"12,000"
"이화타일날4""1*1.2T터보날중산 ",37,"10,000"
"이화타일날5""*1.6T터보날 ",12,"23,000"
"이화타일날7""*1.6T터보날 ",2,"34,000"
"이화타일날8""*1.8T터보날 ",2,"35,000"
"이화타일날9""*1.8터보날 ",3,"40,000"
"이화효성마른날4""*3.2 ",10,"24,000"
인건비 ,-43,
인삼괭이날긴것 ,10,"8,000"
인삼천 ,-1,"130,000"
인삼천95*2M*100M ,-155,"60,000"
인쇄비 ,71,"1,900"
"인슐레이션R-11(15"") ",,"58,000"
인써트주물*500개 ,"2,040",120
인써트피브시*200개 ,"8,250",110
인터넷선UTP ,2,"85,000"
인테리어접착프라이마 ,,"18,000"
일반리어카 ,,"178,000"
"임팩복스롱1""*30 ",4,"31,000"
"임팩복스롱1""*32 ",,"25,000"
"임팩복스롱1""*36 ",2,"33,000"
임팩복스롱2/1*08롱 ,9,"6,500"
임팩복스롱2/1*10롱 ,2,"6,000"
임팩복스롱2/1*11롱 ,6,"6,000"
임팩복스롱2/1*12롱 ,14,"6,000"
임팩복스롱2/1*13롱 ,17,"6,000"
임팩복스롱2/1*14롱 ,14,"6,000"
임팩복스롱2/1*15롱 ,11,"7,000"
임팩복스롱2/1*16롱 ,4,"7,000"
임팩복스롱2/1*17롱 ,4,"7,000"
임팩복스롱2/1*18롱 ,14,"7,000"
임팩복스롱2/1*19롱 ,7,"9,000"
임팩복스롱2/1*20롱 ,11,"9,000"
임팩복스롱2/1*21롱 ,21,"9,000"
임팩복스롱2/1*22롱 ,9,"9,000"
임팩복스롱2/1*23롱 ,3,"9,000"
임팩복스롱2/1*24롱 ,4,"10,000"
임팩복스롱2/1*25롱 ,16,"10,000"
임팩복스롱2/1*26롱 ,8,"10,000"
임팩복스롱2/1*27롱 ,,"11,000"
임팩복스롱2/1*28롱 ,5,"12,000"
임팩복스롱2/1*29롱 ,7,"13,000"
임팩복스롱2/1*30롱 ,6,"15,000"
임팩복스롱2/1*32롱 ,5,"15,000"
임팩복스롱2/1*36롱 ,2,"16,000"
임팩복스롱2/1*38롱 ,1,"18,000"
"임팩복스알1""*30 ",,"33,000"
"임팩복스알1""*36 ",2,"33,000"
임팩복스알1/2*19 ,9,"4,000"
임팩복스알1/2*24 ,7,"5,000"
임팩복스알1/2*27 ,6,"7,000"
임팩복스알1/2*30 ,4,"7,500"
임팩복스알1/2*32 ,6,"10,000"
임팩복스알1/2*36 ,6,"11,000"
임팩복스알4/3*19 ,4,"7,000"
임팩복스알4/3*22 ,,"7,000"
임팩복스알4/3*24 ,13,"7,000"
임팩복스알4/3*27 ,4,"8,000"
임팩복스알4/3*30 ,6,"11,000"
임팩복스알4/3*32 ,7,"12,000"
임팩복스알4/3*36 ,6,"15,000"
임팩복스알4/3*38 ,5,"20,000"
임팩복스알4/3*41 ,1,"17,000"
임팩복스알4/3*42 ,2,"15,000"
임팩복스알4/3*45 ,3,"16,000"
임팩복스알4/3*46 ,2,"27,000"
임팩복스핸들2/1*16 ,1,"28,000"
임팩복스핸들2/1*5 ,5,"18,000"
임팩복스핸들4/3*16 ,1,"35,000"
입간판맞춤900*1800 ,,"78,000"
자갈1루배(운임X) ,12,"110,000"
자갈1톤 ,,"170,000"
자갈25톤*18루배 ,7,"650,000"
자갈5톤쇄석 ,-2,"320,000"
자갈해미석백색20*30*20Kg ,89,"10,000"
자갈해미석흑색20*30*20Kg ,140,"10,000"
자국무진동스텐자루 ,9,"9,000"
자국영창깍기 ,7,"8,000"
자동가스버너 ,3,"24,000"
자동바25미리*4 ,33,"8,000"
자동바38미리*5M환봉 ,13,"12,000"
자동바50mm*10m주걱 수입 ,24,"10,000"
자동바50mm*8m주걱 수입 ,41,"11,000"
자동바50미리*10M주걱 ,18,"13,000"
자동바50미리*8M주걱 ,32,"12,000"
자동바레버 ,10,"8,000"
자동바벨트10 ,4,"8,000"
자동바벨트8 ,-7,"8,000"
자동바부착바용접일체형골드 ,10,"24,000"
자동바탑자용50*5M ,13,"15,000"
자동방충망부속 ,-6,
자동차수리 ,47,"20,000"
자루 ,-15,"2,000"
자루농기구 ,40,"2,000"
자루쇠스랑 ,29,"4,000"
자석맞춤 ,3,"44,000"
자석못줍기*핸드자석픽업khp-05L ,9,"23,000"
자석밴드 ,3,"6,000"
자석빠지링 ,82,"1,000"
자석빠지링이중 ,38,"2,000"
자석사각25*40*10T ,-1,"5,000"
자석사각25*40*5T ,89,"4,500"
자석원형30Ø*3T ,-1,"3,000"
자석원형30Ø*5T ,40,"3,000"
자석원형고리*D16 ,56,"1,200"
자석원형고리*D20 ,54,"1,500"
자석원형고리*D25 ,49,"2,500"
자석원형고리*D36 ,110,"3,500"
자석원형고리*빨강색고무 ,68,"5,000"
자석청소기400바퀴용 ,,"72,000"
자석픽업700 ,13,"6,000"
자유정첩3(2개입) ,4,"26,000"
자유정첩4(2개입)*전진금속 ,3,"30,000"
자유정첩5(2개입) ,2,"36,000"
자유정첩6(2개입) ,,"38,000"
"자유정첩스텐3"" ",1,"33,000"
"자유정첩스텐4"" ",1,"38,000"
자전거열쇠 ,13,"6,000"
자전거열쇠번호키 ,44,"8,000"
자전거줄바3M ,48,"3,000"
자전거줄바5M ,24,"5,000"
자전거펌프고급진흥국산 ,4,"19,000"
자화기스텐 ,367,"1,500"
자화기칼라 ,169,"1,500"
작두약초광신대 ,,"45,000"
작두약초광신소 ,,"40,000"
작두약초광신중 ,,"40,000"
작두약초스텐덕진대 ,5,"30,000"
작두약초스텐덕진중 ,4,"27,000"
작두잔디대*잔디 ,4,"45,000"
작두잔디소*잔디 ,3,"25,000"
작업대2단카트 ,-5,"110,000"
작업대만능한솔 ,2,"385,000"
작업대테이블각도기 ,,"360,000"
작업등 소켓형 6.5m,27,"13,000"
작업등2구led200w충전스텐드 ,,"200,000"
작업등LED*55W*2구동서 ,1,"180,000"
작업등LED*5M노랑 ,,
작업등LED스텐드1등50wAK라온 ,1,"74,000"
작업등LED스텐드1등60w일신 ,3,"104,000"
작업등LED스텐드2등50wAK라온 ,1,"97,000"
작업등LED스텐드2등50w일신 ,2,"63,000"
작업등LED스텐드2등60w일신 ,5,"140,000"
작업등LED스텐드형2등*노랑 ,1,"150,000"
작업등LED충전AP1000현대모비스 ,8,"38,000"
작업등LED충전식*비치온VLW-310 ,16,"16,000"
작업등LED탁상용충전식W 864(A) ,2,"41,000"
작업등LED탁상용충전식W 865(B) ,2,"53,000"
작업복동복 ,-23,"70,000"
작업복코팅백색 ,48,"6,000"
작업침대 ,-1,"45,000"
작키유얍20톤펌프와시린다150 ,-1,"365,000"
잡보로잡 ,7,"8,000"
잡부 ,-10,
잡부인건비 ,-8,"150,000"
잡석 ,-26,"90,000"
잡이쇠 50 ,60,"1,500"
잡이쇠 65 ,80,"1,600"
잡이쇠 75 ,116,"2,000"
잡이쇠100 ,35,"2,000"
잡이쇠125 ,49,"3,300"
잡이쇠150 ,32,"4,000"
잡이쇠200 ,26,"7,000"
잡이쇠250 ,10,"8,000"
잡이쇠300 ,7,"10,000"
잡이쇠밑판 ,73,"1,000"
잡이쇠스텐100 ,20,"7,000"
잡이쇠스텐75 ,19,"6,000"
잡지꽃이 ,3,"20,000"
잣대 ,282,"3,000"
잣대알미늄2.4m ,15,"18,000"
잣대알미늄3m ,20,"22,000"
장갑 ,184,
장갑*살루스(복실이) ,20,"3,000"
장갑*정전기방지 ,29,"11,000"
장갑3M슈퍼그립200** ,451,"3,000"
장갑NBR승리빨강 ,45,"2,500"
장갑고무기모*왕마마 ,48,"2,500"
장갑고무미니*장미 ,41,"1,500"
장갑고무여자대분홍 ,87,"2,500"
장갑고무여자주황색특대 ,78,"3,000"
장갑공업용pvc깔깔이*검정빨강 ,23,"5,000"
장갑공업용노랑10호(송학) ,50,"4,600"
장갑공업용노랑9호(송학) ,37,"4,000"
장갑공업용노랑보생10호 ,,"5,000"
장갑공업용노랑보생9호 ,7,"5,000"
장갑과수로얄블루-소 ,476,"1,500"
장갑과수로얄블루-중 ,206,"1,500"
장갑과수로얄손목긴블루 ,50,"2,000"
장갑과수용백색 ,,800
장갑과수용회색 ,-60,"1,200"
장갑나이스텍*100*칼라 ,-49,"1,500"
장갑나이스텍빨강 ,332,"3,000"
장갑나이텍스*장미고무 ,95,"2,000"
장갑나이텍스U3 ,-16,"2,000"
장갑나이텍스비츠온 ,333,"1,500"
장갑나이텍스스토퍼 ,11,"3,000"
장갑나이텍스에코그린 ,,"2,500"
장갑나이텍스여름비츠온 ,45,"2,000"
장갑나이텍스크린가드G35* ,521,"2,300"
장갑노랑코팅 ,350,"5,500"
장갑라텍스스킨*100개 ,10,"13,000"
장갑메니큐어 ,77,"1,500"
장갑면400g ,"1,165","2,000"
장갑면500 ,76,"3,300"
장갑미용*동광깔깔이 ,47,"1,000"
장갑반코팅13G ,540,"2,800"
장갑반코팅아운A급 ,81,"3,500"
장갑방한*3M슈퍼그립핫혹한기 ,11,"7,000"
장갑방한*커플 ,-79,"6,000"
장갑방한기모pvc청색 ,15,"7,000"
장갑방한방수빨강 ,3,"6,000"
장갑방한방수워터그립주황 ,2,"5,000"
장갑방한윈터워머터치 ,737,"4,000"
장갑방한적색혹한기가야 ,5,"6,000"
장갑방한커플터치블랙 ,49,"5,000"
장갑방한헬스보이윈터워머터치 ,185,"5,000"
장갑방한헬스보이커플 ,21,"5,000"
장갑백코팅 ,235,"5,500"
장갑백코팅송학 ,-6,"6,000"
장갑속장갑면백색 ,-1,"2,800"
장갑안전 ,-4,"9,000"
장갑완전코팅 ,39,"13,000"
장갑완전코팅*선인장 ,2,"13,000"
장갑완전코팅겨울돌고래 ,118,"4,000"
장갑완코팅개당 ,-4,"1,500"
장갑위생용 ,79,"3,500"
장갑이중청 ,44,"7,000"
장갑이중황 ,264,"7,000"
장갑이중황송학 ,23,"8,500"
장갑일회용*한진양행 ,35,"4,000"
장갑절단방지GMG ,11,"7,000"
장갑접대용 ,-90,500
장갑청이중 ,-9,"7,000"
장갑파랑코팅 ,,"5,000"
장갑팝*10개포장 ,407,"1,200"
장갑팝개별국산*회색 ,463,"1,200"
장갑팝파랑 ,-217,"1,200"
장갑행사용*DK ,50,"1,100"
장갑행사용*제일손두꺼비단추 ,6,"1,200"
장갑행사용*제일손두꺼비민자 ,100,"1,000"
장갑행사용특단세아코리아 ,80,"1,600"
장갑황이중 ,-54,"7,000"
장갑황이중송학 ,4,"8,000"
장갑흑코팅 ,,"1,000"
장대*3M ,8,"18,000"
장대*5M ,9,"27,000"
장대*7M ,2,"40,000"
장대감망 ,10,"11,000"
장대감수학대 ,8,"11,000"
장대감수학망 ,7,"11,000"
장대청소솔거미줄 ,12,"14,000"
장대톱셋트 ,5,"12,000"
장목비 ,251,"3,000"
장수비니루0.1*450*13 ,1,"99,000"
장수비니루0.1*450*15 ,3,"110,000"
장수비니루0.1*450*18 ,1,"135,000"
장수비니루0.1*450*23 ,1,"173,000"
장수비니루0.1*600*15 ,1,"159,000"
장수비니루0.1*600*20 ,1,"154,000"
장수비니루0.1*600*50 ,,"398,000"
장수비니루05*450*13 ,,"42,000"
장수비니루05*450*15 ,5,"52,000"
장수비니루05*450*18 ,2,"59,000"
장수비니루05*450*23 ,9,"84,000"
장수비니루05*450*30 ,7,"101,000"
장수비니루05*450*40 ,1,"115,000"
장수비니루08*500*15 ,2,"95,000"
장수비니루08*500*20 ,2,"130,000"
장수비니루08*500*25 ,2,"129,000"
장수비니루08*500*30 ,2,"156,000"
장수비니루08*500*40 ,1,"207,000"
장수비니루08*500*50 ,3,"270,000"
장수비니루08*600*13 ,2,"99,000"
장수비니루08*600*15 ,2,"115,000"
장수비니루08*600*20 ,,"143,000"
장수비니루08*600*25 ,3,"178,000"
장수비니루08*600*30 ,2,"205,000"
장수비니루08*700*15 ,4,"135,000"
장수비니루08*700*20 ,,"137,000"
장수비니루08*700*25 ,2,"187,000"
장수비니루08*700*30 ,2,"220,000"
장애인소변기손잡이 ,,"75,000"
장애자세면기손잡이 ,,"75,000"
장애자양변기손잡이L자 ,4,"33,000"
장애자양변기손잡이T자 ,1,"23,000"
장애자양변기손잡이상하식 ,1,"88,000"
장장니트릴백색명진100매 ,,"8,000"
장화*청색 ,192,"12,000"
장화가슴장화 ,33,"28,000"
장화물장화 ,,"12,000"
장화발목장화 ,26,"12,000"
장화방한용 ,28,"20,000"
장화백색반장화진양 ,7,"17,000"
장화안전장화대신 ,16,"45,000"
장화요딩장화(카프) ,28,"20,000"
장화일반녹색 ,18,"8,000"
장화허벅지 ,21,"22,000"
재료분리대 ,,"15,000"
재털이 ,28,"4,000"
저울 1k ,1,"45,000"
저울 2㎏ ,4,"45,000"
저울 5K ,1,"45,000"
저울100 ,1,"120,000"
저울10K ,3,"45,000"
저울20K ,2,"66,000"
저울30K ,4,"66,000"
저울50K ,3,"68,000"
저울디지털sw10*카스 5g 단위 ,1,"145,000"
저울디지털sw20*카스10ｇ단위 ,1,"145,000"
저울평면60키로 ,1,"128,000"
저울평면탁상용판지100kg ,,"128,000"
저점도씰링제SW-300조 ,-1,"92,000"
적벽돌*이화*190*90*57 ,"8,875",480
적벽돌검정색230*90*75*1105개 ,,800
적벽돌슈퍼205*90*75 ,,"1,500"
적벽돌이화유약브이스타 ,,650
적사함 ,-2,"229,786"
전경순심헌우급료 ,-1,
전공주머니*가죽아이보리 ,4,"18,000"
전공칼날MCK-01B*마벨 ,4,"13,000"
전구100W장수 ,12,"1,000"
전구200W ,22,"1,500"
전구300W*39신광 ,56,"2,500"
전구30W시티 ,50,500
전구60W장수 ,143,"1,000"
전구BL램프250 ,54,"6,000"
전구DE램프250히포 ,30,"6,000"
전구FPL-13EX-D*4핀오스람 ,90,"4,500"
전구LED ,49,
전구LED*12W비츠온주광색 ,50,"1,500"
전구LED*6W전구색필립스 ,12,"4,000"
전구LED*8W전구색 ,30,"1,000"
전구LED*8W주광색 ,82,"1,000"
전구LED*8w주광색필립스 ,2,"3,000"
전구LED75w ,-20,"15,000"
전구mr16 5w 전구색2700k ,-30,"5,000"
전구꼬마취침등황색 ,82,500
전구보온등250w국산일광 ,20,"6,500"
전구보온등250수입 ,5,"4,000"
전구보온등375w국산 ,24,"7,500"
전구보호망카바30 ,22,"1,000"
전구삼파장100W ,5,"12,000"
전구삼파장100W*39 ,-5,"14,000"
전구삼파장11W남영 ,144,"2,500"
전구삼파장15W남영 ,-63,"2,500"
전구삼파장15W전구색 ,7,"3,000"
전구삼파장20W남영 ,-27,"2,500"
전구삼파장20W전구색 ,-3,"3,000"
전구삼파장25W남영 ,13,"4,000"
전구삼파장30W일신 ,25,"3,500"
전구삼파장55*E26전구색 ,-3,"11,000"
전구삼파장55*E26주광색 ,15,"11,000"
전구삼파장55*E39전구색 ,,"11,000"
전구삼파장55*E39주광색 ,28,"11,000"
전구삼파장75W*39 ,5,"13,000"
전구스타트(초크다마) ,197,300
전구철망150*300 ,20,"18,000"
전구충전랜턴용 ,58,500
전구할라드메탈250W안전기부착 ,,"13,000"
전구할로겐 ,,"2,000"
전구핼라이트MH175W(B) ,-5,"15,000"
전기T.V함 ,-1,
전기가위스프링 ,5,"2,500"
전기검전기SSEN-KH1611 ,12,"8,000"
전기난로JP5000 ,1,"140,000"
전기난로whaq-240a우주전열 ,,"99,000"
전기누름스위치*온오프 ,13,"10,000"
전기누전차단기100A*2P ,4,"57,000"
전기누전차단기100A*3P ,1,"56,000"
전기누전차단기100A*4P ,,"63,000"
전기누전차단기20*2P진흥 ,43,"8,000"
전기누전차단기20*2P진흥(주택 ,6,"8,000"
전기누전차단기30*2P엘지 ,3,"16,000"
전기누전차단기30*2P진흥(대) ,4,"11,000"
전기누전차단기30*2P진흥*소 ,33,"9,000"
전기누전차단기30*3P진흥 ,5,"30,000"
전기누전차단기50*2P엘지 ,2,"45,000"
전기누전차단기50*2P진흥 ,11,"20,000"
전기누전차단기50*3P진흥 ,3,"35,000"
전기누전차단기50*4P진흥 ,,"90,000"
전기돼지코일자 ,38,"3,000"
전기돼지코콘센트 ,64,"3,000"
전기매입방수2구콘센 ,-19,"3,000"
전기매입방우2구누전차단 ,1,"25,000"
전기매입스위치1구 ,17,"3,000"
전기매입스위치2구 ,57,"4,000"
전기매입스위치3구 ,30,"5,000"
전기매입스위치4구 ,25,"6,000"
전기매입스위치5구 ,1,"9,000"
전기매입스위치6구 ,4,"10,000"
전기매입스위치진흥2구정사각 ,5,"5,000"
전기매입스위치진흥3구정사각 ,9,"6,000"
전기매입전화TV*2P복합용 ,-20,"6,000"
전기매입전화TV*8P모들라잭 ,6,"8,000"
전기매입접지2 ,61,"2,000"
전기매입콘센트2구*현대 ,346,"2,500"
전기매입콘센트4구*현대 ,13,"6,600"
전기매입콘센트방우형2구 ,53,"5,000"
전기매입콘센트보조대 ,99,"1,000"
전기박스100*150*80 ,25,"4,000"
전기박스150*150*120 ,27,"6,000"
전기박스160*210*130 ,16,"9,000"
전기박스200*300*140 ,8,"12,000"
전기박스300*400*150 ,7,"20,000"
전기방수소켓 ,213,"1,000"
전기배선차단기100A*4P ,,"29,000"
전기배선차단기20A*2P ,58,"5,000"
전기배선차단기30A*2P대 ,4,"5,000"
전기배선차단기30A*2P진흥 ,20,"5,000"
전기배선차단기50A*2P ,5,"13,000"
전기배선차단기50A*4P ,,"30,000"
전기배선차단기75A*2P ,-2,"35,000"
전기배선차단기75A*3P ,,"45,000"
전기배선차단기75A*4P ,,"35,000"
전기복스철8각*54 ,,"1,000"
전기복스철스위치2 ,46,"1,200"
전기복스철스위치4구 ,160,"2,000"
전기복스철콘센트2구 ,-18,"1,200"
전기복스철콘센트4구 ,68,"2,000"
전기복스피이스위치 ,3,"1,000"
전기복스피이스위치4구 ,91,"2,000"
전기복스피이콘센트 ,39,"1,000"
전기복스피이콘센트4구 ,95,"2,000"
전기분전철함300*400* ,,"18,000"
전기분전함3회로 ,4,"12,000"
전기분전함5회로 ,4,"18,000"
전기분전함6회로부스바포함 ,6,"20,000"
전기삼파장등2구 ,5,"10,000"
전기삼파장등4구 ,11,"14,000"
전기새들 ,777,100
전기새들P*10mm ,1,"29,000"
전기새들P*4MM ,-2,"15,000"
전기새들P*5MM ,-56,"16,000"
전기새들P*6MM ,-169,"18,000"
전기새들P*8mm ,-94,"26,000"
전기선 1M당 로맥스cvf2.5*2c ,110,"2,000"
전기선 1m당 vctc2.5*2c ,-155,"2,500"
전기선 1m당 vctf2.5*3c ,-17,"3,000"
전기선 1m당 vctf2.5*4c ,100,"3,500"
전기선 1m당 장원선 ,-137,"1,200"
전기선*M10SQ*2P ,,"4,000"
전기선*M10SQ-4P*미터당 ,,"9,600"
전기선*M4.0SQ*2피VCTF ,65,"4,500"
전기선*M4.0SQ*3피VCTF ,34,"4,500"
전기선*M4.0SQ*4피VCT ,175,"5,500"
전기선*M6.0SQ*2피*300M ,234,"5,000"
전기선*M6.0SQ*3피SV(CV) ,124,"5,500"
전기선*M6.0SQ*4피 ,110,"5,500"
전기선1.5*3피VCTF*100M ,,"119,000"
전기선2.5*2피SV(CV)통선(100m) ,5,"187,000"
전기선2.5*2피VCTF*100M삼원 ,-43,"190,000"
전기선2.5*2피VCTF*300M ,1,"405,000"
전기선2.5*3피SV(CV)통선(100M) ,5,"198,000"
전기선2.5*3피VCTF(100m) ,6,"210,000"
전기선2.5*3피VCTF*300M ,-201,"520,000"
전기선2.5*4피VCF*70M ,3,"218,000"
전기선2.5*4피VCTF*100 ,,"220,000"
전기선HIV하이브2.5*100M ,8,"63,000"
전기선HIV하이브2.5*1M당 ,-63,"1,000"
전기선HIV하이브2.5*300M하이브 ,2,"115,000"
전기선HIV하이브4.0*300M하이브 ,1,"165,000"
전기선HIV하이브6.0하이브 ,,"214,800"
전기선KIV0.75*200황색 ,,"40,000"
전기선고정핀 ,40,500
전기선로맥스2.5검정CV*70M ,7,"108,000"
전기선로맥스2.5검정cv*80M ,4,"128,000"
전기선로맥스2.5백색CVF*70M ,8,"113,000"
전기선로맥스4.0*70M검정*SV ,4,"174,000"
전기선몰딩1호 ,139,700
전기선몰딩2호 ,69,900
전기선몰딩3*2센티 ,84,"1,200"
전기선몰딩4*2.5센티 ,114,"1,500"
전기선몰딩5*3.0센티 ,65,"1,800"
전기선몰딩고무40 ,-5,"15,000"
전기선몰딩알미늄2 ,134,"2,000"
전기선몰딩알미늄3 ,102,"2,500"
전기선몰딩알미늄4 ,37,"3,000"
전기선몰딩알미늄5 ,35,"4,000"
전기선압착기OK-100 ,,"149,600"
전기선압착기OK15W(1.5-2.0 ,,"23,000"
전기선압착기OK19 ,1,"26,000"
전기선압착기OK35 ,2,"60,000"
전기선유선5c2VFBT*300M ,1,"96,000"
전기선장원2.0*60M회색 ,-10,"43,000"
전기선장원선1.5*100m(상진)회색 ,,"11,000"
전기선장원선1.5*70M(상진)회색 ,5,"80,000"
전기선접지2.5녹색 ,-1,"88,000"
전기선터미널2.5*4y ,3,"12,000"
전기선터미널4*4Y ,1,"20,000"
전기선터미널6*4Y ,-65,100
전기소켓 ,-96,"1,000"
전기소켓리셉 ,93,"1,000"
전기소켓사기대 ,45,"3,000"
전기소켓사기소목알 ,17,"1,000"
전기스위치로타리*국방 ,10,"3,000"
전기스위치사각*노출 ,57,"1,000"
전기스위치진흥30A ,13,"7,000"
전기스위치진흥60A ,3,"14,000"
전기스템플목재용 ,174,500
전기스템플콘용 ,181,500
전기스트리니퍼 ,,
전기스트리퍼DA-WS22 ,6,"7,000"
전기스트리퍼미제백터 ,3,"18,000"
전기스트리퍼자동ky731B ,,"22,000"
전기스트리퍼자동일제마벨 ,,
전기심야게량기함500* ,,"66,000"
전기온돌400*1700 ,20,"32,000"
전기온돌400*850 ,5,"32,000"
전기온돌600*1700 ,19,"30,000"
전기온돌600*850 ,-1,"30,000"
전기온돌850*1700 ,54,"32,000"
전기온돌850*2000 ,,"43,000"
전기온돌850*850 ,9,"30,000"
전기온돌고무판15티 ,98,"12,000"
전기온돌조절기전자식1난방소 ,17,"22,000"
전기온돌조절기전자식2난방대 ,17,"23,000"
전기온수기100L*메가썬 ,3,"450,000"
전기온수기상향15*린나이 ,2,"159,000"
전기온수기상향30L*코퍼스트 ,2,"198,000"
전기온수기하향15L*부성 ,1,"195,000"
전기온수기하향15L*코퍼스트 ,3,"176,000"
전기온수기하향30L*린나이REW-EH ,2,"176,000"
전기온수기하향30L*메가썬 ,1,"198,000"
전기온수기하향50L*코퍼스트 ,,"220,000"
전기인터넷선*300m ,-35,500
전기자동릴선10M미주 ,2,"117,000"
전기자동릴선15M미주 ,1,"123,000"
전기자동릴선20M미주 ,2,"137,000"
전기전구소켓 ,-19,"1,000"
전기접전부활제BW-100 ,1,"17,000"
전기접지봉1000 ,-1,"13,000"
전기접지봉500피뢰침 ,,"8,000"
전기접지선녹색10SQ ,,"1,800"
전기중간스위치 ,26,"1,500"
전기철복스2구스위치 ,90,"1,000"
전기철복스2구콘센트 ,112,"1,300"
전기철복스4구스위치 ,1,"1,800"
전기철복스4구콘센트 ,3,"1,800"
전기카본히타JP-5000 ,,"160,000"
전기커버나이트2P*60A*250V ,,"20,000"
전기커버나이프2P*20A*250V ,1,"6,000"
전기코드리드선1.5*3P*3M ,5,"7,000"
전기코드리드선1.5*3P*5M ,5,"10,000"
전기코드리드선2.5*3P*5M ,,"18,000"
전기콘넥타 ,-318,200
전기콘센트*티형*돼지코 ,23,"3,500"
전기콘센트*티형차단 ,1,"5,000"
전기콘센트1구 ,176,"2,000"
전기콘센트2구개별스위치형 ,19,"6,000"
전기콘센트2구현대 ,31,"3,000"
전기콘센트3P20A ,18,"6,000"
전기콘센트3P30A ,17,"6,000"
전기콘센트3구*스위치부착 ,15,"7,000"
전기콘센트3구-자형 ,4,"4,000"
전기콘센트3구ㄱ억자형 ,1,"4,000"
전기콘센트3구개별스위치형 ,5,"7,000"
전기콘센트3구스위치형 ,,
전기콘센트3구현대 ,103,"4,000"
전기콘센트4구노출 ,5,"6,000"
전기콘센트고무1구접지검정색 ,51,"4,000"
전기콘센트고무커버2 ,26,"2,500"
전기콘센트고무커버3 ,26,"3,600"
전기콘센트노출4P32A250V ,5,"7,000"
전기콘센트마개 ,-54,500
전기콘센트맹카바블랭크플레이트 ,35,"1,000"
전기콘센트방수2구*현대 ,14,"4,000"
전기콘센트보조대2구 ,177,500
전기콘트롤박스200*30 ,-3,"21,000"
전기콘트롤박스300*40 ,-2,"27,000"
전기콘트롤박스500*70 ,-1,"50,000"
전기키소켓 ,301,"2,200"
전기타이머24시간비충전식*신성 ,8,"24,000"
전기타이머콘센트형24시*서준 ,4,"13,000"
전기타이머콘센트형24시*신성 ,5,"13,000"
전기타이머한승계기 ,,"19,500"
전기터미널10-6 ,-493,100
전기터미널14*5 ,-99,200
전기터미널22*12 ,175,400
전기터미널25*8 ,,500
전기터미널3.5-4 ,-8,"20,000"
전기터미널35*10 ,,800
전기터미널5.5*8 ,44,200
전기터미널8-6 ,-4,"30,000"
전기터미널8-8 ,50,200
전기테스타기태광TM360R ,3,"30,000"
전기테스타디지털포켓TK-3212A ,2,"25,000"
전기테스터기비접촉식 ,10,"5,000"
전기테이프 ,784,900
전기테이프3M ,83,"1,000"
전기테이프50mm ,123,"2,000"
전기테이프서통 ,"2,831",900
전기테이프칼라 ,122,900
전기티브분배기3*2 ,,"6,000"
전기티브분배기4*2 ,,"6,000"
전기티브유니트 ,-2,"3,000"
전기플러그3P20A ,-14,"3,500"
전기플러그3P30A ,23,"5,000"
전기플러그4P32A ,5,"7,000"
전기플러그고무둥근형접지 ,48,"4,000"
전기플러그기억자현대 ,281,"1,200"
전기플러그무접지 ,152,500
전기플러그어답터110*220 ,183,500
전기플러그일자현대 ,393,"1,200"
전기피밴드3 ,3,"8,000"
전기피밴드4 ,3,"12,000"
전기피밴드5 ,3,"13,000"
전기할로갠 ,,"15,600"
"전기호박등12"" ",-8,"35,000"
"전기호박등받침10"" ",2,"18,000"
전기화인박스200*300*150 ,-1,"15,000"
전기후렉시볼50*1M당 ,-3,"4,000"
전기후렉시볼콘넥타54 ,-5,"4,000"
전기휴즈 ,-5,700
전기휴즈30A고리휴즈 ,70,500
전산볼트16mm*1m ,4,"4,000"
전산볼트20mm*1m ,10,"6,000"
전산볼트24mm*1m ,10,"9,000"
전산볼트연결핀1/2 ,447,250
전산볼트연결핀16*55 ,20,"1,700"
전산볼트연결핀3/4 ,100,"1,500"
전산볼트연결핀3/8육각 ,353,150
"전산볼트연결핀8/3*2"" ",-100,200
"전산볼트인지1""*1M ",31,"13,000"
전산볼트인지1/2*1 ,30,"2,500"
전산볼트인지1/2*2m*15개 ,76,"4,800"
전산볼트인지3/4*1m ,30,"9,000"
전산볼트인지3/8*1m ,105,"1,400"
전산볼트인지3/8*2m*25개 ,59,"2,600"
전산볼트인지3/8*3m*20개 ,40,"4,000"
전산볼트인지5/16*1 ,35,"2,000"
전산볼트인지5/8*1m ,48,"8,000"
전산볼트인지7/8*1m ,39,"11,000"
전선ELP100*100 ,1,"325,000"
전선ELP125*50M ,,"225,000"
전선ELP150*50M ,1,"275,000"
전선ELP200*30M ,,"273,000"
전선ELP30*100M ,1,"58,000"
전선ELP40*100M ,2,"83,000"
전선ELP50*100M ,2,"109,000"
전선ELP65*100M ,2,"156,000"
전선ELP80*100M ,1,"225,000"
전선ELP소켓100 ,,"2,300"
전선ELP소켓125 ,,"4,000"
전선ELP소켓40 ,,600
전선ELP소켓50 ,,800
전선ELP소켓80 ,,"1,600"
전선ELP테이프 ,,"8,000"
전선KIV0.75황색200M ,,"40,000"
전선cd난연16*100백색시디관 ,1,"25,000"
전선cd난연16*100흑색시디관 ,3,"25,000"
전선cd난연22*100흑색시디관 ,2,"46,000"
전선cd난연28*50M흑색시디관 ,2,"33,000"
전선cd카프링16 ,50,300
전선cd카프링22 ,119,350
전선cd카프링28 ,57,450
전선cd콘넥타16 ,94,300
전선cd콘넥타22 ,105,300
전선cd콘넥타28 ,82,450
전선거치대*철재삼각다리 ,,"14,000"
전선관16*90 ,2,"40,500"
전선관22*85 ,2,"54,000"
전선관28*90 ,2,"71,000"
전선관36*60 ,2,"78,000"
전선관42*60 ,2,"88,000"
전선관54*40 ,2,"88,000"
전선관72*40 ,,"144,000"
전선관82*40 ,1,"168,000"
전선바이스*1.5톤*삼원 ,3,"170,000"
전선바이스*1톤*삼원 ,2,"132,000"
전선보호대1구케이블 ,-15,"26,000"
전선보호연질 ,5,"12,000"
전선연결전원단자1P ,240,150
전선하이16 ,37,"1,800"
전선하이22 ,-4,"2,400"
전선하이28 ,26,"6,000"
전선하이36 ,27,"7,500"
전선하이54 ,,"17,000"
전선하이82 ,,"26,000"
전선하이카프링100 ,-6,"2,000"
전선하이카프링125 ,-5,"3,000"
전선하이카프링16 ,36,140
전선하이카프링22 ,72,170
전선하이카프링28 ,15,400
전선하이카프링36 ,248,700
전선하이카프링54 ,99,"1,200"
전선하이카프링82 ,20,"2,200"
전선하이콘넥타16 ,5,150
전선하이콘넥타22 ,72,200
전선하이콘넥타28 ,216,400
전선하이콘넥타36 ,146,700
전선하이콘넥타54 ,100,"1,500"
전선하이콘넥타82 ,14,"4,000"
전자살충기HV-2060 ,1,"210,000"
전자성냥오로라G8 ,4,"4,000"
전자성냥지라프 ,-4,"5,000"
전자식모터보호계전기GMO60-3TN ,,"61,000"
전자온도계 ,-36,"60,000"
전정기HT40충전북성 ,1,"320,000"
전정기양날미쯔비시HTD600 ,,"440,000"
전지가위 ,4,"45,000"
전지가위 화신S-200 ,2,"9,000"
전지가위 히노끼HI200 ,6,"15,000"
전지가위*충전 프로웍스9035 ,,"218,000"
전지가위*충전파워라인이지컷 ,1,"160,000"
전지가위ARS-V8프로 ,1,"49,000"
전지가위P-02 ,4,"18,000"
전지가위VVG-10*거도 ,,"8,000"
전지가위가든220*가든 ,2,"13,000"
전지가위가든560*가든 ,9,"8,000"
전지가위가마끼880*DMZ ,3,"40,000"
전지가위가마끼881분홍 ,,"24,000"
전지가위말표190V ,56,"10,000"
전지가위베스트WS904 ,23,"7,000"
전지가위베스트스텐 ,26,"7,000"
전지가위아로스120dx ,10,"28,000"
전지가위아로스300L ,9,"15,000"
전지가위아로스Vs8 ,10,"49,000"
전지가위인화물산 ,15,"18,000"
전지가위제스트Z-GS200R*세경 ,25,"15,000"
전지가위주물단조*일제 ,4,"56,000"
전지가위집1구가야 ,24,"7,500"
전지가위집1구국방색 ,12,"4,000"
전지가위집1구백조 ,10,"11,000"
전지가위집2구B ,2,"6,000"
전지가위집2구KH*가죽 ,8,"13,000"
전지가위집2구가야 ,10,"10,000"
전지가위집2구얼룩 ,17,"7,000"
전지가위집B ,,"4,000"
전지가위화신S-200 ,93,"9,000"
전지소지가위아로스330H ,1,"18,000"
전지소지가위아로스380-1 ,5,"18,000"
전지톱 ,-3,"7,000"
전지톱300*메가 ,22,"7,000"
전지톱450팔공산 ,9,"18,000"
전지톱500팔공산 ,4,"20,000"
전지톱가마끼P240 ,,"45,000"
전지톱날교체식*소니300 ,84,"8,000"
전지톱날교체식*소니360 ,82,"9,000"
전지톱대건골드 ,8,"7,000"
전지톱마패GS-270 ,24,"16,000"
전지톱마패GS-300 ,90,"19,000"
전지톱마패GS-350 ,95,"21,000"
전지톱마패날300 ,1,"15,000"
전지톱마패날350 ,3,"16,000"
전지톱말표교체식300TH-7 ,57,"18,000"
전지톱말표교체식350TH-7 ,58,"19,000"
전지톱말표교체식날300 ,6,"11,000"
전지톱말표교체식날350 ,7,"12,000"
전지톱소니360대건 ,20,"14,000"
전지톱손잡이대건 ,23,"7,000"
전지톱손잡이철마*노랑 ,19,"6,000"
전지톱스가나300자주색 ,13,"7,000"
전지톱실버350 DE-524 ,22,"12,000"
전체식AL원터치허리벨트프로6*23 ,3,"42,000"
전체식K2-KB9201(브라운) ,,"148,000"
전체식알미늄*프로6 ,,
전체식철안전벨트 TA-20 ,,"23,000"
전투식량(MRE)박스 ,,"150,000"
전파선스피커선 ,-2,"9,000"
전화선0.8*2C*100M ,-2,"18,000"
절단석 ,,"5,000"
절삭유수용성4리터 ,1,"16,000"
점검구300 ,22,"10,000"
점검구400 ,35,"12,000"
점검구450 ,15,"14,000"
점검구600 ,25,"16,000"
점검구G샤터형300 ,4,"28,000"
점검구G샤터형400 ,1,"38,000"
점검구G샤터형450 ,1,"42,000"
점검구알미늄루바300 ,4,"28,000"
점검구알미늄루바400 ,2,"38,000"
점검구프라스틱300*300 ,,"9,000"
점검구프라스틱300*400 ,10,"10,000"
점검구프라스틱400*400 ,9,"11,000"
점검구프라스틱450*450 ,42,"12,000"
점검구환기창겸400*400 ,,"20,000"
점검기 ,-1,
점자블럭*고무접착형300*300 ,,"6,000"
점점호수25 ,-4,"65,000"
점점호수밸브25 ,-10,"3,000"
점토바닥벽돌50T*230*114보도용 ,1,"1,000"
점토바닥벽돌60T*230*114 ,1,"1,100"
점토바닥벽돌76T*230*114차도용 ,1,"1,300"
점프선2.5SQ*5M제스트Z-40S대형 ,1,"40,000"
점프선2.5SQ*5미터한국전기 ,,"45,000"
점화플러그*엔진발브레다NGK ,,"4,000"
접이식테이블1830X760X740mm ,,"195,000"
접이식테이블753X524X660mm ,,"127,000"
접지선 ,-50,"2,000"
접지조임이 ,-800,
접착몰딩신주7*50미 ,1,"40,000"
접착몰딩실버7*50미 ,3,"40,000"
접톱100라이노 ,11,"6,000"
접톱140대건DGS610 ,20,"8,000"
접톱210대건 ,18,"10,000"
접톱270대건 ,14,"16,000"
접톱아로스P18LK ,6,"23,000"
정글낫톱겸용국산 ,,"19,000"
정글도수입 ,16,"14,000"
정수기닛불15*무공 ,10,"5,000"
정수기닛불15*유공 ,3,"5,000"
정수기밸브T티밸브호수 ,10,"8,000"
정수기밸브대*싱크용 ,26,"9,000"
정수기비데T티밸브15 ,,"8,000"
정수기비데티소켓프라스틱 ,,"2,000"
정수기아답타셋트 ,-8,"12,000"
정수기원터치피팅4/1볼밸브hbvu ,4,"5,000"
정수기원터치피팅4/1소켓 ,38,"1,500"
정수기원터치피팅4/1엘 ,29,"1,500"
정수기원터치피팅4/1티 ,10,"1,500"
정수기호수1/4 ,4,"30,000"
정수기호수1/4*1M당 ,-253,"1,000"
정수기호수10*7 ,,"66,000"
정온식감지기 ,-30,"5,900"
정전방지글러브 ,-10,
정첩1.5 ,249,350
정첩2 ,88,500
정첩2.5 ,131,600
정첩3 ,140,700
정첩3.5 ,335,800
정첩4*대승 ,64,"1,000"
정첩5*대승 ,46,"1,500"
정첩6 ,77,"2,000"
정첩가구1.5 ,368,800
정첩가구2 ,338,"1,000"
정첩가구2.5 ,585,"1,000"
정첩가구3 ,362,"1,300"
정첩가구3.5 ,148,"1,500"
"정첩가구4"" ",67,"1,800"
정첩꼭지 KS ,901,"1,800"
정첩나비무광AH4040 ,9,"7,000"
정첩미니흑색 ,196,500
정첩이지금색*AKH4350-SB ,31,"6,000"
정첩이지은색*AH4350-VN ,288,"6,000"
정첩이지은색AH4040-VN강판재 ,44,"8,000"
정첩티 ,290,"3,000"
정첩피스후라시도5*28*500개 ,,"15,000"
정화조10인용PE*진양B형 ,,"480,000"
정화조3인용PE*진양A형테크 ,2,"310,000"
정화조5인용PE*진양A형 ,3,"390,000"
정화조5인용PE*진양B형 ,,"390,000"
정화조SM노랑뚜껑만600B ,2,"45,000"
정화조뚜껑10톤하중노랑 ,2,"72,000"
정화조설치신고서 ,,"400,000"
젖소도르레 ,38,"4,000"
제빙기18kg ,,"285,000"
제설함FRP820*570*600 ,,"187,000"
제설함대1600*900*800 ,,"528,000"
제설함중1220*700*850 ,,"229,900"
제이볼트8/3*11/2 ,375,"1,000"
제이볼트8/3*11/4 ,342,"1,000"
제이볼트8/3*2 ,330,"1,000"
제일탁카1022 ,1,"82,000"
제일탁카1850(F50) ,1,"125,000"
제일탁카422 ,4,"82,000"
제일탁카630R ,3,"140,000"
제일탁카722N ,3,"138,000"
제일탁카AP64피스제거 ,2,"165,000"
제일탁카CS2638빔용 ,,"350,000"
제일탁카CT64RS ,2,"165,000"
제일탁카F30 ,11,"75,000"
제일탁카FN2190타정기레일 ,1,"375,000"
제일탁카JN45R싱글전용 ,1,"370,000"
제일탁카T64*BN1664목재전용 ,1,"175,000"
제일탁카싱글못25R3125-AT ,3,"49,000"
제일탁카싱글못32R3132-AT ,1,"55,000"
제일탁카핀*JPN50아연도금 ,,"33,000"
제일탁카핀*JPN65아연도금 ,2,"37,000"
제일탁카핀*JPN83아연도금 ,5,"50,000"
제일탁카핀*JPN90아연도금 ,,"54,000"
제일탁카핀JPN50-무도금 ,1,"16,000"
제일탁카핀JPN65-무도금 ,2,"24,000"
제일탁카핀JPN75-무도금 ,2,"33,000"
제일탁카핀JPN83-무도금 ,3,"42,000"
제일탁카핀JPN90-무도금 ,1,"45,000"
제초제 ,-22,"32,000"
젠다이1700*150검정 ,,"54,000"
젼기톱구루표350 ,10,"11,000"
조각칼*철마5피 ,5,"56,000"
조각칼*철마7피 ,2,"80,000"
"조개갈퀴4"" ",88,"4,000"
조경야자매트3.5T*0.8M*10M ,2,"89,000"
조경야자매트3.5T*1.0M*10M ,15,"110,000"
조경야자매트3.5T*1.0M*5M ,6,"55,000"
조경야자매트3.5T*1.2M*10M ,9,"132,000"
조경야자매트3.5T*1.2M*5M ,3,"66,000"
조경야자매트3.5T*1.5M*10M ,5,"165,000"
조경야자매트3.5T*1.5M*5M ,,"82,000"
조경야자매트3.5T*m2당 ,,"11,000"
조경용마사마대45*60*1000개 ,,
조공비 ,-5,"100,000"
조기대원형철마일반600 ,2,"20,000"
조기대원형철마일반900 ,2,"23,000"
조기대원형톱날용*알미늄 ,,"54,000"
조기대일제 ,,"30,000"
조기대한솔1200 ,2,"178,000"
조기대한솔1350 ,1,"185,000"
조끼아이스*에어*씨씨칸 ,,"140,000"
조리꽃피이 ,2,"5,000"
조리피꼭지 ,7,"2,000"
조리피이대 10ℓ,30,"7,500"
조리피이소 6.5ℓ,26,"7,000"
조리함석조리대 ,5,"22,000"
조립식옹벽1200*600*600 ,-33,"66,000"
조선문 ,45,"130,000"
조선문미서기홍송 ,-4,"150,000"
조선문짝홍송고시 ,,"140,000"
조선빗살문 ,6,"250,000"
조피칼상*나무껍데기프라스틱 ,20,"4,000"
조피칼특*나무껍데기 ,20,"5,000"
족대*대미꾸라지*예은 ,2,"9,000"
종량제봉투75 ,-40,"2,800"
종량제봉트75 ,-20,"2,850"
종이컵 ,51,"1,000"
종합게시판자립형4M*2M ,,"1,300,000"
주름관100 ,30,"8,000"
주름관150 ,14,"9,000"
주름관200 ,8,"15,000"
주름관250 ,3,"21,000"
주름관300 ,10,"26,000"
주름관400 ,3,"45,000"
주름관500 ,,"62,000"
주름관600 ,5,"99,000"
주름관700 ,,"140,000"
주름관800 ,,"175,000"
주름관소켓100 ,15,"1,500"
주름관소켓150 ,4,"1,500"
주름관소켓200 ,,"3,000"
주름관소켓250 ,13,"3,000"
주름관소켓300 ,10,"3,000"
주름관소켓400 ,3,"6,000"
주름관소켓500 ,-9,"7,000"
주름관소켓600 ,-2,"8,000"
주름관소켓700 ,-3,"8,000"
주름관십자티200 ,2,"11,000"
주름관엘100 ,,"4,000"
주름관엘150 ,6,"5,000"
주름관엘200 ,5,"7,000"
주름관엘250 ,,"9,900"
주름관엘300 ,2,"12,000"
주름관엘400 ,10,"27,000"
주름관엘45/100 ,15,"4,000"
주름관엘45/150 ,6,"5,000"
주름관엘45/200 ,7,"7,000"
주름관엘45/250 ,,"10,000"
주름관엘45/300 ,7,"12,000"
주름관엘45/400 ,5,"27,000"
주름관엘45/500 ,2,"45,000"
주름관엘45/600 ,1,"65,000"
주름관엘500 ,2,"42,000"
주름관엘600 ,,"50,000"
주름관티100 ,,"5,000"
주름관티150 ,5,"8,000"
주름관티200소켓포함 ,5,"9,000"
주름관티250소켓포함 ,6,"12,000"
주름관티300소켓포함 ,4,"15,000"
주름관티400소켓포함 ,8,"33,000"
주름관티500소켓포함 ,2,"50,000"
주름관티600소켓포함 ,1,"75,000"
주문제작 ,30,
주물너트*200개 ,"2,400",340
주물너트200개*16mm ,,660
주물노미뽀족한 ,3,"8,000"
주물담장2000*625 ,37,"120,000"
주물대문3*1.5 ,,"820,000"
주물아궁이500*430*25호 ,-3,"90,000"
주물현관4*7화인 ,,"580,000"
주물현관4*8화인*막대키*두원 ,1,"750,000"
주물현관기성격자1200*2400 ,1,"660,000"
주물현관사시문900*2100 ,4,"150,000"
주방교체코브라*아이형 ,27,"8,000"
주방교체코브라L형 ,9,"14,000"
주방보턴절수기 ,34,"4,000"
주방원터치OV1-800C ,29,"33,000"
주방원터치SJ-2001 ,21,"48,000"
주방원터치SJ코브라 ,4,"33,000"
주방원터치T4-800C ,20,"50,000"
주방원터치파이프 ,1,"45,000"
주방원터치파이프셋트 ,5,"8,000"
주방원터치핸드스프레이대정 ,5,"72,000"
주방원홀*SJ-1005코브라 ,-4,"48,000"
주방원홀*SJ-1006스프레이 ,-1,"48,000"
주방원홀*SJ-1007측면스프레이 ,3,"52,000"
주방원홀OV1-700C코브라 ,30,"48,000"
주방원홀OV1-810C스프레이 ,26,"48,000"
주방원홀OVE-900C측면 ,25,"52,000"
주방원홀다로스칼라 ,1,"60,000"
주방원홀대림K5415 ,1,"150,000"
주방원홀스텐BSS-3000SS-3폭포 ,,"66,000"
주방원홀핸드줄 ,49,"6,000"
주방원홀핸드줄대림92K004 ,,"15,000"
주방원홀헤드대 ,39,"8,000"
주방원홀헤드대림K5415 ,10,"18,000"
주방원홀헤드소 ,49,"8,000"
주방일반혼합가랑대영 ,,"23,000"
주방칼 ,-11,"2,000"
주방헤드절수형*포말 ,17,"5,000"
주차블럭PE 145*120*750 ,16,"11,000"
주차블럭고무*750-150-120*HK519 ,84,"18,000"
주차블럭데크범퍼1000*150*100 ,,"35,000"
주차블럭스쿠루볼트150 ,560,"1,000"
주차블럭스쿠루볼트80 ,400,800
주차블럭칼브럭14*70 ,400,200
주차블럭칼브럭16*150 ,590,300
주차블럭칼브럭앙카셋트150 ,85,"1,000"
주차블럭칼브럭앙카셋트80 ,-80,800
주차블럭캡 ,100,200
주철수공사각620*1120*KS전기 ,1,"315,000"
주철수공사각620*1120*KS통신 ,2,"315,000"
주철스모렌10K100A플랜지식 ,,"110,000"
줄자KDS파이2M나이테 ,23,"11,000"
줄자디지론100m지디론 ,2,"33,000"
줄자디지론30m지디론 ,8,"10,000"
줄자디지론50m지디론 ,10,"15,000"
줄자레이저거리측정기*SD-20신콘 ,,"44,000"
줄자레이저거리측정기*SD-70신콘 ,2,"72,000"
줄자레이저측정기GLM50보쉬 ,,"160,000"
줄자레이저측정기GLM80보쉬 ,,"220,000"
줄자양면5.5m다마스 ,13,"10,000"
줄자양면7.5m다마스 ,10,"11,000"
줄자자코5.5*19 ,7,"7,000"
줄자자코5.5*25 ,-3,"8,000"
줄자자코50미터스틸 ,1,"60,000"
줄자자코7.5*25 ,11,"10,000"
줄자제스트5m세경 ,21,"10,000"
줄자제스트7.5m세경 ,28,"12,000"
줄자코메론100M 네오팬덤 ,,"83,000"
줄자코메론5.5자켓자석 ,17,"15,000"
줄자코메론5.5컬러스 ,12,"14,000"
줄자코메론50M 네오면자 ,4,"27,000"
줄자코메론50M 네오팬덤화이바 ,5,"42,000"
줄자코메론7.5맥그립양면KMC32D ,19,"18,000"
줄자코메론7.5센티 ,38,"15,000"
줄자코메론7.5자켓자석 ,11,"18,000"
줄자코메론스틸100*페펙트 ,1,"160,000"
줄자코메론스틸10그립퍼 ,12,"16,000"
줄자코메론스틸20그립퍼 ,5,"25,000"
줄자코메론스틸30그립퍼 ,6,"33,000"
줄자코메론스틸50팬텀스틸 ,5,"59,000"
줄자코지2 ,25,"3,000"
줄자코지3.5 ,26,"4,000"
줄자코지5.5 ,26,"6,000"
줄자코지7.5 ,13,"9,000"
줄자타지마 3.5*16NHW ,12,"13,000"
줄자타지마5.5*13mmTOP-55 ,7,"13,000"
줄자타지마5.5*19 ,24,"20,000"
줄자타지마5.5*25(HI25) ,5,"23,000"
줄자타지마7.5*25(H25-75) ,10,"25,000"
줄자타지마7.5GL25-75BL스톱홀?,20,"29,000"
줄자타지마원형10M(EPK-10BL) ,2,"26,000"
줄자타지마원형20M(EPK-20BL) ,5,"38,000"
줄자타지마원형30M(EPK-30BL) ,1,"50,000"
줄자타지마자켓10mGL25-100BL자?,4,"37,000"
줄자타지마자켓5.5*25자켓(GL) ,10,"24,000"
줄자타지마자켓7.5*25자켓(GL) ,4,"25,000"
줄자툴스타2.0*T97-2013 ,20,"3,000"
줄자툴스타3.5*T97-3516 ,36,"5,000"
줄자툴스타5.5M*T97-5519 ,12,"7,000"
줄자툴스타7.5M*T97-7525 ,14,"10,000"
줄자하이론10미터자석 ,,"13,000"
줄자하이론5.5*25자켓 ,10,"11,000"
줄자하이론7.5*25자켓 ,9,"12,000"
줄자홀더 코메론 벨트홀더 ,32,"7,000"
중고판자 ,,"3,000"
중문래핑6*7 ,1,"390,000"
중문래핑6*7왁구 ,1,"100,000"
중문래핑문짝 ,,"120,000"
중문미서기ABS6*7 ,,"450,000"
중원환기구100 ,9,"11,000"
중직수육가50 ,2,"14,000"
중직수육가65 ,2,"14,000"
중직수육가75 ,2,"14,000"
중함마*대 ,9,"9,000"
중함마*왕대 ,15,"12,000"
중함마*중 ,11,"8,000"
중함마*특대 ,9,"11,000"
중함마쇠파이프*대 ,20,"10,000"
중함마쇠파이프*중 ,13,"9,000"
중함마우레탄*대 ,15,"9,000"
중함마우레탄*중 ,29,"8,000"
중함마우레탄*특대 ,10,"10,000"
쥐끈끈이 ,523,"1,500"
쥐덧 ,12,"6,000"
쥐덧*고라니 ,21,"15,000"
쥐덧두더지 ,26,"8,000"
쥐덧망(벼락쥐덪) ,44,"6,000"
쥐덧이중 ,20,"9,000"
쥬브바3.5넓은것 ,47,"2,500"
지게알미늄 ,2,"78,000"
지게차대여료 ,-2,"100,000"
지벤조끼ZB-V2626 ,,"46,200"
지붕원형캡 ,-1,
지붕원형캡아이보리(100) ,20,"12,000"
지붕캡검정색(100개) ,9,"16,000"
지붕캡밤색(100개) ,6,"16,000"
지붕캡은회색*100개 ,19,"17,000"
지붕캡파랑색*100개 ,,"16,000"
지수링-볼트용*1000개 ,"1,000",88
지수링-타이용*1000개 ,"2,500",88
지수판150*20M*5T ,3,"40,000"
지수판KS100*20M*5T ,,"57,000"
지수판KS150*5T*20M ,,"61,000"
지수판KS200*5T*20M ,4,"85,000"
지수판소켓150 ,-13,"5,000"
지수판소켓200 ,17,"7,000"
지수판융착기인두기 ,,"195,000"
직각자200*300 ,15,"6,000"
직각자공업용400*600(스텐리) ,48,"16,000"
직결피스0 ,-25,"3,000"
직결피스10*120*200개 ,5,"34,000"
직결피스8*100*200개 ,4,"15,000"
직결피스8*13(500개) ,51,"6,000"
직결피스8*16*500개 ,86,"7,000"
직결피스8*20(500개) ,56,"8,000"
직결피스8*25*500개 ,45,"9,000"
직결피스8*32(500개) ,29,"11,000"
직결피스8*38(500개) ,21,"12,000"
직결피스8*50(500개) ,34,"15,000"
직결피스8*64(300개) ,30,"15,000"
직결피스8*75(300개) ,34,"17,000"
직결피스8*90(200개) ,18,"13,000"
직결피스마루PH8*13(500개) ,15,"8,000"
직결피스마루PH8*16*500개 ,20,"8,000"
직결피스마루PH8*20(500개 ,20,"9,000"
직결피스마루PH8*25*500개 ,29,"9,000"
직결피스빔용150 ,-2,"25,000"
직결피스빔용200 ,-2,"28,000"
직결피스사라8*13(500개) ,51,"6,000"
직결피스사라8*16(500개) ,24,"7,000"
직결피스사라8*20(500개) ,19,"8,000"
직결피스사라8*25(500개) ,13,"10,000"
직결피스사라8*32(500개) ,11,"11,000"
직결피스사라8*38(500개) ,3,"12,000"
직결피스사라8*50(500개) ,7,"14,000"
직결피스사라8*64(300개) ,14,"16,000"
직결피스사라8*75*300개 ,9,"17,000"
직결피스사라8*90*200개 ,10,"15,000"
직소날118A메탈 ,64,"1,200"
직소날T101AO절곡 ,15,"2,000"
직소날T101B ,61,"1,500"
직소날T111C목재용 ,22,"1,200"
직소날T118AF(T-121AF)철 ,52,"2,000"
직소날T301CD목재 ,88,"2,500"
직소날T318B ,2,"2,500"
직소날T321AF스텐 ,20,"6,000"
직자1000 ,4,"11,000"
직자1500 ,2,"21,000"
직자2000 ,2,"30,000"
직자300 ,2,"3,000"
직자600 ,2,"6,000"
진공청소기 ,-3,"75,000"
진동측정기일제 ACO3116 ,-1,"929,000"
진압봉 ,-5,"8,000"
진열장고리 50 ,48,800
진열장고리100 ,80,"1,000"
진열장고리150* ,123,"1,000"
진열장고리200 ,50,"1,500"
진열장고리250 ,50,"2,000"
진열장고리300 ,26,"2,800"
진열장고리망용100 ,70,600
진열장고리망용150 ,110,"1,000"
진열장고리망용200 ,47,"1,000"
진열장고리망용300 ,50,"1,500"
질소게이지명신N2 ,1,"42,000"
질통 ,21,"13,000"
집게*신발악어집게900다용도집게 ,1,"15,000"
집게넝마스텐70 ,72,"5,000"
집게넝마집게대50cm ,20,"2,000"
집게넝마특대70cm ,225,"3,000"
집게넝마특왕대90cm ,115,"4,000"
집게신발*만능집게대 ,1,"24,000"
집게알미늄 ,37,"3,000"
집수정*1오수받이몸체트윈 ,7,"99,000"
집수정*2오수받이입상관300*1000 ,,"35,000"
집수정*2오수받이입상관300*600 ,12,"24,000"
집수정*3오수받이피이받침 ,12,"12,000"
집수정*4오수받이주철만375 ,10,"52,000"
집수정*오수받이주철인상링*375 ,5,"25,000"
집수정*오수받이허가용150전셋트 ,-1,"220,000"
집수정*패킹레듀샤300*150 ,15,"2,000"
집수정300*400*450조(G2.5티유진 ,18,"20,000"
집수정300*400P뚜껑*파랑 ,-1,"16,000"
집수정400*500*640*통만 ,-2,"20,000"
집수정400*500*640조*G ,34,"36,000"
집수정400*500*640조*피 ,-1,"33,000"
집수정400*500*940*피 ,-2,"39,000"
집수정400*500*940조*G ,34,"41,000"
집수정600*600*50그레이팅만 ,10,"40,000"
집수정600*600그레이팅셋트 ,2,"95,000"
집수정600*600통만 ,6,"58,000"
집수정600*600피이셋트 ,2,"95,000"
집수정800*800*50T그레이팅만 ,,"56,000"
집수정800*800그레이*셋트 ,2,"194,000"
집수정800*800피이*셋트 ,-1,"194,000"
집수정가정용260*320*300낙엽망?,8,"18,000"
집수정가정용290*320*H300골프장 ,42,"18,000"
집수정가정용290*320*H300스틸 ,12,"21,000"
집수정가정용300*400*500조절P오 ,,"33,000"
집수정가정용300*400*500조절용G ,,"35,000"
집수정가정용300*400*H420*G우수 ,8,"27,000"
집수정가정용300*400*H420피오수 ,12,"26,000"
집수정가정용300*400H300바구니 ,,"18,000"
집수정가정용300*400그레이팅만 ,11,"12,000"
집수정가정용인상링290*320 ,11,"7,000"
집수정가정용인상링300*400*100 ,9,"10,000"
집수정가정용인상링300*400*150 ,17,"15,000"
집수정걸음망300*400스텐낙엽한?,12,"15,000"
집수정악취차단방제구 ,3,"7,000"
집수정오수받이소형200*200 ,,"185,000"
집수정원형450*900 ,5,"35,000"
집수정피뚜껑300*400미래 ,2,"11,000"
집수정피뚜껑300*400유진 ,22,"8,000"
집수정피뚜껑500*400유진 ,16,"9,000"
집수정피뚜껑600*600유진 ,4,"23,000"
집수정피뚜껑800*800유진 ,2,"43,000"
집수정피이인상링300*400*100유?,10,"9,000"
집수정피이인상링500*400*150*유 ,20,"15,000"
집수정피이인상링600각높이40 ,,"42,000"
짤순이*인화마포짤순이 ,4,"35,000"
짤순이엔젤 ,2,"49,000"
짤순이엔젤*핸드용 ,1,"57,000"
쪼인트휠라고무판1m*1.5m*10T ,,"10,000"
쪼인트휠라고무판1m*1.5m*20T ,20,"13,000"
쪼인트휠라고무판1m*1.5m*50T ,,"33,000"
쪽가위 ,50,"1,500"
쫄대피이검정 ,93,"1,000"
쫄대합판 ,315,"1,000"
찍찍이벨크로양면25*9M(2개1조) ,7,"24,000"
차걸래*나무자루 ,40,"4,000"
차걸래깔깔이*녹색 ,20,"6,000"
차걸래대형양면2단 ,3,"27,000"
차걸래버스용 스텐자루 ,13,"8,000"
차걸래버스용깔깔이부착 ,8,"8,000"
차광만*95*6m*10m ,-1,"23,000"
차광망*55*6Y*10Y ,15,"21,000"
차광망*55*6Y*20Y ,12,"25,000"
차광망*55*6Y*40Y ,8,"42,000"
차광망*55*6Y*40Y녹색 ,19,"45,000"
차광망*75*6*25M ,7,"59,000"
차광망*75*6*40M ,2,"75,000"
차광망*95*10m*10m ,3,"65,000"
차광망*95*10m*15m ,2,"110,000"
차광망*95*10m*20m ,5,"129,000"
차광망*95*10m*25m ,2,"180,000"
차광망*95*10m*30m ,,"195,000"
차광망*95*10m*50m ,,"320,000"
차광망*95*12m*15m ,1,"116,000"
차광망*95*12m*20m ,1,"155,000"
차광망*95*12m*25m ,,"194,000"
차광망*95*12m*50m ,,"294,000"
차광망*95*14m*30m ,,"270,000"
차광망*95*5.5*70M ,1,"249,000"
차광망*95*6m*10m ,5,"39,000"
차광망*95*6m*15m ,4,"66,000"
차광망*95*6m*20m ,1,"86,000"
차광망*95*6m*25m ,2,"110,000"
차광망*95*8m*10m ,4,"52,000"
차광망*95*8m*15m ,2,"75,000"
차광망*95*8m*20m ,5,"103,000"
차광망*95*8m*25m ,4,"129,000"
차광망*95*8m*50m ,2,"258,000"
차광망*95*9m*10m ,3,"58,000"
차광망*95*9m*15m ,2,"73,000"
차광망*95*9m*20m ,2,"129,000"
차광망*95*9m*25m ,2,"160,000"
차광망*95*9m*50m ,,"289,000"
차광망마춤 ,,"55,000"
차광망울타리55%*1.0*100M ,,"20,000"
차광망울타리55%*1.2*100M ,1,"28,000"
차광망울타리55%*1.5*100M ,,"33,000"
차광망울타리95%*1.0M*100M ,2,"66,000"
차광망울타리95%*1.2M*100M ,6,"78,000"
차광망울타리95%*1.5M*100M ,3,"96,000"
차광망울타리95%*2.0M*100M ,6,"129,000"
차광망울타리95%*3.0m*100m ,,"176,000"
차광망칼라4.5*9 ,1,"15,000"
차광망헤배당*95*헤베당 ,,650
차광망헤베당*55*헤베당 ,,400
차동식감지기 ,-35,"5,200"
차량진입판 ,2,
차량진입판750*550*200카업 ,2,"30,000"
차선도색기 ,,
차선도색스프레이 ,,
차액디씨 ,-4,
창문바람틈새막이*승민 ,,"12,000"
창문크리센트 ,109,"3,000"
창문크리센트좌우겸용1000 ,28,"5,000"
창문크리센트좌우겸용880 ,16,"4,000"
천공기수동(수도배관용) ,,"1,430,000"
천막*180g* 5*10m ,6,"26,000"
천막*180g*10*10m ,5,"53,000"
천막*180g*10*15m ,3,"79,000"
천막*180g*10*20m ,3,"105,000"
천막*180g*15*15m ,1,"147,000"
천막*180g*15*20m ,3,"193,000"
천막05*10Y*2개 ,18,"12,000"
천막10*10Y ,23,"24,000"
천막10*15Y ,30,"36,000"
천막10*20Y ,14,"48,000"
천막15*15Y ,17,"66,000"
천막15*20Y ,18,"89,000"
천막20*20Y*130g ,5,"120,000"
천막3.6*4.5(12*15자)320g ,23,"26,000"
천막4.5*5.4(15*18자)320g ,22,"42,000"
천막롤1.9m*85m텐텐지백색 ,8,"51,000"
천막롤2m*85m텐텐지청색 ,6,"49,500"
천막마춤 ,,"123,000"
천막타포린봉고차1톤2.4*3.6m ,4,"86,000"
천막타포린봉고차2.5톤4.5*3.6m ,1,"137,000"
천막타포린봉고차3.5톤4.5*6.3M ,,"164,000"
천막호수1.4(32mm)철근용 ,17,"16,000"
"천막호수1.5""(38mm)철근용 ",1,"16,000"
"천막호수10""-250 ",2,"96,000"
"천막호수12""-300 ",3,"105,000"
"천막호수13""-325 ",6,"128,000"
"천막호수2""-50 ",32,"16,000"
"천막호수2.5""-65 ",12,"19,000"
"천막호수3""-75 ",14,"25,000"
"천막호수4""-100 ",21,"29,000"
"천막호수5""-125 ",17,"39,000"
"천막호수6""-150 ",13,"44,000"
"천막호수8""-200 ",4,"67,000"
"천막호수A급10""-250이중검정80m ",,"125,000"
"천막호수A급2""-50검정물개표 ",2,"53,000"
"천막호수A급2.5""-65검정물개표 ",1,"53,000"
"천막호수A급3""-75검정물개표 ",3,"74,000"
"천막호수A급4""-100이중70m검정 ",3,"30,000"
천수톱날240 ,6,"18,000"
천수톱날270 ,5,"18,000"
천수톱날300 ,2,"19,000"
천연데크제19*90멀바우평당 ,,"176,000"
천연데크제19*90방킬라이평 ,,"155,000"
천연데크제19*90방킬라평당 ,,"130,000"
천연방부목19*90*자당방킬라 ,,"2,500"
천정링100 ,13,"1,300"
천정판600각보스텍 ,7,"8,500"
철근 ,19,"870,000"
철근곡판3.4 ,3,"10,000"
철근곡판5.6 ,,"12,000"
철근곡판8*10 ,4,"18,000"
철근받침대 20*2000개 ,,50
철근받침대 30*1000개 ,"1,000",30
철근받침대 75*400개 ,,100
철근받침대 90*400개 ,400,140
철근받침대100*350개 ,,150
철근받침대120*300개 ,,160
철근받침대150*200개 ,,200
철근받침사각다리 75*300개 ,,150
철근받침사각다리 90*280개 ,,150
철근받침사각다리120*250개 ,,180
철근받침사각다리200*60개 ,,550
철근밴딩기25*서울기계 ,,"1,800,000"
철근절곡기볼트 ,-10,"2,000"
철근절단기수리비 ,-3,"70,000"
철근절단기유압25미리 ,-1,"600,000"
철근절단절곡기 ,,"650,000"
철근카플러19 ,,"7,900"
철근카플러22 ,,"8,950"
철근캡 ,99,200
철근핸드날조25미리 ,-6,"16,000"
철근핸드절단기*서울 ,1,"870,000"
철근핸들10부(32) ,,"18,000"
철근핸들3부(10) ,9,"6,000"
철근핸들4부(13) ,3,"7,000"
철근핸들5부(16) ,22,"9,000"
철근핸들6부(19) ,20,"11,000"
철근핸들7부(22) ,1,"12,000"
철근핸들8부(25미리) ,4,"14,000"
철근환봉19*6M ,8,"17,000"
철기11*350 ,-5,"33,000"
철기리 10 ,19,"7,000"
철기리 10.5 ,20,"6,000"
철기리 11 ,11,"8,000"
철기리 11.5 ,5,"8,000"
철기리 12 ,15,"10,000"
철기리 12.5 ,10,"10,000"
철기리 13 ,18,"13,000"
철기리1.0 ,17,"1,300"
철기리1.5 ,20,"1,300"
철기리2.0 ,20,"1,000"
철기리2.1 ,10,"1,000"
철기리2.2 ,10,"1,000"
철기리2.3 ,10,"1,000"
철기리2.4 ,40,"1,000"
철기리2.5 ,31,"1,000"
철기리2.6 ,30,"1,000"
철기리2.7 ,20,"1,000"
철기리2.8 ,20,"1,000"
철기리2.9 ,30,"1,000"
철기리3.0 ,9,"1,000"
철기리3.1 ,49,"1,000"
철기리3.2 ,34,"1,000"
철기리3.3 ,40,"1,000"
철기리3.4 ,37,"1,000"
철기리3.5 ,75,"1,000"
철기리3.6 ,68,"1,200"
철기리3.7 ,54,"1,200"
철기리3.8 ,30,"1,200"
철기리3.9 ,21,"1,200"
철기리4.0*4.1 ,85,"1,500"
철기리4.2*4.3 ,58,"1,500"
철기리4.5*4.7 ,66,"1,500"
철기리4.8*5.0 ,32,"2,000"
철기리5.0 ,66,"2,000"
철기리5.1 ,30,"2,000"
철기리5.2 ,48,"2,000"
철기리5.3 ,2,"2,000"
철기리5.5 ,125,"2,000"
철기리5.7 ,30,"2,000"
철기리5.8 ,10,"2,000"
철기리6.0 ,14,"3,000"
철기리6.5 ,29,"3,000"
철기리7.0 ,12,"3,000"
철기리7.5 ,21,"3,000"
철기리8.0 ,13,"4,000"
철기리8.5 ,10,"4,000"
철기리9.0 ,24,"5,000"
철기리9.5 ,16,"5,000"
철기리대파14 ,2,"19,000"
철기리대파14.5 ,4,"19,000"
철기리대파15 ,1,"19,000"
철기리대파15.5 ,3,"19,000"
철기리대파16 ,3,"20,000"
철기리대파16.5 ,2,"24,000"
철기리대파17 ,3,"24,000"
철기리대파17.5 ,2,"27,000"
철기리대파18 ,1,"27,000"
철기리대파18.5 ,1,"26,000"
철기리대파19 ,3,"32,000"
철기리대파19.5 ,3,"32,000"
철기리대파20 ,3,"33,000"
철기리대파20.5 ,3,"33,000"
철기리대파21 ,2,"33,000"
철기리대파21.5 ,4,"33,000"
철기리대파22 ,2,"38,000"
철기리대파22.5 ,2,"40,000"
철기리대파23 ,3,"45,000"
철기리대파23.5 ,1,"45,000"
철기리대파24 ,2,"47,000"
철기리대파24.5 ,1,"45,000"
철기리대파25.5 ,2,"48,000"
철기리대파25태화 ,2,"45,000"
철기리대파26 ,2,"49,000"
철기리대파27 ,2,"60,000"
철기리대파27.5 ,2,"51,000"
철기리대파28 ,2,"53,000"
철기리대파29 ,2,"57,000"
철기리대파30 ,2,"57,000"
철기리롱10*200 ,10,"18,000"
철기리롱10*250 ,9,"21,000"
철기리롱10*300 ,6,"24,000"
철기리롱11*350 ,4,"39,500"
철기리롱11*400 ,3,"54,000"
철기리롱12*200 ,10,"19,000"
철기리롱12*250 ,5,"24,000"
철기리롱12*300 ,6,"29,000"
철기리롱13*250 ,5,"24,000"
철기리롱13*300 ,3,"33,000"
철기리롱4*150 ,18,"5,000"
철기리롱5*150 ,9,"5,000"
철기리롱5.5*150 ,10,"5,000"
철기리롱6*150 ,20,"6,000"
철기리롱6*200 ,5,"7,000"
철기리롱6*250 ,8,"12,000"
철기리롱6*300 ,15,"12,000"
철기리롱6.5*200 ,10,"11,000"
철기리롱6.5*250 ,10,"12,000"
철기리롱8*200 ,5,"13,000"
철기리롱8*250 ,10,"15,000"
철기리롱8*300 ,10,"19,000"
철기리롱9*200 ,21,"15,000"
철기리롱9*250 ,3,"17,000"
철기리롱9*300 ,15,"20,000"
철기리셋트미제13P소우트 ,14,"16,000"
철기리셋트미제19P중우트 ,,"39,000"
철기리셋트미제25P대하우트 ,,"50,000"
철기리충전임팩셋트2-5*현진 ,7,"17,000"
철기리충전임팩셋트3~5mm ,2,"18,000"
철기리충전임팩용10.0 ,8,"15,000"
철기리충전임팩용3.0 ,29,"3,500"
철기리충전임팩용3.2 ,25,"3,500"
철기리충전임팩용3.5 ,13,"3,500"
철기리충전임팩용4.0 ,36,"4,500"
철기리충전임팩용4.5 ,14,"5,000"
철기리충전임팩용4.8 ,29,"5,000"
철기리충전임팩용5.0 ,58,"5,000"
철기리충전임팩용6.0 ,17,"8,000"
철기리충전임팩용6.5 ,20,"8,800"
철기리충전임팩용7.0 ,12,"9,000"
철기리충전임팩용8.0 ,2,"10,000"
철기리충전임팩용9mm ,10,"13,000"
철기억자200*300가와사 ,16,"6,000"
철기억자400*600미제스텐리 ,1,"16,000"
철기억자600*1000*sb ,1,"15,000"
철기억자600*1000일제 ,1,"57,000"
철단니불100 ,2,"5,000"
철단니불15 ,75,400
철단니불20 ,29,600
철단니불25 ,36,600
철단니불30 ,38,"1,000"
철단니불40 ,19,"1,500"
철단니불50 ,11,"2,000"
철단니불65 ,10,"3,000"
철단니불80 ,7,"4,500"
철레듀사100*80 ,2,"15,000"
철레듀사20*15 ,,"1,500"
철레듀사25*15 ,37,"2,000"
철레듀사25*20 ,21,"2,000"
철레듀사32*15 ,11,"2,000"
철레듀사32*20 ,-31,"2,000"
철레듀사32*25 ,21,"2,800"
철레듀사40*15 ,15,"3,000"
철레듀사40*20 ,35,"3,000"
철레듀사40*25 ,19,"3,500"
철레듀사40*32 ,23,"4,000"
철레듀사50*15 ,14,"5,000"
철레듀사50*20 ,19,"5,000"
철레듀사50*25 ,10,"5,000"
철레듀사50*32 ,26,"5,000"
철레듀사50*40 ,14,"5,000"
철레듀사65*32 ,,"6,000"
철레듀사65*50 ,5,"8,000"
철레듀사80*65 ,5,"9,000"
철레듀샤80*50 ,9,"9,000"
철망 ,-10,
철메꾸라15 ,43,600
철메꾸라20 ,13,"1,000"
철메꾸라25 ,19,"1,500"
철메꾸라32 ,20,"2,000"
철메꾸라40 ,45,"2,500"
철메꾸라50 ,17,"4,000"
철물 ,226,
철물스텐도장피스8*38 ,1,"8,000"
철물연결보조제20.25T ,1,"15,000"
철물크립전용피스5*19 ,1,"16,000"
철반도 12 ,598,300
철반도 15 ,919,400
철반도 15손잡이 ,"1,386",500
철반도 20 ,31,500
철반도 25*100개 ,213,600
철반도 32 ,248,600
철반도 45 ,198,700
철반도 50 ,689,700
철반도 65 ,174,800
철반도 75 ,205,800
철반도 90 ,296,900
"철반도100*4"" ",140,"1,000"
"철반도125*5"" ",129,"1,200"
"철반도150*6"" ",270,"1,400"
"철반도175*7"" ",143,"1,500"
"철반도200*8"" ",140,"1,500"
"철반도230*9"" ",53,"2,000"
"철반도250*10"" ",105,"2,500"
"철반도300*12"" ",95,"3,000"
"철반도350*14"" ",21,"3,500"
"철반도450*18"" ",31,"4,000"
철반도미제06-16mm*3504 ,47,"1,000"
철반도미제11-20mm*3606 ,-3,"1,500"
철백관100*6미터 ,-4,"130,000"
철백관150*6미터 ,-3,"130,000"
철백관25*6미터KS ,,"34,000"
철백관32*6미터KS ,-2,"39,000"
철백관50*6미터 ,23,"52,000"
철백관65*6미터 ,-1,"75,000"
철백관80*6미터 ,-1,"90,000"
철밴드25 ,2,"158,000"
철밴드25크립 ,8,"16,000"
철밴딩기철결속기sse-19*삼성 ,4,"45,000"
철밴딩기철조임기sst-200*13-19 ,2,"137,000"
철붓싱100*75 ,3,"14,500"
철붓싱20*15 ,53,"1,000"
철붓싱25*15 ,53,"1,500"
철붓싱25*20 ,44,"1,500"
철붓싱32*15 ,5,"3,000"
철붓싱32*20 ,16,"3,000"
철붓싱32*25 ,19,"2,000"
철붓싱40*15 ,20,"3,500"
철붓싱40*20 ,22,"3,500"
철붓싱40*25 ,30,"3,500"
철붓싱40*32 ,18,"3,500"
철붓싱50*15 ,9,"4,500"
철붓싱50*20 ,6,"4,500"
철붓싱50*25 ,12,"4,500"
철붓싱50*32 ,18,"4,500"
철붓싱50*40 ,13,"4,000"
철붓싱65*50 ,9,"7,500"
철붓싱75*50 ,5,"11,000"
철붓싱75*65 ,2,"10,000"
철브러쉬*연관솔50 ,49,"3,000"
철브러쉬대 ,20,"2,000"
철브러쉬베이비추지석 ,43,"1,500"
철브러쉬소 ,137,"2,000"
철브러쉬칫솔모양(신주) ,39,"5,000"
철브러쉬칫솔모양검정 ,100,"1,000"
철브러쉬칫솔모양스텐 ,75,"1,000"
"철브러쉬평8""*22 ",-1,"4,500"
철브러쉬헤라칼 ,,"3,000"
철사 ,-10,"4,000"
철사*14번2.0MM*20KG ,2,"85,000"
철사*16번1.6MM*10KG ,4,"46,000"
철사*18번1.2MM*10KG ,3,"48,000"
철사*18번1.2mm*25KG ,1,"80,000"
철사*20번0.9MM*10KG ,2,"50,000"
철사50kg*08번*4.8mm*50kG ,,"128,000"
철사50kg*10번*3.2mm*50KG ,1,"150,000"
철사50kg*12번*2.6mm*50KG ,1,"140,000"
철사50kg*14번*2.0mm*50kg ,1,"140,000"
철사50kg*16번*1.6mm*50kg ,1,"155,000"
철사50kg*18번*1.2m/m*50kg ,,"164,000"
철사50kg*20번*0.9m/m*50kg ,,"178,000"
철사반도100 ,165,"1,500"
철사반도110 ,69,"1,500"
철사반도18 ,190,600
철사반도28 ,134,700
철사반도32 ,775,700
철사반도40 ,60,800
철사반도45 ,200,900
철사반도50 ,214,"1,000"
철사반도60 ,195,"1,000"
철사반도75 ,66,"1,000"
철사반도90 ,76,"1,000"
철사아연2.0*1키로 ,5,"22,000"
철사아연2.5*1키로 ,8,"22,000"
철사아연3.0*1키로 ,9,"22,000"
철사아연3.5*1키로 ,4,"22,000"
철사아연4.0*1키로 ,-1,"22,000"
철사아연도금10번50K ,-1,"170,000"
철사청색10#*1KG ,,"4,500"
철사피브시코팅2mm*125m ,9,"18,000"
철소켓100 ,7,"11,000"
철소켓15 ,677,"1,000"
철소켓20 ,62,"1,300"
철소켓25 ,48,"1,600"
철소켓32 ,-9,"2,000"
철소켓40 ,11,"2,500"
철소켓50 ,53,"3,000"
철소켓65 ,2,"6,500"
철소켓80 ,5,"9,500"
철수세미 ,106,900
철쓰레받이 ,8,"5,000"
철쓰레받이대일큰것 ,26,"6,000"
철앵글100*100*10T*10M ,,"180,000"
철앵글40*40*4T*5M ,-1,"33,000"
철앵글50*50*4T*5미터 ,,"30,000"
철앵글65*6T ,10,"38,000"
철앵글75*6T*5M ,2,"44,000"
철앵글75*75*6T*5미터 ,-6,"44,000"
철엘100 ,1,"22,000"
철엘15 ,66,"1,000"
철엘15/45도 ,52,"1,300"
철엘20 ,26,"1,500"
철엘20*15 ,20,"1,500"
철엘25 ,33,"2,500"
철엘25*15 ,21,"2,500"
철엘25*20 ,12,"2,500"
철엘32 ,23,"3,000"
철엘32*15 ,10,"3,000"
철엘32*20 ,19,"3,000"
철엘32*25 ,9,"3,200"
철엘40 ,3,"5,000"
철엘40*15 ,13,"5,000"
철엘40*20 ,10,"5,000"
철엘40*25 ,13,"5,000"
철엘40*32 ,7,"5,000"
철엘50 ,14,"6,000"
철엘50*15 ,6,"5,500"
철엘50*20 ,20,"5,500"
철엘50*25 ,20,"5,500"
철엘50*32 ,10,"5,500"
철엘50*40 ,11,"6,500"
철엘65 ,5,"11,000"
철엘80 ,1,"14,000"
철유니온15 ,,"3,000"
철유니온20 ,13,"4,500"
철유니온25 ,19,"6,000"
철유니온32 ,17,"7,000"
철유니온40 ,16,"9,500"
철유니온50 ,14,"10,000"
철유니온65 ,4,"21,000"
철유니온80 ,1,"26,000"
철장니불08 ,5,800
철장니불100 ,,"10,000"
철장니불15 ,25,"1,000"
철장니불20 ,18,"1,000"
철장니불25 ,44,"1,500"
철장니불32 ,9,"2,000"
철장니불40 ,21,"2,000"
철장니불50 ,4,"3,000"
철장니불65 ,5,"6,000"
철장니불80(75) ,2,"9,000"
철재분리수거함3구 ,,"99,000"
철중니불08 ,6,600
철중니불15 ,22,600
철중니불20 ,60,"1,000"
철중니불25 ,40,"1,000"
철중니불32 ,33,"1,500"
철중니불40 ,34,"2,000"
철중니불50 ,18,"2,000"
철직각자공업용600*1000(일제) ,6,"66,000"
철캡15 ,50,"1,000"
철캡20 ,49,"1,000"
철캡25 ,21,"1,500"
철캡32 ,44,"2,000"
철캡40 ,13,"3,000"
철캡50 ,9,"3,600"
철티100 ,4,"29,000"
철티15 ,38,"1,500"
철티20 ,20,"2,000"
철티20*15 ,16,"2,000"
철티25 ,31,"3,000"
철티25*15 ,7,"3,000"
철티25*20 ,12,"3,000"
철티32 ,18,"3,500"
철티32*15 ,11,"4,000"
철티32*20 ,9,"3,500"
철티32*25 ,11,"3,500"
철티40 ,13,"5,000"
철티40*15 ,13,"5,000"
철티40*20 ,23,"5,000"
철티40*25 ,25,"5,000"
철티40*32 ,12,"5,000"
철티50 ,9,"7,000"
철티50*15 ,4,"7,000"
철티50*20 ,8,"7,000"
철티50*25 ,13,"7,500"
철티50*32 ,7,"7,500"
철티50*40 ,1,"7,500"
철티65 ,4,"12,000"
철티80 ,2,"16,000"
철판12 ,,
철판1219*2438*10T ,-230,"220,000"
철판4*8*1.6T ,,"57,000"
철판4*8*3.2T ,-2,"80,000"
철판리어카 ,,"330,000"
철판용드릴날 ,,
철판포스터 ,-1,"20,000"
철필 ,-3,"3,000"
철필노다지 ,27,"4,000"
철필원방 ,128,"5,000"
철후렌지100*10K ,9,"17,500"
철후렌지10K*50A속나사 ,,"22,000"
철후렌지10K*soff*300 ,,"36,000"
철후렌지10kSOFF*100A ,11,"13,500"
철후렌지125*10K ,3,"24,000"
철후렌지25*10K ,6,"6,000"
철후렌지32*10K ,4,"8,000"
철후렌지40*10K ,6,"9,000"
철후렌지50mm*10K SOFF ,10,"10,000"
철후렌지65*10K ,5,"15,000"
철후렌지80*10K ,4,"13,000"
철후렌지맹100*10K ,,"19,000"
청고압호수100*30M ,,"445,000"
청고압호수150*20M ,,"630,000"
청고압호수1M당*100mm ,-7,"18,000"
청고압호수1M당*25 ,-25,"3,500"
청고압호수1M당*32㎜ ,9,"5,000"
청고압호수1M당*38 ,-18,"6,000"
청고압호수1M당*50 ,5,"8,000"
청고압호수1M당*65 ,31,"10,000"
청고압호수1M당*75 ,-14,"13,000"
청고압호수25*50M ,2,"125,000"
청고압호수32*50m ,3,"134,000"
청고압호수38*50m ,2,"180,000"
청고압호수50*50M ,2,"250,000"
청고압호수65*50M ,,"430,000"
청고압호수75*50M ,1,"465,000"
청동스트레나15*10K ,,"12,000"
청소기고압라보14S ,1,"220,000"
청소기공업용 ,,"300,000"
청소기공업용1000D천?,,"270,000"
청소기공업용1000WD천 ,,"303,000"
청소기공업용CM100M2건식 ,1,"365,000"
"청소기공업용바닥마포솔16"" ",1,"33,000"
"청소기공업용바닥솔16"" ",,"18,000"
청소소제구스텐 ,,"90,000"
청소소제구주물트랩 ,,"40,000"
청소용물호수20 ,-3,"30,000"
체결밴드 50 ,15,500
체결밴드 65 ,,500
체결밴드 75 ,,600
체결밴드100 ,70,700
체결밴드스텐100 ,50,"5,000"
체결밴드스텐50 ,-6,"3,500"
체결밴드스텐75 ,-2,"3,500"
체인2미리 골드 ,63,"1,500"
체인2미리 실버 ,90,"1,500"
체인3*30M ,169,"1,500"
체인4*30M ,206,"3,500"
체인5*30M ,133,"4,000"
체인6*30M ,90,"5,000"
체인7*30M ,106,"6,500"
체인8*15M ,32,"7,000"
체인9*15M ,17,"9,000"
체인렌지1120제스트편한손 ,4,"22,000"
체인렌지550제스트 ,1,"15,000"
체인블럭0.5톤 대산 ,1,"165,000"
체인블럭1.0톤*대산 ,1,"160,000"
체인블럭1.5톤대산 ,1,"255,000"
체인블럭2.0톤대산 ,2,"260,000"
체인블럭3.0톤 ,,"280,000"
체인슬링8*1.5M*1줄 ,2,"31,000"
체인슬링8*1.5M*2줄 ,2,"90,000"
체인슬링8*1.5M*4줄 ,,"210,000"
체인카프링06(1/4) ,,"6,000"
체인카프링08(16/5)커넥터링크 ,9,"7,500"
체인카프링10(8/3) ,7,"10,000"
체인카프링12*2/1 ,10,"15,000"
체인카프링16*8/5 ,9,"23,000"
체인크롬2Ø ,128,"1,200"
"체인톱가이드16"" ",-1,"45,000"
체인톱날22.5손체인톱날 ,2,"15,000"
체인톱날복스13*19 ,10,"4,500"
체인톱날오래곤20날 ,-2,"15,000"
체인톱날오래곤26-91 ,4,"23,000"
체인톱날오래곤26.5*91 ,5,"22,000"
체인톱날오래곤28-91 ,6,"23,000"
체인톱날오래곤28.5*91 ,8,"23,000"
체인톱날오래곤29*91 ,5,"23,000"
체인톱날오래곤30-73 ,10,"26,000"
체인톱날오래곤32*21 ,3,"25,000"
체인톱날오래곤32-20번 ,6,"25,000"
체인톱날오래곤33*21 ,,"27,000"
체인톱날오래곤33-20번 ,4,"27,000"
체인톱날오래곤36*21번 ,8,"29,000"
체인플라스틱형광체인8mm*50m ,234,"2,000"
체인후크1/4 ,6,"6,000"
체인후크3/8 ,2,"8,000"
체인후크5/16 ,2,"7,000"
체크밸브청동10k*20A*10k ,4,"36,400"
체크밸브청동10k*25A*10k ,3,"50,400"
체크밸브청동10k*32A*10K ,2,"74,000"
체크밸브청동10k*40A*10K ,4,"93,000"
체크밸브청동10k*50A*10K ,3,"140,000"
체크밸브청동5K*100A*5K ,,"105,000"
체크밸브청동5K*15A*5K ,14,"8,500"
체크밸브청동5K*20A*5K ,12,"9,700"
체크밸브청동5K*25A*5K ,3,"15,000"
체크밸브청동5K*32A*5K ,5,"18,000"
체크밸브청동5K*40A*5K ,4,"24,000"
체크밸브청동5K*50A*5K ,5,"36,000"
"첼라10""코이코 ",8,"9,000"
"첼라12""코이코 ",8,"11,000"
"첼라로버스타*10""로버스타 ",15,"24,000"
"첼라로버스타*12""로버스타 ",15,"33,000"
첼라하이드리브UWP-175DNA로버스 ,2,"25,000"
첼라하이드리브UWP-240DNA로버스 ,,"28,000"
초경홀*스롱34 ,1,"23,000"
초경홀스 12세양 ,4,"9,000"
초경홀스 13세양 ,4,"9,000"
초경홀스 14세양 ,4,"9,000"
초경홀스 15세양 ,5,"10,000"
초경홀스 16세양 ,3,"11,000"
초경홀스 17세양 ,4,"11,000"
초경홀스 18세양 ,4,"11,000"
초경홀스 19세양 ,4,"10,000"
초경홀스 20세양 ,5,"11,000"
초경홀스 21동해 ,3,"12,000"
초경홀스 22세양 ,5,"12,000"
초경홀스 23세양 ,4,"11,000"
초경홀스 24세양 ,6,"11,000"
초경홀스 25세양 ,2,"12,000"
초경홀스 26세양 ,4,"13,000"
초경홀스 27세양 ,5,"13,000"
초경홀스 28세양 ,2,"12,000"
초경홀스 29*동해 ,4,"14,000"
초경홀스 29세양 ,2,"13,000"
초경홀스 30세양 ,5,"14,000"
초경홀스 31세양 ,5,"14,000"
초경홀스 32세양 ,4,"14,000"
초경홀스 33세양 ,3,"14,000"
초경홀스 34*세양 ,3,"14,000"
초경홀스 35세양 ,4,"14,000"
초경홀스 36세양 ,3,"15,000"
초경홀스 37세양 ,6,"16,000"
초경홀스 38세양 ,2,"16,000"
초경홀스 39세양 ,6,"17,000"
초경홀스 40세양 ,2,"17,000"
초경홀스 41세양 ,2,"17,000"
초경홀스 42세양 ,3,"19,000"
초경홀스 43동해 ,2,"17,000"
초경홀스 45세양 ,2,"17,000"
초경홀스 46동해 ,1,"25,000"
초경홀스 48세양 ,2,"20,000"
초경홀스 50*세양 ,2,"24,000"
초경홀스 51세양 ,3,"22,000"
초경홀스 54세양 ,2,"27,000"
초경홀스 60세양 ,2,"25,000"
초경홀스 63세양 ,2,"25,000"
초경홀스 65세양 ,1,"26,000"
초경홀스 70세양 ,2,"28,000"
초경홀스 75세양 ,2,"30,000"
초경홀스 80세양 ,2,"33,000"
초경홀스 85세양 ,2,"38,000"
초경홀스 90 ,2,"38,000"
초경홀스 95 ,2,"40,000"
초경홀스*롱115 ,1,"125,000"
초경홀스*롱29 ,2,"18,000"
초경홀스*롱38 ,2,"25,000"
초경홀스*롱43 ,2,"29,000"
초경홀스*롱50 ,1,"63,000"
초경홀스*롱54 ,1,"43,000"
초경홀스*롱65 ,,"70,000"
초경홀스*롱90 ,2,"77,000"
초경홀스100세양 ,4,"40,000"
초경홀스105세양 ,,"50,000"
초경홀스110세양 ,1,"54,000"
초경홀스115세양 ,2,"54,000"
초경홀스120 ,,"47,000"
초경홀스125세양 ,2,"72,000"
추자석정추*갑구사게부리 ,2,"18,000"
추자석타지마 ,3,"30,000"
추정추*대 ,6,"12,000"
추정추*별대*4개 ,7,"16,000"
추정추*왕대3개 ,1,"14,000"
추정추*중 ,6,"11,000"
추정추*특대 ,3,"13,000"
추정추3k ,1,"35,000"
추정추5K ,1,"52,000"
축사비 ,22,"7,000"
축사용선풍기750w동일tk360DC ,,"650,000"
충격흡수탱크1200*900대형 ,,"528,000"
충격흡수탱크600*600소형 ,,"346,000"
충격흡수탱크900*900*900 ,,"460,000"
충전드릴수리 ,-1,"90,000"
충전드릴수리 ,,"90,000"
충전드릴수리비 ,,"110,000"
충전식랜턴 ,,
취침등*스위치달림*일신 ,35,"3,000"
측량깃발1200*적색*50개 ,396,"1,600"
측량깃발1200*청색*50개 ,300,"1,600"
측량깃발1200*황색*50개 ,170,"1,600"
측량말뚝350 ,40,"3,500"
치핑함마권총형에어 ,,"75,000"
치핑함마노미 ,,
치핑함마스프링 ,10,"5,000"
치핑함마일제 ,-2,"220,000"
침목240*150*2500 ,10,"50,000"
침목300*150*2500 ,,"75,000"
카본ES고속절단기C314 ,13,"4,000"
카본게양D-16믹스드릴조당 ,10,"4,000"
카본게양D-23믹스드릴 ,10,"4,000"
카본게양고속절단기14-D ,14,"4,000"
카본게양그라인다100B ,41,"4,000"
카본게양그라인다100SN끈 ,9,"4,000"
"카본게양그라인다7""9"" ",23,"6,000"
카본게양원형톱 ,17,"3,000"
카본게양함마드릴PHD3800 ,2,"4,000"
"카본디월트그라인다4"" ",10,"4,000"
카본마끼다0810파괴함마 ,9,"4,000"
"카본마끼다그라인다4""4030A ",10,"4,000"
카본마끼다그라인다4*10130 ,10,"4,000"
카본마끼다컷소 ,,"5,000"
카본보쉬그라인다4'*6-100 ,16,"8,000"
"카본보쉬그라인다7"" ",5,"16,000"
카본보쉬그라인다9 ,12,"7,000"
"카본보쉬원형톱7"" ",5,"9,000"
카본보쉬함마5-38 ,4,"10,000"
카본아임삭충전드릴용 ,10,"4,000"
카본엘지샌디P293 ,1,"2,000"
카프링발브소켓12(CM) ,55,"3,000"
카프링발브소켓15(CM) ,220,"3,800"
카프링발브소켓20(CM) ,25,"6,000"
카프링발브소켓25(CM) ,20,"9,000"
카프링발브소켓32(CM) ,8,"18,000"
카프링발브소켓40(CM) ,2,"24,000"
카프링발브엘15 ,75,"4,500"
카프링발브엘20 ,15,"6,600"
카프링발브엘25 ,-9,"12,500"
카프링소켓12 ,51,"3,800"
카프링소켓15 ,895,"4,500"
카프링소켓15*12 ,19,"4,400"
카프링소켓15*25 ,21,"9,000"
카프링소켓20 ,49,"7,800"
카프링소켓20*15 ,31,"6,600"
카프링소켓20*25 ,6,"11,000"
카프링소켓25 ,33,"13,000"
카프링소켓25*32 ,7,"19,000"
카프링소켓32 ,5,"24,000"
카프링소켓40 ,2,"36,000"
카프링속소켓12(CF) ,43,"3,500"
카프링속소켓15(CF) ,422,"3,500"
카프링속소켓20(CF) ,22,"6,000"
카프링속소켓25(CF) ,7,"9,000"
카프링속소켓32(CF) ,29,"18,000"
카프링수전엘12 ,-7,"4,000"
카프링수전엘15 ,427,"4,800"
카프링수전엘15날개삼방 ,90,"6,000"
카프링수전엘20 ,18,"6,800"
카프링수전엘25 ,14,"12,000"
카프링수전엘30 ,23,"25,000"
카프링수전장엘15 ,60,"5,000"
카프링수전티15 ,55,"6,600"
카프링수전티20 ,24,"11,000"
카프링수전티20*15 ,24,"9,000"
카프링수전티25 ,13,"18,000"
카프링수전티25 ,5,
카프링수전티25*15 ,17,"16,000"
카프링수전티25*20 ,1,"16,500"
카프링수전티32*20 ,8,"30,000"
카프링스텐발브15 ,20,"12,000"
카프링스텐소켓15 ,13,"15,000"
카프링스텐속소켓15 ,7,"12,000"
카프링스텐수전엘15 ,14,"14,000"
카프링스텐엘15 ,11,"15,000"
카프링스텐티15 ,12,"23,000"
카프링양소켓12 ,34,"4,000"
카프링양소켓15 ,544,"4,500"
카프링양소켓20 ,98,"7,500"
카프링양소켓25 ,29,"12,000"
카프링양엘15 ,915,"5,000"
카프링양엘20 ,48,"9,000"
카프링양엘25 ,56,"15,000"
카프링양엘32 ,202,"33,000"
카프링엘12 ,16,"4,000"
카프링엘15 ,543,"5,800"
카프링엘20 ,13,"9,000"
카프링엘25 ,23,"15,000"
카프링엘32 ,3,"33,000"
카프링중간밸브15*CP ,115,"6,500"
카프링중간밸브20 ,59,"11,000"
카프링중간밸브25 ,36,"18,000"
카프링캡15 ,45,"3,000"
카프링캡20 ,41,"5,000"
카프링티12 ,,"6,000"
카프링티15 ,491,"7,700"
카프링티15*20 ,15,"11,000"
카프링티15*25 ,1,"18,000"
카프링티20 ,100,"13,000"
카프링티20*25 ,4,"16,000"
카프링티25 ,13,"23,000"
카프링티32 ,7,"43,000"
칸막이용판넬 ,,"18,000"
칼라각관20*20*1.4 ,,"9,900"
칼라각관25*25*2.0 ,10,"19,500"
칼라각관30*30*2.0 ,17,"21,000"
칼라각관40*20*2.0 ,16,"32,000"
칼라각관40*40*2.0 ,-16,"30,000"
칼라각관50*30*2.0 ,30,"34,000"
칼라각관50*50*1.4 ,,"26,000"
칼라각파이프100*100*2.9*6M ,,"89,000"
칼라강관3m ,-4,"32,500"
칼라덮개*10m ,32,"12,000"
"칼라몽키 6""툴라인 ",28,"9,000"
"칼라몽키 8""툴라인 ",6,"12,000"
"칼라몽키10""툴라인 ",19,"13,000"
"칼라몽키12""툴라인 ",5,"18,000"
"칼라몽키쇼트 6""툴라인*쇼트포켓 ",33,"8,000"
"칼라몽키쇼트 8""툴라인*쇼트포켓 ",31,"10,000"
"칼라몽키쇼트10""툴라인*쇼트포켓 ",47,"13,000"
"칼라몽키쇼트12""툴라인*쇼트포켓 ",33,"18,000"
칼라분무기 ,3,"4,000"
칼라분무기소 ,16,"3,000"
칼라코크 ,103,"3,000"
칼라피스녹색(500개) ,3,"13,000"
칼라피스백색 ,11,"13,000"
칼라피스아이보리*8*16*500개 ,19,"13,000"
칼라피스적색8*16(500개) ,5,"13,000"
칼라피스청색(500개) ,4,"13,000"
칼라피스회색(500개) ,23,"13,000"
칼라피스흑색 ,17,"13,000"
칼브럭10*100개당 ,494,400
칼브럭10*210*개당 ,159,"1,000"
칼브럭10*300개당 ,100,"1,500"
칼브럭5*6 ,7,"9,000"
칼브럭6*110 ,5,"13,000"
칼브럭6*12*44 ,12,"6,000"
칼브럭6*130 ,7,"21,000"
칼브럭6*160 ,,"25,000"
칼브럭6*25*55mm*100개 ,12,"6,000"
칼브럭6*40*70mm*100개 ,6,"7,000"
칼브럭6*5*37*200개 ,8,"9,000"
칼브럭6*75 ,-9,"9,000"
칼브럭6*95 ,5,"10,000"
칼브럭8*110 ,7,"16,000"
칼브럭8*135 ,1,"22,000"
칼브럭8*160 ,2,"26,200"
칼브럭8*190 ,3,"38,000"
칼브럭8*30 ,3,"9,000"
칼브럭8*90 ,4,"14,500"
칼브럭개당 ,-244,100
칼브럭도깨비6*30*200개백색 ,20,"3,500"
칼브럭도깨비6*30*200개적색 ,40,"3,000"
칼브럭도깨비6*45*100개 ,42,"3,000"
칼브럭번데기10*50적색 ,9,"5,000"
칼브럭번데기12*65회색 ,7,"9,000"
칼브럭번데기14*75적색 ,5,"12,000"
칼브럭번데기5*30적색 ,2,"3,000"
칼브럭번데기6*30 백색 적색 ,11,"3,000"
칼브럭번데기8*38적색 ,7,"3,000"
칼브럭피스FH5*40 ,,"11,000"
칼브럭피스FH5*50*200개 ,,"9,000"
칼헤라 ,20,"2,000"
캇타18 ,16,"18,000"
캇타날대*평화피스 ,,
캇타날대*화신K-214B ,105,"1,000"
캇타날도배용올파 ,34,"6,000"
캇타날소*화신 ,61,800
캇타날올파HOK-1 ,10,"7,500"
캇타날제스트Z-SK2-GT14*18mm ,63,"3,000"
캇타날제스트Z-SK2-GT25*25mm ,16,"7,000"
캇타칼고무커버 ,16,"3,000"
캇타칼도배용-올파300 ,1,"6,000"
캇타칼소화신201 ,63,"1,000"
캇타칼올파HOK-1 ,3,"12,000"
캇타칼제스트GTC24 ,49,"2,000"
캇타칼제스트Z-GTW18E ,8,"5,000"
캇타칼제스트특대GTP25 ,36,"7,000"
캇타칼철카바ACE420피스 ,143,"4,000"
캇타칼타지마플라스틱칼SC701 ,5,"6,000"
캇타칼피스407로터리식 ,56,"2,000"
캇타칼피스408슬라이드 ,138,"2,000"
커덴레일 ,-2,"8,000"
커텐고리 ,-57,20
커피캔레쯔비롯데 ,64,300
컨넥트링크16/5 ,6,"7,000"
컨넥트링크4/1 ,8,"5,000"
컴퓨터 ,-1,
컵걸이(컵포함)컵대 ,22,"5,000"
"컵브러쉬4""국산 ",78,"2,500"
"컵브러쉬7""국산 ",,"5,000"
"컵스텐브러쉬4"" ",17,"5,000"
"컵철브러쉬4"" ",80,"2,500"
컷소AEG미니컷소 ,1,"220,000"
컷소날1542K ,-5,"6,000"
컷소날DWAR12114-KR ,21,"6,000"
컷소날S1122BF철재스텐 ,54,"5,000"
컷소날S1122HF우드철재 ,13,"4,000"
컷소날S1411DF목재철 ,31,"6,000"
컷소날S1531L목재 ,39,"5,000"
컷소날S711DF목재 ,23,"3,000"
컷소날S922BF철재스텐 ,50,"4,000"
컷소날S922HF우드메탈 ,31,"4,000"
컷소날S955CHC ,,"20,000"
컷소날S957CHM ,,"20,000"
컷소날미제메탈용 ,-5,"4,500"
컷소날보쉬S922EHM스텐레스 ,,"27,000"
컷소핸드(미제) ,13,"10,000"
케노피3*3접이식철지붕 ,,"270,000"
케노피3*6접이식철지붕 ,2,"460,000"
케노피주문 수입 ,,"270,000"
케미칼앙카건영진 ,5,"25,000"
케미칼앙카코멕스이액형*20개 ,14,"10,000"
케미칼앙카코멕스일체형*20개 ,10,"10,000"
"케이블갓다*일제24""HTcc255 ",1,"66,000"
"케이블갓다*일제32""cc505 ",2,"120,000"
케이블갓다*일제BRT325 ,3,"88,000"
케이블갓다*일제BRT9 ,2,"33,000"
케이블타이밴드100 ,32,"7,000"
케이블타이밴드140 ,10,"12,000"
케이블타이밴드200 ,30,"22,000"
케이블타이밴드270 ,23,"21,000"
케이블타이밴드300 ,45,"21,000"
케이블타이밴드370 ,-1,"22,000"
케이블타이밴드450 ,4,"16,000"
케이블타이밴드540 ,10,"27,000"
케이블타이밴드780 ,,"45,000"
케이블타이밴드적색200 ,12,"28,000"
케이블타이밴드적색300 ,17,"28,000"
케이블타이소포장200 ,97,"5,000"
케이블타이소포장300 ,130,"8,000"
케이블타이소포장370 ,13,"13,000"
코너도라이버드릴알케이-510 ,4,"42,000"
코너비트3m미장용아연망*50개 ,192,"2,000"
코너비트3m미장용알미늄갈매기*5 ,150,"3,000"
코너비트3m미장쪼인트날개 ,184,"2,000"
코너철 스텐소소15*15 ,,200
코너철 스텐중15*40 ,,400
코너철*15*15소소 ,"1,012",100
코너철20*24*24소 ,755,150
코너철25*25*40*대200개 ,997,300
코너철30*25*25중 ,615,250
코너철40*40*120특왕대 ,170,"1,200"
코너철40*40*45특대 ,84,400
코너철40*40*60왕대 ,286,600
코너철50*50*100별대 ,45,"1,000"
코너철50*90*90*오성 ,3,"1,500"
코너철삼각30*55*55 ,79,600
코레실실란트PU9330PTB(N) ,,"68,000"
코리아나홀다셋트 ,-1,"85,000"
코아건식날이화108 ,3,"68,000"
코아건식날이화125 ,1,"77,000"
코아건식날이화158 ,3,"84,000"
코아건식날이화200 ,2,"189,000"
코아건식날이화25 ,2,"25,000"
코아건식날이화28 ,4,"27,000"
코아건식날이화32 ,2,"30,000"
코아건식날이화39 ,3,"35,000"
코아건식날이화45 ,2,"37,000"
코아건식날이화55 ,2,"40,000"
코아건식날이화65 ,3,"45,000"
코아건식날이화80 ,2,"54,000"
코아건식날이화88 ,4,"59,000"
코아건식연결대SDS*150 ,6,"15,000"
코아건식연결대SDS*200 ,3,"17,000"
코아건식연결대SDS*250 ,2,"18,000"
코아건식연결대SDS*350 ,3,"22,000"
코아건식연결대막스*330 ,1,"29,000"
코아건식연결대육각 ,4,"18,000"
코아건식육각연결대*150 ,2,"15,000"
코아건식육각연결대*200 ,2,"18,000"
코아건식육각연결대*300 ,4,"27,000"
코아건식육각연결대*400 ,1,"30,000"
코아네트20M*2M ,8,"34,000"
코아네트핀200mm*100개 ,49,"12,000"
코아네트핀265mm*100개입박스 ,69,"14,000"
코아네트핀개당200mm개당 ,340,150
코아네트핀개당265mm*개당 ,530,200
코아로프(10mm) ,1,"9,000"
코아센타기리 ,18,"5,000"
코아습식날신한100 ,1,"77,000"
코아습식날신한90 ,1,"62,000"
"코아습식날이화 25(1"") ",3,"18,000"
코아습식날이화 32(1.3) ,3,"23,000"
코아습식날이화 38(1.5) ,2,"23,000"
코아습식날이화 50(2.0) ,7,"26,000"
코아습식날이화 63(2.5) ,5,"37,000"
코아습식날이화 75(3.0) ,2,"36,000"
코아습식날이화 90(3.5) ,1,"45,000"
코아습식날이화100(4.0) ,3,"56,000"
코아습식날이화125 ,,"76,000"
코아습식날이화150 ,1,"76,000"
코아습식날이화200 ,3,"118,000"
코아습식날이화250 ,1,"150,000"
코아습식날튜브이화 25 ,2,"12,000"
코아습식날튜브이화 33 ,1,"12,000"
코아습식날튜브이화 38 ,2,"12,000"
코아습식날튜브이화 50 ,2,"12,000"
코아습식날튜브이화 64 ,3,"14,000"
코아습식날튜브이화 75 ,2,"18,000"
코아습식날튜브이화 90 ,2,"20,000"
코아습식날튜브이화100 ,2,"23,000"
코아습식날튜브이화125 ,1,"27,000"
코아습식날튜브이화150 ,2,"34,000"
코아습식날튜브이화200 ,1,"72,000"
"코아습식날튜브이화250(10"") ",1,"103,000"
코아습식날헤드이화 25 ,2,"8,000"
코아습식날헤드이화 32 ,1,"10,000"
코아습식날헤드이화 40 ,2,"11,000"
코아습식날헤드이화 50 ,3,"13,000"
코아습식날헤드이화 64 ,2,"14,000"
코아습식날헤드이화 75 ,2,"14,000"
코아습식날헤드이화 90 ,2,"16,000"
코아습식날헤드이화100 ,2,"23,000"
코아습식날헤드이화125 ,1,"24,000"
코아습식날헤드이화150 ,2,"28,000"
코아습식날헤드이화200 ,1,"62,000"
"코아습식날헤드이화250(10"") ",1,"85,000"
코아습식연결대100mm ,1,"24,000"
코아습식연결대150mm ,2,"22,000"
코아습식연결대200mm ,3,"23,000"
코아습식연결대250mm ,1,"24,000"
코아습식연결대300mm ,1,"26,000"
코아합판3*6*12mm ,,"30,000"
코아합판4*8*12mm ,,"40,000"
코아합판4*8*18mm ,16,"65,000"
코엘전선릴 ,-1,"154,000"
코일압착철조망28cm*6m ,,"17,300"
코팅연선2MM*125M ,,"18,000"
콘기리10*하베라 ,,"7,500"
콘기리11*하베라 ,13,"8,000"
콘기리12*하베라 ,13,"8,000"
콘기리13*하베라 ,9,"9,000"
콘기리14*하베라 ,5,"10,000"
콘기리3.0라이즈 ,20,"3,000"
콘기리3.5하베라 ,7,"4,000"
콘기리4.0하베라 ,10,"4,000"
콘기리5.0하베라 ,24,"4,000"
콘기리6.0하베라 ,7,"4,500"
콘기리6.5*하베라 ,7,"4,500"
콘기리6.5조란 ,50,"3,500"
콘기리7하베라 ,10,"4,500"
콘기리8하베라 ,11,"6,000"
콘기리9하베라 ,30,"6,000"
콘기리충전임팩용6.5mm ,8,"6,000"
콘기리충전임팩용6mm ,11,"10,000"
콘기리충전임팩용9mm ,9,"15,000"
콘넥트링크10 ,10,"11,000"
콘넥트링크8 ,-8,"5,000"
콘리어카통바퀴*개당 ,,"74,000"
콘못 ,-1,
콘못100 ,45,"1,000"
콘못25 ,50,"1,000"
콘못25(200ｇ) ,31,"1,500"
콘못38 ,29,"1,000"
콘못50 ,28,"1,000"
콘못63 ,42,"1,000"
콘못75 ,149,"1,000"
콘못75(300g) ,84,"3,000"
콘못90 ,-24,"1,000"
콘못90(200ｇ) ,50,"1,500"
콘못청100(500ｇ) ,38,"6,000"
콘못청25(500ｇ) ,34,"4,500"
콘못청38(500ｇ) ,74,"4,500"
콘못청50(500ｇ) ,125,"4,500"
콘못청63(500ｇ) ,-14,"4,500"
콘못청75(500ｇ) ,29,"4,500"
콘못청90(500ｇ) ,-13,"6,600"
콘센트3구방우형누전차단기 ,2,"26,000"
콘센트함*미주 ,1,"58,000"
콘크리트도바리150mm ,5,"9,500"
콘크리트드릴날 ,,"1,000"
콘크리트배수로200*200*2M수로관 ,31,"54,000"
콘크리트배수로300*200*2M수로관 ,86,"57,000"
콘크리트배수로300*300*2M수로관 ,24,"66,000"
콘크리트배수로400*400*2M수로관 ,,"72,000"
콘크리트배수로500*500*2M수로관 ,,"98,000"
콘크리트배수로600*600*2M수로관 ,,
콘크리트배수로600*600*2M수로관 ,,"150,000"
콘크리트배수로측구200*200A ,42,"82,500"
콘크리트배수로측구300*300A ,39,"98,000"
콘크리트배수로측구400*400A ,,"120,000"
콘크리트배수로측구앵글300각B형 ,,"127,000"
콘크리트배수로측구앵글400각B형 ,,"135,000"
콘크리트앙카38/3*6*30 ,770,300
콘크리트원형인상300 ,,"215,000"
콘파이프-콘22*2000개 ,-650,20
콘파이프22*2m*50 ,620,600
콤비네이션기억 ,,"14,000"
"콤파스10""*철 ",3,"22,000"
콤파운드광택제150g*피칼 ,,"15,000"
콤펙타5RP-로빈 ,,"750,000"
콤푸레샤1.0계양저소음kac-10s ,1,"260,000"
콤푸레샤2.0계양저소음kac-20s ,,"300,000"
콤푸레샤2.5계양 ,2,"182,000"
콤푸레샤3.5서원 ,,"490,000"
콤푸레샤4.5서원 ,1,"540,000"
콤푸레샤스위치 ,,"11,000"
콤푸레샤에어뱅크3.5 ,,"515,000"
콤푸레샤에어뱅크3.5알미늄 ,,"570,000"
콤푸레샤에어크리너 ,2,"7,000"
콤푸레샤제일JCA40제일탁카 ,2,"540,000"
콤푸레샤제일JCA45제일탁카 ,1,"550,000"
콤푸레샤제일JCA55제일탁카 ,1,"620,000"
쿨타울 ,8,"7,000"
쿨토시 네파 ,,"7,000"
"쿨토시쿨(국,백,회,흑)탑쿨 ",197,"2,000"
"쿨토시쿨3M-PS2000(회,백,흑 ",33,"5,500"
퀵링크04 ,592,400
퀵링크05 ,261,500
퀵링크06 ,120,600
퀵링크07 ,110,700
퀵링크08 ,72,"1,000"
퀵링크09 ,43,"1,000"
퀵링크10 ,65,"1,600"
퀵링크12 ,29,"2,200"
큐비클받침 ,10,"6,000"
큐비클손잡이 ,21,"6,000"
큐비클손잡이막대형*크롬 ,1,"15,000"
큐비클손잡이휴타임N204 ,11,"24,000"
큐비클시공헤베당 ,1,"95,000"
큐비클옷걸이 ,40,"5,000"
큐비클정첩나비겸용(2개1조) ,9,"24,000"
큐비클코너고정 ,-10,500
큐비클힌지 ,5,"13,000"
크랙퍼티 ,35,"6,000"
"크램프11""아이완 ",2,"30,000"
"크램프18""아이완 ",,"35,000"
크램프2 ,12,"2,500"
크램프3 ,8,"3,000"
크램프4 ,8,"4,000"
크램프C형클램프18 ,1,"39,000"
크레인압착벤지D213-9NECR ,2,"59,000"
크로스티100 ,3,"10,000"
크리너 ,-14,"8,000"
크리너세제 ,14,"6,000"
크리센트118 ,65,"4,000"
크리센트118-1 ,17,"5,000"
크리센트119 ,8,"5,000"
크리센트유영880*좌우겸용 ,6,"6,000"
크리센트프로젝트창손잡이픽스창 ,9,"8,000"
크리셋트 ,10,"4,000"
키레스척비트형SKD-95B8/3 ,23,"22,000"
키레스척비트형SkD127B2/1 ,20,"23,000"
키홀더목공비나카라 ,5,"3,000"
키홀더스프링검정색 ,32,"2,000"
키홀더초록 ,10,"3,000"
타공비 ,-13,"10,000"
타이 1000*50개국산 ,501,880
타이 1100*50개국산 ,200,930
타이 1200*25(갯수확인) ,275,"1,100"
타이 1300*50개국신 ,550,"1,300"
타이 1500*50개국산 ,300,"1,500"
타이 1600*50개국산 ,,"1,300"
타이 1800*50개국산 ,200,"1,800"
타이*수입150수입 ,,120
타이*수입200수입 ,,92
타이*수입300수입 ,,120
타이100국산 ,600,120
타이120국산 ,"1,000",135
타이150국산 ,601,170
타이180 ,-300,
타이200국산 ,"2,400",175
타이250국산 ,"1,301",210
타이300국산 ,"1,401",220
타이350국산 ,"1,901",300
타이400국산 ,"3,300",280
타이450국산 ,900,340
타이500국산 ,601,360
타이550국산 ,300,360
타이600*100개국산 ,,410
타이600*50개국산 ,351,400
타이650*100개국산 ,200,580
타이700*50개국산 ,676,660
타이750*50개국산 ,300,780
타이800*50개국산 ,401,800
타이900*50개국산 ,501,"1,000"
타이마춤 ,,
타이볼트0600 ,-1,780
타이볼트0800 ,199,"1,300"
타이볼트0900 ,,"1,200"
타이볼트1000 ,"1,600","1,600"
타이볼트1200 ,185,"1,900"
타이볼트1500 ,,"2,300"
타이볼트16*2000 ,,"12,000"
타이볼트1800 ,80,"2,700"
타이볼트2000 ,,"3,000"
타이어게이지DW-101*대원 ,5,"27,000"
타이어게이지DW-203B ,2,"32,000"
타이어게이지중기용 ,3,"57,000"
타이절단기대900 ,,"13,000"
타이절단기중600 ,7,"12,000"
타이주문 ,"-2,200",
타이핀*웨지핀500개국산 ,-937,"30,000"
타이핀*웨지핀500개수입 ,-279,"36,000"
타이핀*웨지핀대*500개 ,4,"62,000"
타일200*200m2 ,-225,"13,000"
타일300*600m2 ,-100,"13,000"
타일고대 ,34,"6,000"
타일고대*소원형 ,11,"6,000"
타일고대톱니*대 ,12,"9,000"
타일고대톱니*중 ,9,"9,000"
타일고대톱니*특대 ,11,"15,000"
타일떠붙임몰탈*한일40㎏ ,31,"9,000"
타일라인백색2 ,309,"3,000"
타일메지고대스펀지손잡이부착 ,3,"18,000"
타일메지고대스펀지판*노랑 ,14,"11,000"
타일메지고무흑손매직터치 ,12,"18,000"
타일바닥200*200(37장) ,,
타일바닥200*200*2014회색체크 ,4,"17,000"
타일바닥200*200*3430메탈얼룩무 ,52,"27,000"
타일바닥200*200*4748흑색국산 ,-3,"22,000"
타일바닥200*200*901검정국산 ,95,"23,000"
타일바닥200*200*ck201회색국산 ,14,"22,000"
타일바닥200*200수2288살구색 ,39,"18,000"
타일바닥300*300*3032살구색*16?,24,"18,000"
타일바닥300*300*3302진브라운16 ,18,"20,000"
타일바닥300*300*YJ-3033진회 ,-15,"20,000"
타일바닥300*300*YJ120진회색 ,24,"20,000"
타일바닥400*400*101백색9장 ,14,"22,000"
타일바닥400*400*2774검정6개입?,85,"22,000"
타일바닥쪽마루110*500 ,103,"16,000"
타일바닥쪽마루175*400FD ,23,"35,000"
타일벽250*400(15장) ,98,
타일벽250*400*2358회색국산 ,78,"24,000"
타일벽250*400*24051백색구름 ,1,"18,000"
타일벽250*400*4301수파도갈매기 ,2,
타일벽250*400*9933수사각 ,214,"18,000"
타일벽250*400*백색 ,27,"20,000"
타일벽250*400TWE-7311국산세라?,25,"24,000"
타일벽250*400대림(비앙코)1361 ,36,"22,000"
타일벽250*400대림1358대림 ,44,"20,000"
타일벽250*400포인트*1692-D칼라 ,48,"28,000"
타일벽300*600*36515역전*8장 ,8,"22,000"
타일벽300*600*36813역전 ,11,"22,000"
타일벽300*600*6313영화 ,8,"22,000"
타일본드5가롱(4kg)PC704 ,24,"10,000"
타일본드쌍곰세라픽스7000*17K ,64,"24,000"
타일본드쌍곰세라픽스7000*20K ,,"28,000"
타일석재150*150 ,,"52,000"
타일스페이스*노랑300개 ,12,"5,000"
타일스페이스십자1.5*300개 ,9,"5,000"
타일스페이스십자2.0*300개 ,-7,"5,000"
타일유리기리토네이도10 ,5,"16,000"
타일유리기리토네이도12 ,3,"18,000"
타일유리기리토네이도14 ,2,"20,000"
타일유리기리토네이도6.0 ,2,"14,000"
타일유리기리토네이도6.5 ,6,"15,000"
타일유리기리토네이도8.0 ,2,"14,000"
타일유리기리화살촉10*88mm ,3,"6,000"
타일유리기리화살촉12*88mm ,,"7,000"
타일유리기리화살촉6*75mm ,6,"4,000"
타일유리기리화살촉6.5*75mm ,2,"4,000"
타일유리기리화살촉8*80mm ,3,"5,000"
타일절단기500 B ,,"75,000"
타일절단기600 B ,,"90,000"
타일절단기용수500 ,,"120,000"
타일절단기용수600 ,1,"178,000"
타일절단기일제640 ,1,"330,000"
타일절단기일제710 ,,"390,000"
타일절단날(베아링) ,4,"18,000"
타일절단날*일제710 ,2,"30,000"
타일줄눈제거기 ,,"7,000"
타일줄눈제거기십자4날 ,,"10,000"
타일칼 ,4,"5,000"
타일코너비트P08 ,62,"1,500"
타일코너비트P10 ,113,"1,500"
타일코너비트P12 ,130,"1,500"
타일코너비트금색 ,781,"4,000"
타일코너비트스텐라운10 ,32,"7,000"
타일코너비트스텐사각08 ,160,"5,000"
타일코너비트스텐사각10 ,17,"5,000"
타일코너비트스텐사각12 ,50,"7,000"
타일코너비트스텐엘몰딩10T ,34,"5,000"
타일포인트 ,44,"5,000"
타지마자석사게부리정추*QS450 ,2,"33,000"
타지마캇타날CB50 ,12,"6,000"
타지마캇타날LCB-65 ,49,"12,000"
타지마캇타칼LC-500 ,56,"6,000"
타지마캇타칼LC-560 ,44,"7,000"
타지마캇타칼LC-650 ,51,"11,000"
탁가안전핀ct64 ,-5,"5,000"
"탁상그라인다6""*빅토리 ",1,"98,000"
탁카걸이*KSB ,,"15,000"
탁카걸이원단국방색 ,14,"5,000"
탁카걸이제스트Z-TR22 ,3,"16,000"
탁카수리 ,-8,"20,000"
탁카오일 ,20,"7,000"
탁카피스톤1022 ,17,"6,000"
탁카피스톤1850 ,9,"12,000"
탁카피스톤422 ,25,"6,000"
탁카피스톤630 ,10,"9,000"
탁카피스톤722 ,1,"11,000"
탁카피스톤CT64RN신형 ,21,"21,000"
탁카피스톤CT64R구형 ,6,"21,000"
탁카피스톤F30 ,18,"6,000"
"탁카피스톤ST,DT64 ",4,"21,000"
탁카피스톤T64 ,3,"15,000"
탁카핀1010 ,30,"6,000"
탁카핀1016 ,32,"6,000"
탁카핀1022 ,35,"7,000"
탁카핀416 ,13,"5,000"
탁카핀419 ,22,"6,000"
탁카핀422*20개 ,89,"6,000"
탁카핀710 ,50,"7,000"
탁카핀722 ,28,"11,000"
탁카핀838T ,,"50,000"
탁카핀CS2619빔용 ,4,"45,000"
탁카핀CS2622빔용 ,3,"45,000"
탁카핀DT45 ,20,"15,000"
탁카핀DT50 ,10,"16,000"
탁카핀DT64 ,11,"19,000"
탁카핀F15 ,30,"4,000"
탁카핀F20 ,27,"5,000"
탁카핀F25 ,25,"6,000"
탁카핀F30*16개 ,21,"6,500"
탁카핀F40 ,32,"9,000"
탁카핀F50 ,28,"10,000"
탁카핀F50*스텐 ,,"40,000"
탁카핀ST18 ,17,"5,000"
탁카핀ST25 ,8,"6,500"
탁카핀ST32 ,13,"8,000"
탁카핀ST38 ,19,"5,000"
탁카핀ST45 ,24,"6,000"
탁카핀ST50 ,29,"7,700"
탁카핀ST57 ,8,"7,500"
탁카핀ST64 ,16,"8,000"
탁카핀T50 ,3,"15,000"
탁카핀T57 ,4,"17,000"
탁카핀T64 ,3,"18,000"
탁카핀인삼밭HT64 ,5,"7,500"
"탄력바50*10소초강력(녹,적 ",11,"13,000"
"탄력바50*18M대초강력(녹,적 ",23,"21,000"
탈곡망3자*9M ,2,"125,000"
탈곡망4자*9M ,2,"138,000"
탈곡망미터당3자미터당 ,-16,"18,000"
탈곡망미터당4자미터당 ,9,"19,000"
탭기계10mm*1.5 ,17,"9,000"
탭기계12mm*1.75 ,5,"16,000"
탭기계4*0.7슈퍼툴 ,4,"5,000"
탭기계5*0.8슈퍼툴 ,9,"6,000"
탭기계6*1.0 슈퍼툴 ,8,"7,000"
탭기계8*1.25슈퍼툴 ,7,"8,000"
탭핸드용 6mm*1.0*3개1조 ,9,"8,000"
탭핸드용 8mm*1.25*3개1조 ,10,"7,000"
탭핸드용10mm*1.5*3개1조 ,2,"15,000"
탭핸드용12mm*1.75*3개1조 ,8,"18,000"
탭핸드용스파이럴16*2.0슈퍼 ,,"21,000"
탭핸들*대 ,,"27,000"
탭핸들*소 ,,
탭핸들*중 ,1,"17,000"
테고합판3*6*12*선창 ,129,"37,000"
테고합판3*6*12베트남 ,57,"29,000"
테고합판4*8*12*선창 ,107,"58,000"
테고합판4*8*12베트남 ,122,"44,000"
테고합판4*8*15선창 ,13,"86,000"
"테이블쏘각도기10""탁상 지파 ",,"260,000"
테이블쏘날 ,1,"19,000"
테이블톱EKS710T보쉬 ,1,"350,000"
테이프 ,995,"1,000"
"테이프논스립2""*15m 천일 ",65,"13,000"
테이프라인테이프5cm*33m노랑 ,9,"4,000"
테이프라인테이프5cm*33m백색 ,5,"4,000"
테이프라인테이프5cm*33m적색 ,8,"4,000"
테이프라인테이프5cm*33m청색 ,5,"4,000"
테이프마스킹15*40m베이지 ,13,"1,300"
테이프마스킹25*40M베이지 ,192,"2,000"
테이프마스킹50*40M베이지 ,34,"3,000"
테이프마스킹주황15*92개3M ,26,"1,800"
테이프마스킹주황25(48개)주황 ,140,"2,200"
테이프마스킹주황50*28개3M ,64,"4,500"
테이프박스*오피피*30M*50개 ,44,"1,000"
테이프박스오피피대*50개영진 ,250,"1,500"
테이프방조-새쫒은 ,149,"1,500"
테이프보양50*25M파란색 ,16,"4,000"
테이프석면25*30m덕성 ,7,"12,000"
테이프석면50*30m덕성 ,15,"22,000"
테이프양면*판100*50거울용 ,24,"6,000"
테이프양면3M*24mm자동차용 1.5m,45,"4,000"
테이프양면3M*48mm자동차용 1.5m,38,"6,000"
테이프양면스펀지*12개 ,57,"2,500"
테이프양면얇은것25mm(2개) ,710,"2,000"
테이프양면얇은것50mm ,111,"2,000"
테이프양면폼3M*22mm ,239,"1,500"
테이프양면폼3M*44mm ,90,"3,000"
테이프양면폼동일25T*2개 ,90,"2,000"
테이프양면폼동일50T ,49,"2,000"
테이프열반사용동색은색 ,23,"6,000"
테이프은박10m*50개 ,54,"2,500"
테이프청왕특대50*25M*40개 ,184,"3,000"
테이프청특대25mm2/1 ,38,"2,000"
테이프커버링150*30개 ,118,"4,500"
테이프커버링200*20개 ,98,"6,000"
테이프커버링240* ,38,"7,500"
테이프커버링40*60개 ,98,"2,000"
테이프커버링65*50개 ,149,"2,500"
테이프커버링90*50개 ,61,"3,000"
테이프컷터기*삼호 ,50,"2,000"
테이프컷터기KM830A*광명 ,73,"5,000"
테이프투명대*50개영진 ,952,"1,500"
테이프투명소 ,90,"1,000"
테이프흑색 ,-3,"1,300"
테크론벽지단열재1*25미터 ,1,"162,000"
테프론 ,"8,490",350
테프론*대우 ,9,"30,000"
테프론*대한고밀도 ,16,"1,300"
텍스12T마이톤12T*KCC*18장 ,54,"47,000"
텍스9.5석고텍스9.5T*kcc*18장 ,,"27,000"
텍스9.5집텍스*9.5T크나우프18장 ,57,"28,000"
텍스피스양날3*16양날*1000개 ,7,"9,000"
텍스피스양날3*21양날*1000개 ,11,"12,000"
텍스피스외날3*16외날*1000개 ,3,"9,000"
텍스피스외날3*21외날*1000개 ,3,"10,000"
토공지주포스트바42*1500 ,33,"8,000"
토사방지망 ,-1,"30,000"
토시 발토시방수 ,39,"4,400"
토시꽃무늬 ,20,"4,000"
토시면 ,36,"2,000"
토시방수청색 ,74,"3,000"
토시송학고급 ,188,"2,000"
토이락20T핑크색 ,,"4,500"
토이락8T핑크색 ,250,"2,000"
톤백1톤100*100*150*대우 ,,"15,000"
톤백500중고*로프식*래 ,263,"7,000"
톤백500중고*벨트식*래 ,15,"7,000"
톤백물막이용90*90*105*500kg ,360,"6,000"
톤백물막이용90*90*130*750kg ,177,"8,000"
톱999손잡이나무 ,22,"10,000"
톱가방세트3P구주 ,2,"20,000"
톱걸꾸리 ,1,"9,000"
톱교체식조 ,-9,"8,000"
톱꼬리톱*한서 ,11,"7,000"
톱꼬리톱말표 ,20,"14,000"
톱꼬리톱말표교체날210 ,9,"8,000"
톱꼬리톱일제 ,,"15,000"
톱날교체식265 ,13,"5,000"
톱날교체식300 ,55,"5,000"
톱날교체식330화신 ,52,"6,000"
톱날교체식하가리265 ,52,"6,000"
톱날교체식하가리300 ,150,"7,000"
톱날타지마교체식265 ,59,"7,500"
톱날타지마교체식300 ,109,"8,000"
톱날타지마교체식330 ,69,"8,500"
톱만능톱3 ,10,"8,000"
톱목수톱 ,-10,"8,000"
톱쇠톱손잡이 ,15,"1,000"
톱스텐 ,8,"8,000"
톱실톱다용도3단 ,3,"7,000"
톱실톱다용도날 ,10,"4,000"
톱자루교체식대건DG703 ,6,"6,000"
톱자루교체식대건DG706권총형 ,16,"6,000"
톱자루적색짧은것제우스 ,-1,"6,000"
톱즐4삼익 ,19,"7,000"
톱즐5삼익 ,40,"8,000"
톱즐6삼익 ,14,"9,000"
"톱즐반달6""바코 ",9,"9,000"
톱즐반달즐10 ,10,"6,000"
톱즐반달즐12 ,10,"7,000"
"톱즐반원형줄10"" ",6,"5,500"
"톱즐반평줄10"" ",9,"5,000"
"톱즐사각6""바코 ",9,"7,000"
"톱즐삼각6""바코 ",9,"8,000"
톱즐손잡이 ,,"4,000"
"톱즐원형6""바코 ",3,"9,000"
"톱즐평10"" ",9,"5,000"
"톱즐평12"" ",8,"6,000"
톱집200 ,-9,"4,000"
톱집313 ,17,"8,000"
톱커브톱330정의 ,10,"10,000"
통비니루통0.08* 90신재튜브 ,,"50,000"
통비니루통0.08*120신재튜브 ,3,"72,000"
통비니루통0.08*150신재튜브 ,2,"86,000"
통비니루통0.08*180신제튜브 ,2,"108,000"
통비니루통0.1* 90cm신재 ,,"72,000"
통비니루통0.1*120cm신재 ,4,"97,000"
통비니루통0.1*150cm신재 ,2,"108,000"
통비니루통0.1*180cm신재 ,2,"127,000"
통신경고테이프20 ,1,"33,000"
통풍기(바람개비)망달린것 ,22,"8,000"
통풍기(벤취레다)알미늄100*125 ,19,"31,000"
통풍기(벤취레다)알미늄150 ,7,"31,000"
통풍기(벤취레다)알미늄200 ,9,"35,000"
통풍기(벤취레다)알미늄250 ,3,"49,500"
통풍기(벤취레다)알미늄300 ,4,"55,000"
통풍기바람개비 ,,
퇴수가랑 ,495,"2,000"
투광기250메탈안전기 ,6,"18,000"
투광기갓 ,29,"6,000"
투광기등받침대 ,6,"33,000"
투광기본체 ,,"11,000"
투광기안전기250메탈할라드전구 ,,"13,000"
투광기안전기부착16확산롱벤다 ,9,"27,000"
투광기유리 ,3,"3,000"
투광기조(전구별도) ,14,"18,000"
투광기조*소*전구별도 ,6,"13,000"
투망(대) ,1,"50,000"
투망(중) ,1,"45,000"
투명고압150*20M ,,"517,000"
투명고압호수16*20 ,2,"43,000"
투명고압호수19*30 ,3,"62,000"
투명고압호수25*50 ,2,"110,000"
투명고압호수32*50 ,1,"135,000"
투명고압호수38*50 ,1,"190,000"
투명고압호수50*50 ,1,"250,000"
투명고압호수M*19 ,8,"3,000"
투명고압호수M*25 ,50,"3,500"
투명고압호수M*32 ,-3,"5,000"
투명고압호수M*38 ,21,"6,000"
투명고압호수M*50 ,19,"8,000"
투수블럭200각m2당*25장 ,172,"24,000"
트렌치160*1000*양구P ,4,"85,000"
트렌치160*1000*양구스텐 ,6,"135,000"
트렌치육가 70*300하부 ,21,"14,000"
트렌치육가100*500 ,6,"53,000"
트렌치육가110*500*50파이해리 ,5,"30,000"
트렌치육가80*500하부 ,,"30,000"
트렌치육가80*700센타 ,1,"38,000"
티100 K ,21,"6,000"
티100*50 ,43,"4,000"
티100*65 ,7,"4,000"
티100*75 ,103,"4,000"
티125 K ,28,"9,000"
티125*100 ,4,"7,000"
티150 K ,3,"15,000"
티150*100 ,18,"9,000"
티200 ,2,"21,000"
티200*100 ,,"45,000"
티250 ,7,"75,000"
티300 ,5,"77,000"
티300*100 ,,"12,000"
티50k ,13,"1,500"
티65 K ,25,"1,800"
티65*50 ,24,"2,000"
티75 K ,108,"2,500"
티75*50 ,47,"2,500"
티75*65 ,9,"3,000"
티복스150*12 ,8,"4,000"
티복스200* 7*200 ,7,"3,500"
티복스200* 8*200 ,8,"3,500"
티복스200* 9*200 ,15,"4,000"
티복스200*10*200 ,14,"4,000"
티복스200*11*200 ,14,"4,000"
티복스200*12*200 ,18,"5,000"
티복스200*13*200 ,11,"6,000"
티복스200*14*200 ,8,"6,000"
티복스300*12*300 ,,"6,000"
티복스300*13*300 ,,"6,000"
티복스300*14*300 ,,"6,000"
티비 ,,"550,000"
티자쇠3 ,792,100
티자쇠4 ,-46,300
티자쇠5 ,146,400
티자쇠7 ,70,500
틱복스4*200 ,-2,"5,000"
파괴함마손잡이 ,,"24,000"
파라솔2단 ,-4,"40,000"
파라솔2단*꺽임 ,2,"45,000"
파라솔받침수지원형13㎏ ,1,"30,000"
파라솔받침수지원형8㎏ ,1,"25,000"
파란청소기 ,1,"15,000"
파란통운반구110 ,1,"33,000"
파란통운반구75 ,1,"31,000"
파란통청통110L ,-1,"24,000"
파란통청통35L ,10,"14,000"
파란통청통55L ,11,"16,000"
파란통청통75L ,5,"20,000"
파리끈끈이 ,19,"1,000"
파리발칼라나비 ,,"17,000"
파리발투명 ,11,"15,000"
파리채 ,87,"1,000"
파리채*건전식대 ,10,"9,000"
파리채*전자충전식특대 ,11,"10,000"
파워서플라이 ,-2,"75,000"
파워청소기 ,,"30,000"
파워청소기*청주 ,1,"30,000"
파워터치 ,19,"7,000"
파워풀러270 ,1,"32,000"
파워풀러2톤 ,2,"35,000"
파워풀러4톤 ,2,"50,000"
파이솔 ,9,"2,000"
파이솔대 ,7,"2,000"
파이프갓다PC-42공성 ,1,"69,000"
파이프갓다PC-60공성 ,1,"89,000"
파이프렌지08 ,31,"9,000"
파이프렌지10 ,10,"10,000"
파이프렌지12 ,5,"12,000"
파이프렌지14 ,7,"14,000"
파이프렌지18 ,3,"20,000"
파이프렌지알미늄14kdy ,3,"22,000"
파이프렌지알미늄18kdy ,4,"38,000"
파이프렌지알미늄24kdy ,2,"51,000"
파일캡350~400겸 ,,"1,000"
파종기다용도*콩 옥수수 비료 ,6,"27,000"
파트너벨트 ,-6,"15,000"
파트너임대료 ,-70,"70,000"
"파티션보오미750*1850(봉,부속) ",4,"120,000"
파티션봉 ,4,"10,000"
파티션부속*봉포함 ,11,"29,000"
파형강관300*6m ,,"320,000"
파형강관500*6m ,,"370,000"
파형강관600*6M ,,"585,000"
판넬 ,,"15,000"
판넬50*2.7 ,,"27,000"
판넬J찬넬1*01화이트박스 ,,"100,000"
판넬걸이쇠 ,,"1,000"
판넬검정기본후레싱 ,,"4,500"
판넬검정스톤75T카바 ,,"8,000"
판넬검정스톤기본후레싱120*3 ,,"4,500"
판넬검정스톤선홈통 ,,"8,500"
판넬검정스톤엘보IN ,,"2,500"
판넬검정스톤옆마개 ,,"1,500"
판넬검정스톤잡이쇠 ,,800
"판넬날4""MHC검정S자 ",1,"10,000"
"판넬날4""편한손4도 ",8,"9,000"
판넬날4*검정십자 ,,"14,000"
판넬날4*검정이도 ,,"11,000"
판넬날4*빨강이도 ,9,"5,000"
"판넬날7""검정4도십자 ",5,"28,000"
판넬날7*검정이도 ,,"14,000"
판넬날7*빨강이도 ,3,"9,000"
"판넬날원형4""*태성 ",9,"15,000"
"판넬날원형7""*태성 ",4,"30,000"
판넬동색선홈통035*300 ,5,"8,000"
판넬동색엘보 ,-23,"2,500"
판넬동색옆마개 ,,"1,200"
판넬동색잡이쇠 ,,"1,500"
판넬동색카바150T*4M ,,"17,000"
판넬동색카바50T*250 ,-10,"14,000"
판넬문 900*2100 ,-5,"165,000"
판넬문1000*2100 ,-3,"165,000"
판넬문1800*2100양개문 ,-1,"350,000"
판넬바이스 ,8,"38,000"
판넬박공후레싱100*3 ,,"10,800"
판넬부속 ,-40,"13,000"
판넬아웃코너100*100 ,-8,"10,400"
판넬엠바50*3M ,,"13,000"
판넬의자베이스100 ,19,"11,700"
판넬인코너40*40*3m ,3,"3,000"
판넬천정재T4*01화이트*박스 ,,"100,000"
판넬카바100T ,-9,"7,500"
판망 ,-100,"35,000"
판자마감재19*140 ,50,"23,000"
판자마감재19*184 ,28,"33,000"
판자마감재19*235 ,23,"36,000"
판자마감재19*285 ,11,"49,000"
판자마감재19*90 ,111,"16,000"
패닉디바이스AED-3000엔젤 ,,"210,000"
팬턴미니우신WS006-인스파이어 ,9,"12,000"
팬히터 ,2,"55,000"
페이트마카적색 ,74,"1,200"
페이트말검정 ,-1,"90,000"
페인트 ,-34,"40,000"
페인트광명단오렌지색4ℓ알키드 ,,"72,000"
페인트국방색4ℓ ,,"40,000"
페인트니스우레탄바니쉬*1L ,2,"15,000"
페인트니스우레탄바니쉬*4L ,3,"51,500"
페인트도로용노란색(18ℓ) ,,"173,000"
페인트도로용백색(18ℓ) ,,"145,000"
페인트도로용백색4ℓ ,1,"45,000"
페인트도로용황색4ℓ ,-1,"49,000"
페인트도로용흑색4ℓ ,-1,"38,000"
페인트마카모나미 ,-234,"1,400"
페인트마카문화 ,388,"1,400"
페인트물마그마회색18L옥상방수 ,,"154,000"
페인트물마그마회색4L옥상방수 4ℓ,1,"45,000"
페인트방청7200*1ℓ오렌색 ,5,"22,000"
페인트방청속건프라이머적색4L ,3,"30,000"
페인트빈통프라스틱20L ,,
페인트빨래판 ,32,"2,500"
페인트색소*갈색 ,2,"4,000"
페인트색소*녹색 ,5,"4,500"
페인트색소*철황색 ,1,"4,000"
페인트색소*특남색 ,2,"4,000"
페인트색소*특적색 ,5,"5,000"
페인트색소*특황색 ,1,"4,000"
페인트색소*흑색 ,9,"4,000"
페인트수성내부백색18L*프리미엄 ,2,"79,000"
페인트수성내부백색4L*포리마 ,8,"22,000"
페인트수성외부백색18L*프리엄친 ,2,"107,000"
페인트수성외부백색1L*포리마 ,3,"11,000"
페인트수성외부백색4L*포리마 ,2,"30,000"
페인트에나멜1L갈색*1L ,6,"14,000"
페인트에나멜1L나무색*1L ,5,"15,000"
페인트에나멜1L남*1L ,,
페인트에나멜1L녹색*1L ,3,"14,000"
페인트에나멜1L백색*1L ,4,"14,000"
페인트에나멜1L백색*1L무광 ,6,"14,000"
페인트에나멜1L연청색*1ℓ ,5,"16,000"
페인트에나멜1L적색*1L ,5,"17,000"
페인트에나멜1L황색*1L ,3,"19,000"
페인트에나멜1L회색*1L ,6,"14,000"
페인트에나멜1L흑색*1L ,3,"14,000"
페인트에나멜1L흑색*1L무광 ,6,"14,000"
페인트에나멜4L갈색*4L ,2,"42,000"
페인트에나멜4L나무색*4L ,2,"54,000"
페인트에나멜4L남색*4L ,3,"52,000"
페인트에나멜4L녹색*4L ,4,"52,000"
페인트에나멜4L백색*4L ,3,"53,000"
페인트에나멜4L연청색*4ℓ ,5,"46,000"
페인트에나멜4L적색*4L ,4,"46,000"
페인트에나멜4L황색*4L ,5,"65,000"
페인트에나멜4L회색4L ,3,"47,000"
페인트에나멜4L흑색*4L ,3,"44,000"
페인트은분0.9L ,5,"19,000"
페인트은분3.7L ,7,"35,000"
페인트징크프라이마적색1L ,,"14,000"
페인트통사각 ,31,"3,000"
페인트통원형 ,49,"2,500"
페인트통프라스틱20L ,35,"7,500"
편백루바12자중산 ,5,"68,000"
편백히노끼루바13자 ,89,"89,000"
편백히노끼루바8자9.5 ,131,"47,000"
편심100 ,3,"10,000"
편심150 ,10,"13,000"
편심200 ,20,"15,000"
편심250 ,8,"17,000"
편심30 ,110,"4,500"
편심300-400 ,6,"28,000"
편심3전무파괴 ,138,"4,500"
편심50 ,124,"5,000"
편심붓싱150*100오수받이허가용 ,8,"9,000"
편심이경소켓150*100 ,2,"11,000"
평면회전핸들KA-620-1KV ,6,"32,000"
"평와샤10*500개(3/8"") ",-1,"10,000"
평와샤5(3/16)* ,5,"5,000"
평와샤6*1000개 ,"2,009","10,000"
"평와샤8*1000개(16/5"") ","5,871","8,000"
평와샤개당10 ,"3,791",30
"평와샤개당12(1/2"") ","3,388",50
평와샤개당12*1/2 ,"1,968",50
평와샤개당14 ,741,100
"평와샤개당16(5/8"") ",502,110
평와샤개당18 ,"1,052",100
평와샤개당20(4/3) ,811,150
"평와샤개당22(7/8"") ","1,697",200
"평와샤개당24(1"") ","1,519",200
평와샤개당27 ,-506,130
평와샤개당4 ,"5,025",10
평와샤개당5 ,"1,762",10
"평와샤개당6*1/4"" ","-3,691",10
평와샤개당8 ,"-1,005",20
평와샤봉지4*1000개 ,5,"6,000"
평와샤스텐12 ,,100
평와샤스텐16 ,-160,100
평와샤스텐20 ,,160
평와샤스텐8/3 ,"1,500",40
평와샤스텐8/3*10 ,"-1,530",40
평철 100*100사각 ,100,"1,000"
평철 30*48중 ,600,200
평철 44mm*72mm특대 ,158,400
평철 60*150 ,36,"1,000"
평철 60*75왕대 ,378,500
평철 60mm*100mm*100개 ,204,700
평철스텐20*40*대 ,,300
평철스텐30*48중 ,-1,200
평철스텐40*60특대 ,-26,400
평철스텐60*80왕대 ,-13,600
"평컵스텐브러쉬4"" ",40,"5,000"
"평컵철브러쉬4"" ",85,"2,500"
평판철3.2T*500*6M ,-18,"15,000"
평판철6.0T*500*6M ,-2,"18,000"
평함석 ,29,"13,000"
포맥스1T900*1800 ,1,"32,000"
포맥스1T900*600 ,8,"11,000"
포스터1800*900 ,1,
포스터900*600 ,8,
포승줄 ,-7,
포인트사각뿔 ,-10,"4,000"
포인트펀치 ,-5,"5,000"
포장발포지0.5*1000*600M ,,"56,000"
포장발포지0.5*1200*600M ,,"67,000"
포장발포지0.5*1500*600M ,,"84,000"
포장발포지1*1M*300M보양지 ,,"60,000"
포장발포지2*1M*150M보양지 ,9,"60,000"
포장발포지3*1M*100M보양지 ,,"60,000"
포크레인 ,-25,
포터센서 ,-1,"45,000"
폴대2단SP-2200 ,29,"20,000"
폴대4단-5M ,1,"195,000"
폼건M3영진 ,28,"15,000"
폼건z-1004n제스트 ,28,"17,000"
폼건피셔K3 ,8,"38,000"
폼본드B2* ,40,"9,000"
퐁퐁말 ,-6,"10,000"
푸시업바 ,-1,
프라스틱의자 청 적색 ,84,"6,600"
프라이마*아스콘18테라코ℓ ,14,"52,000"
프라이머MC우레탄용4L콘크리트접 ,1,"40,000"
프라이머코레실4L ,14,"40,000"
프로파일문지방 ,,"5,000"
플라스틱 등받이의자 ,,"15,500"
플라이어레니지크닉펙스 ,-1,"103,000"
플라이어절연다목적크닉펙스 ,,"95,000"
플렌지 ,2,"16,000"
피대차녹색소(우레탄바퀴)무소음 ,,
피대차녹색중(우레탄바퀴)무소음 ,2,"71,000"
피대차대(900*600) ,2,"106,000"
피대차소(750*480) ,7,"51,000"
피대차중(850*534) ,2,"73,000"
피렛침50 ,-1,"3,000"
피뢰침100*동봉*접지봉 ,11,"10,000"
피뢰침50*동봉*접지봉 ,10,"7,000"
피막양생제 ,-1,"51,000"
피망양생재 ,-42,"32,000"
피브시100ØKS동서 ,94,"29,000"
피브시100ØKS평화 ,35,"36,000"
피브시125ØKS홍일 ,9,"55,000"
피브시150ØKS홍일 ,12,"75,000"
피브시200ØKS홍일 ,8,"118,000"
피브시250홍일 ,1,"180,000"
피브시300vg2 ,2,"297,000"
피브시35지하수A ,19,"7,500"
피브시50ØKS평화 ,25,"9,800"
피브시65ØKS평화 ,14,"17,600"
피브시75ØKS평화 ,46,"19,500"
피브시수도산업100수도산업 ,,"31,000"
피브시수도산업50수도산업 ,,"10,000"
피브시수도산업75수도산업 ,,"22,500"
피브시십자티100회색 ,4,"8,000"
피브시역류방지소켓도원 ,,"43,000"
피브시이중벽관150*6M ,,"48,000"
피브시이중벽관150고무링 ,,"1,000"
피브시이중벽관150엘 ,,"14,000"
피브시이중벽관300*6M ,,"165,000"
피브시주철카프링100노허브 ,26,"5,000"
피브시주철카프링125노허브 ,7,"7,700"
피브시주철카프링150노허브 ,4,"12,000"
피브시주철카프링200노허브 ,3,"15,000"
피브시주철카프링50노허브 ,28,"3,000"
피브시주철카프링65노허브 ,6,"3,000"
피브시주철카프링75노허브 ,16,"4,000"
피브시캡100 ,-2,"2,500"
피브시캡125 ,5,"22,000"
피브시캡150 ,2,"7,800"
피브시캡200 ,2,"27,000"
피브시캡250 ,2,"32,000"
피브시캡300 ,,"39,000"
피브시파이프캡임시100 ,82,"1,500"
피브시파이프캡임시50 ,25,"1,000"
피브시파이프캡임시75 ,39,"1,300"
피비원스프레이600mm ,16,"3,000"
피비파이캡650㎖ ,,
피비파이캡리필1000㎖ ,5,"8,000"
피삽*눈삽 ,90,"5,000"
피삽날 ,41,"3,000"
피삽날스텐녹색 ,30,"10,000"
피삽날스텐녹색*나무자루 ,15,"12,000"
피삽날스텐녹색*알미늄자루 ,15,"13,000"
피삽노랑색고급스텐 ,21,"9,000"
피삽보라색 ,9,"6,000"
피삽자루 ,21,"3,000"
피셔매거진드릴 ,1,"390,000"
피셔충전드릴14.4 ,1,"120,000"
피스 ,-31,100
피스1 ,"-1,098",
피스4*100 ,1,"8,000"
피스4*12 ,27,"2,500"
피스4*16 ,22,"5,000"
피스4*20 ,27,"5,000"
피스4*25 ,17,"5,000"
피스4*32 ,15,"5,000"
피스4*38 ,33,"5,000"
피스4*50 ,16,"5,000"
피스4*65 ,1,"5,500"
피스4*75 ,16,"6,000"
피스레트10자 ,,"17,000"
피스레트6자 ,,"13,000"
피스레트7자 ,-15,"15,000"
피스레트8자 ,-15,"16,000"
피스백F1종3*12 ,"2,000",8
피스복KD-011*안전복 ,,
피스복투피스페인트복*별대 ,3,"21,000"
피스복투피스페인트복*특대 ,3,"12,000"
피스스틸하우스PW8*20*500개 ,10,"11,000"
피스스틸하우스PW8*25(500개) ,6,"12,000"
피스아답터(석고용) ,24,"4,000"
피스콘테바닦용FH14*50 ,1,"142,500"
피아노선0.5 ,,"58,000"
피아노선0.8*3.5키로 ,1,"58,000"
피아노선1.0 ,,"71,000"
피아노정첩1.0T*30*1000 ,1,"23,000"
피이63*25소켓 ,,"8,000"
피이63*50M ,,"207,500"
피이63T63*25 ,,"12,000"
피이63소켓 ,,"8,000"
피이63조임플러그 ,,"10,500"
피이배수로200 ,35,"9,000"
피이배수로300 ,59,"11,000"
피이배수로400 ,,"15,000"
피이배수로말뚝 ,375,"1,000"
피이수도16*100 ,1,"90,000"
피이수도20*100 ,4,"127,000"
피이수도25*100 ,3,"174,000"
피이수도30*100 ,5,"258,000"
피이수도40*50 ,1,"195,000"
피이수도50*50 ,3,"238,000"
피이수도65*40 ,3,"348,000"
피이수도75*50 ,,"445,000"
피이수도발브16 ,20,"1,500"
피이수도발브20 ,10,"2,000"
피이수도발브25 ,36,"2,500"
피이수도발브30 ,22,"3,000"
피이수도발브40 ,12,"4,000"
피이수도발브50 ,10,"5,000"
피이수도발브65 ,,"9,600"
피이수도발브75 ,,"13,000"
피이수도볼밸브15 ,19,"6,000"
피이수도볼밸브20 ,12,"6,000"
피이수도볼밸브25 ,10,"7,000"
피이수도볼밸브30 ,14,"8,000"
피이수도볼밸브40 ,12,"10,000"
피이수도볼밸브50 ,14,"12,000"
피이수도볼밸브75 ,2,"70,000"
피이수도소켓100 ,2,"30,000"
피이수도소켓100*50 ,1,"20,000"
피이수도소켓100*65 ,1,"22,000"
피이수도소켓100*75 ,4,"25,000"
피이수도소켓15 ,23,"2,000"
피이수도소켓20 ,28,"2,500"
피이수도소켓20*15 ,4,"3,000"
피이수도소켓25 ,18,"3,000"
피이수도소켓25*15 ,17,"3,000"
피이수도소켓25*20 ,10,"3,000"
피이수도소켓30 ,16,"4,000"
피이수도소켓30*15 ,27,"4,000"
피이수도소켓30*20 ,24,"4,000"
피이수도소켓30*25 ,15,"4,000"
피이수도소켓40 ,13,"6,000"
피이수도소켓40*15 ,11,"6,000"
피이수도소켓40*20 ,17,"6,000"
피이수도소켓40*25 ,28,"6,000"
피이수도소켓40*30 ,8,"6,000"
피이수도소켓50 ,10,"7,000"
피이수도소켓50*15 ,5,"7,000"
피이수도소켓50*20 ,26,"7,000"
피이수도소켓50*25 ,21,"7,000"
피이수도소켓50*30 ,10,"7,000"
피이수도소켓50*40 ,9,"7,000"
피이수도소켓65 ,6,"10,000"
피이수도소켓65*50 ,5,"14,000"
피이수도소켓75 ,5,"14,000"
피이수도소켓75*50 ,5,"17,000"
피이수도소켓75*65 ,3,"17,000"
피이수도신주발브16 ,14,"4,000"
피이수도신주발브20 ,15,"5,000"
피이수도신주발브25 ,14,"7,000"
피이수도신주발브30 ,6,"9,000"
피이수도신주발브40 ,16,"15,000"
피이수도신주발브50 ,11,"18,000"
피이수도신주발브75 ,1,"36,000"
피이수도엘15 ,29,"3,000"
피이수도엘20 ,27,"4,000"
피이수도엘25 ,21,"4,000"
피이수도엘30 ,9,"5,000"
피이수도엘40 ,23,"6,000"
피이수도엘50 ,22,"8,500"
피이수도엘65 ,,"12,000"
피이수도엘75 ,4,"16,000"
피이수도이경티20*15 ,17,"4,000"
피이수도이경티25*15 ,10,"4,000"
피이수도이경티25*20 ,5,"4,000"
피이수도이경티30*15 ,33,"6,000"
피이수도이경티30*20 ,9,"6,000"
피이수도이경티30*25 ,32,"6,000"
피이수도이경티40*15 ,21,"8,000"
피이수도이경티40*20 ,35,"8,000"
피이수도이경티40*25 ,2,"8,000"
피이수도이경티40*30 ,4,"8,000"
피이수도이경티50*15 ,14,"9,000"
피이수도이경티50*20 ,17,"9,000"
피이수도이경티50*25 ,8,"9,000"
피이수도이경티50*30 ,14,"9,000"
피이수도이경티50*40 ,6,"9,000"
피이수도이경티65*50 ,3,"14,800"
피이수도이경티75*50 ,1,"21,000"
피이수도조임기핸들 ,27,"8,000"
피이수도조임기핸들*대 ,70,"10,000"
피이수도조임기핸들*소 ,100,"5,000"
피이수도직관100 ,1,"84,000"
피이수도직관15 ,11,"5,000"
피이수도직관150 ,2,"162,000"
피이수도직관20 ,20,"8,000"
피이수도직관25 ,21,"10,000"
피이수도직관30 ,19,"13,000"
피이수도직관40 ,9,"20,000"
피이수도직관50 ,23,"26,000"
피이수도직관65 ,3,"44,000"
피이수도직관75 ,2,"63,000"
피이수도캡15 ,15,"2,000"
피이수도캡20 ,51,"2,500"
피이수도캡25 ,42,"3,000"
피이수도캡30 ,39,"4,000"
피이수도캡40 ,6,"5,000"
피이수도캡50 ,6,"8,800"
피이수도캡65 ,2,"12,000"
피이수도캡75 ,4,"15,000"
피이수도티15 ,25,"3,500"
피이수도티20 ,21,"4,500"
피이수도티25 ,8,"5,000"
피이수도티30 ,17,"6,000"
피이수도티40 ,12,"8,000"
피이수도티50 ,19,"9,000"
피이수도티65 ,3,"16,000"
피이수도티75 ,3,"20,000"
피이엔드캡100 ,,"6,500"
피이이중벽관피이250*6M ,,"105,000"
피트랩100 ,-3,"14,000"
피트랩50 ,17,"3,500"
피트랩65 ,9,"6,000"
피트랩75 ,7,"7,000"
피티아시바가세*600*1829 ,40,"15,000"
피티아시바가세수직틀발판각2개?,,"230,000"
피티아시바수직틀1219*1829 ,40,"50,000"
피티아시바수평틀1050*1829 ,20,"50,000"
피티아시바아우트리거H1300*W640 ,,"58,000"
피티아시바안전발판400*1829 ,25,"49,000"
피티아시바안전발판500*1825 ,,"58,000"
피티아시바안전지지대4개한조 ,,"85,000"
피티아시바핀*50개 ,43,"2,300"
피피렌지9 ,-1,"22,000"
피피시15*20소켓 ,99,500
피피시15*20티 ,72,500
피피시15소켓 ,364,400
피피시15수전소켓 ,67,"1,500"
피피시15수전엘 ,5,"1,500"
피피시15수전티 ,35,"1,500"
피피시15엘 ,-75,500
피피시15티 ,588,800
피피시20소켓 ,425,240
피피시20수전엘 ,30,"1,500"
피피시20엘 ,572,300
피피시20티 ,524,400
피피시관15 ,123,"3,100"
피피시관20 ,29,"5,500"
피피시관25 ,3,"8,700"
피피시씨엠15 ,42,"1,500"
피피시에스에프15 ,100,"1,200"
피피시에스엠15 ,50,"1,200"
피피시에스엠20 ,30,"1,500"
피피시에프20 ,30,"1,500"
피피시캡15 ,86,300
피피시캡20 ,100,300
피피시티티에프15 ,220,"1,000"
피피시티티엠15 ,20,900
피후렌지100mm ,10,"11,000"
피후렌지125mm ,5,"21,000"
피후렌지150mm ,2,"43,000"
피후렌지200 ,-1,"53,000"
피후렌지25mm ,1,"4,000"
피후렌지30mm ,5,"4,000"
피후렌지40mm ,5,"5,000"
피후렌지50mm ,3,"6,500"
피후렌지65mm ,2,"7,000"
피후렌지75mm ,6,"7,000"
피후렌지고무가스켓100 ,10,"3,000"
피후렌지고무가스켓125 ,10,"4,000"
피후렌지고무가스켓150 ,10,"5,000"
피후렌지고무가스켓200고무바킹 ,-1,"7,000"
피후렌지고무가스켓25 ,8,"1,500"
피후렌지고무가스켓30 ,10,"1,500"
피후렌지고무가스켓40 ,9,"1,500"
피후렌지고무가스켓50 ,8,"2,000"
피후렌지고무가스켓65 ,10,"2,000"
피후렌지고무가스켓75 ,10,"2,500"
핀볼트1000*04 ,,"1,600"
핀볼트1200*04 ,,"1,800"
핀볼트600*04 ,40,"1,200"
핀볼트800*04 ,100,"1,200"
필림JS232 ,-41,"26,000"
필림에지53-1 ,3,"8,000"
필림에지아카시아*25미터 ,1,"12,000"
필림에지워시50M ,6,"19,000"
필림에지월낫*50미터 ,6,"18,000"
필림인테리어 ,,"184,800"
필림지902 ,40,"6,000"
필림지S46*25M ,-1,"170,000"
필림지월낫4 ,29,"6,000"
하드너녹색*주양바닥강화제 ,12,"11,000"
하드너녹색유니온바닥강화제 ,,"13,000"
하드너브라운색*주양 ,5,"10,000"
하드너적색 ,,"10,000"
하박기8자홍송 ,77,"8,000"
하박기라왕집성 12자 ,45,"10,000"
하수구100스텐 ,10,"13,000"
하수구50스텐 ,3,"7,000"
하수구65스텐 ,5,"9,000"
하수구75스텐 ,10,"11,000"
하수구청소기10 ,18,"13,000"
하수도고강이중관150*6M신우 ,13,"40,000"
하수도고강이중관200*6M신우 ,14,"56,000"
하수도고강이중관250*6M신우 ,23,"65,000"
하수도고강이중관300*6M신우 ,1,"80,000"
하수도고강이중관400*6M ,,"120,000"
하수도고강이중관500*6M ,5,"170,000"
하수망스텐100*컵형 ,56,"3,000"
하수망스텐125*컵형 ,3,"8,000"
하수망스텐150*컵형 ,,"9,000"
하수망스텐50*컵형 ,30,"2,000"
하수망스텐65*컵형 ,151,"2,000"
하수망스텐75*컵형 ,262,"2,500"
하수망스텐망형100 ,162,"3,000"
하수망스텐망형50 ,43,"2,000"
하수망스텐망형65 ,33,"2,500"
하수망스텐망형75 ,33,"2,500"
하수망아연125 ,-22,"3,000"
하수망철50 ,45,800
하수망철65 ,48,"1,000"
하수망철75 ,47,"1,000"
하수망피이100 ,-5,"1,000"
하수망피이50 ,-702,500
하수망피이65 ,"-2,001",500
하수망피이75 ,"2,460",800
하우스기리*땅구멍40*600 ,1,"75,000"
하우스기리*셋트50*600 ,,
하우스기리아바 ,5,"11,500"
하우스댓고4자 ,12,"21,000"
하우스댓고5자 ,3,"24,000"
하우스밴드끈20mm*500m ,,"36,000"
하우스밴드대*180M ,42,"12,000"
하우스비닐 ,,"170,000"
하우스비닐테이프대140화동기업 ,41,"11,000"
하우스비닐테이프소70화동기업 ,15,"6,000"
하우스의자 ,1,"45,000"
하우스측면개페기 ,6,"29,000"
하우스크립25 ,"1,427",350
하우스크립32 ,320,400
하우스파이프열결핀 ,85,500
하우스패드6M ,292,"7,700"
하우스패드스프링2m*30개입 ,474,600
하우스패트비닐끈9cm*장수패드 ,10,"16,000"
하이단창1200*1200투명 ,4,"120,000"
하이단창1200*450 ,,"80,000"
하이단창칼라1500*1800 ,1,"140,000"
하이단창칼라450*1200 ,1,"80,000"
하이면목삼각21*100개 ,,500
하이면목삼각30*50개 ,398,700
하이면목삼각35*50개극 ,580,900
하이면목삼각42*25개 ,100,"1,200"
하이면목삼각50*25개 ,100,"1,500"
하이수절목20*15*15*50개 ,150,"1,000"
하이수절목30*20*20*25개 ,100,"2,200"
하이수절목40*25*30*15개 ,90,"3,000"
하이수절목50*30*30*15개 ,65,"4,000"
하이수절목70*50*20*15개 ,,"5,500"
하이스톱날 ,351,"2,000"
하이스톱날-신생 ,29,"2,000"
하이스톱날바코*샌드팩스 ,47,"2,000"
하이원탱크원형 ,32,"11,000"
하이이중1200*1500 ,1,"185,000"
하이이중1200*2000 ,1,"280,000"
하이이중1200*2400 ,1,"240,000"
하이이중1500*1500 ,3,"210,000"
하이이중1500*2400 ,1,"300,000"
하이이중450*1200 ,1,"80,000"
하이이중450*1500 ,3,"100,000"
하이이중600*1200 ,4,"120,000"
하이이중900*600 ,1,"100,000"
하이이중칼라1200*1500 ,1,"180,000"
하이이중칼라1500*1500 ,2,"250,000"
하이이중칼라400*600 ,,"70,000"
하이이중칼라600*600 ,4,"80,000"
하이이중칼라900*600 ,1,"90,000"
하이카플러1구 ,9,"1,500"
하이카플러2구 ,24,"9,000"
하이카플러3구 ,53,"12,000"
하이카플러PF-20(1/4) ,93,"1,000"
하이카플러PH20 ,127,"1,000"
하이카플러PH30(9.5) ,103,600
하이카플러PH40(13) ,31,"1,000"
하이카플러PM20(8mm) ,87,"1,000"
하이카플러PM30(10mm) ,45,"1,000"
하이카플러PM40(13mm) ,21,"2,000"
하이카플러PN10(10mm) ,70,"1,000"
하이카플러PN12(13mm) ,23,"2,000"
하이카플러PN8(8mm) ,135,"1,000"
하이카플러SF20 ,3,"2,000"
하이카플러SF30 ,7,"2,000"
하이카플러SF40 ,14,"2,500"
하이카플러SH20 ,46,"2,500"
하이카플러SH30 ,15,"3,000"
하이카플러SH40 ,30,"3,000"
하이카플러SM20 ,50,"2,000"
하이카플러SM30 ,37,"2,500"
하이카플러SM40 ,27,"2,500"
하이카플러SN/PN10 ,92,"2,500"
하이카플러SN/PN12 ,51,"3,000"
하이카플러SN08 ,73,"2,500"
하이카플러SN10(25) ,92,"2,000"
하이카플러SN12(40) ,68,"2,500"
하이카플러SN30 ,3,"2,500"
하이카플러닛또PH20 ,42,"4,000"
하이카플러닛또PH30 ,10,"6,000"
하이카플러닛또PH40 ,10,"6,500"
하이카플러닛또PM20 ,20,"4,000"
하이카플러닛또원터치SF20*4/1 ,11,"15,000"
하이카플러닛또원터치SF30*8/3 ,3,"17,000"
하이카플러닛또원터치SF40*2/1 ,3,"19,000"
하이카플러닛또원터치SH20*8 ,4,"15,000"
하이카플러닛또원터치SH30*9.5 ,8,"17,000"
하이카플러닛또원터치SH40*13 ,6,"17,000"
하이카플러닛또원터치SM20*4/1 ,9,"17,000"
하이카플러닛또원터치SM30/8/3 ,5,"17,000"
하이카플러닛또원터치SM40*2/1 ,6,"18,000"
"하이카플러대형PM800*1"" ",,"9,000"
"하이카플러대형sm400*1"" ",1,"11,000"
"하이카플러대형sm800*1"" ",,"13,600"
하이코리아시트9T*M2 ,,"9,800"
하이콤비65*10개(1개2000원) ,25,"2,000"
하이탱크보일러용 ,2,"4,500"
하이탱크화변기용 ,2,"5,000"
학가빔클램프1톤*슈퍼 ,2,"148,000"
학가빔클램프2톤*슈퍼 ,1,"212,000"
학가빔클램프2톤*슈퍼안전고리 ,,"285,000"
학가빔클램프3톤*슈퍼 ,,"290,000"
한냉사0.9*160M*골프장망 ,,"27,500"
한옥손잡이 ,,"6,000"
한옥정첩 ,-6,"9,000"
한일온풍기 ,-1,"323,000"
할인 ,406,
함마기리320*12.7계양 ,7,"25,000"
함마기리320*14.3계양 ,6,"27,000"
함마기리320*16계양 ,1,"27,000"
함마기리320*17.5계양 ,11,"30,000"
함마기리320*18계양 ,1,"31,000"
함마기리320*19계양 ,7,"31,000"
함마기리320*21.5계양 ,10,"32,000"
함마기리320*22계양 ,15,"34,000"
함마기리320*25계양 ,14,"35,000"
함마기리320*28계양 ,12,"37,000"
함마기리320*30계양 ,6,"36,000"
함마기리320*32계양 ,3,"48,000"
함마기리505*12.7계양 ,4,"28,000"
함마기리505*14.3계양 ,2,"32,000"
함마기리505*17.5계양 ,3,"34,000"
함마기리505*18계양 ,7,"36,000"
함마기리505*19계양 ,5,"42,000"
함마기리505*20중 ,,"21,000"
함마기리505*21.5계양 ,3,"45,000"
함마기리505*22계양 ,2,"46,000"
함마기리505*25계양 ,1,"47,000"
함마기리505*28계양 ,,"49,000"
함마기리505*30계양 ,3,"57,000"
함마기리505*32계양 ,3,"59,000"
함마기리505*38계양 ,1,"60,000"
함마기리십자팁14.3*320계양 ,4,"36,000"
함마기리십자팁17.5*320계양 ,2,"36,000"
함마기리십자팁21.5*320계양 ,5,"42,000"
함마기리십자팁21.5*505계양 ,2,"56,000"
함마기리십자팁25*505계양 ,3,"64,000"
함마기리십자팁28*505계양 ,1,"67,000"
함마기리십자팁30*505계양 ,1,"79,000"
함마기리십자팁32*505계양 ,4,"86,000"
함마드릴수리비 ,-15,"20,000"
함마뿌레카65다가네노미750 ,,
함마육각노미1000게양 ,,"28,000"
함마육각노미1000썬파워 ,,"30,000"
함마육각노미280*50일제빨강색 ,,"45,000"
함마육각노미280게양 ,1,"10,000"
함마육각노미350*75일제빨강색 ,,"45,000"
함마육각노미350게양 ,2,"12,000"
함마육각노미450게양 ,2,"18,000"
함마육각노미65*410MM ,,"30,000"
함마육각노미650노미750MM ,,
함마육각노미750썬파워 ,,"25,000"
함마육각노미썬파워750 ,,"29,000"
함마육각다가네280계양 ,-3,"10,000"
함마육각다가네350계양 ,5,"12,000"
함마육각다가네450계양 ,5,"15,000"
함마육각다가네50*350주걱 ,4,"7,000"
함마육각다가네50*450주걱 ,6,"8,000"
함마육각다가네80*350주걱 ,6,"11,000"
함마육각다가네80*450주걱 ,2,"12,000"
함마자루*물푸레나무4자40개 ,57,"5,000"
함마탁카라피드R-19 ,,"53,000"
함마탁카핀R13*6mm ,5,"1,500"
"함석가위12""(코이코) ",27,"10,000"
"함석가위ALLPRO 10"" ",-2,"15,000"
"함석가위ALLPRO 12"" ",3,"23,000"
함석가위대만z-js250w제스트 ,19,"16,000"
함석가위어윈노란직선항공가위 ,7,"25,000"
함석가위어윈녹색오른쪽항공가위 ,10,"25,000"
함석가위어윈빨간왼쪽항공가위 ,6,"25,000"
함석갈바0.45*4V250 2M ,113,"22,000"
함석갈바0.45*4V250 3M ,68,"33,000"
함석갈바0.45*4V250 4M ,57,"44,000"
함석갈바0.45V250*1M당 ,320,"11,000"
함석갈바0.45V250폼*1M당 ,119,"15,000"
함석기와신형폭70*미터당 ,,"8,800"
함석못 ,352,"3,000"
함석못소 ,-1,"3,000"
함석용마루3m*축사 ,3,"17,000"
함석용마루구연복자*청색 ,4,"10,000"
함석용마루머리 ,1,"12,000"
함석용마루밋시3 ,9,"9,000"
함석용마루봉 ,2,"10,000"
함석이지아이0.45*2.0M ,,"11,000"
함석청색브이250*7자 ,,"18,900"
함석평코일4자아이보리미터당 ,36,"9,000"
함석폴리맞춤1.2T*2300브라움 ,8,"36,000"
함석폴리카보네이트1.0T*1M당 ,,"15,000"
함석폴리카보네이트1.0T*2M녹 ,21,"29,400"
함석폴리카보네이트1.0T*2M투 ,52,"28,800"
함석폴리카보네이트1.0T*3M녹 ,13,"43,200"
함석폴리카보네이트1.0T*3M투 ,31,"43,200"
함석폴리카보네이트1.0T*4M녹 ,11,"59,000"
함석폴리카보네이트1.0T*4M투 ,13,"59,000"
함석폴리카보네이트1.2T*1M당 ,,"23,400"
함석폴리카보네이트1.5T*1M ,,"29,900"
함석폴리카보네이트2.0T*1M ,,"30,000"
함석폴리카보네이트2.0T*5M ,,
함석폴리카보네이트맞춤 ,,
합성목재20*132*2400 ,,"19,000"
합성목재20*140*3000 ,44,"23,000"
합성목재25*150*2400 ,,"28,500"
합성목재25*150*3000 ,,"35,500"
합성목재기둥100*10*2400 ,1,"39,000"
합성목재기둥100*100*1200 ,1,"20,000"
합성목재기억자몰딩40*40*2400 ,1,"5,000"
합성목재난간88*44*1300 ,1,"9,000"
합성목재난간88*44*2400 ,1,"18,000"
합성목재철물고정브라켓 ,1,"7,000"
합성목재철물상부캡 ,1,"8,000"
합성목재철물스터디클립20.25T*1 ,1,"16,000"
합성목재철물유동브라켓 ,1,"8,000"
합성목재철물이음크립20.25T ,1,"21,000"
합성목재철물하부캡 ,1,"8,000"
합성목재클립 ,50,500
합성목재평몰딩96*2400*10T ,1,"8,000"
합판1220*2440*15T ,-920,"25,000"
합판3*6*0.15 ,123,"11,000"
합판3*6*0.2 ,90,"13,000"
합판3*6*0.3선창 ,,
"합판3*6*0.3인도,말레*준방수 ",121,"21,000"
합판3*6*0.4남양재MLH ,466,"19,800"
합판3*6*0.4미산인도 ,46,"25,000"
합판3*6*0.4선창(12)방수 ,310,"29,000"
합판4*8*0.15(2.7) ,318,"15,000"
합판4*8*0.2(4.6) ,420,"16,000"
합판4*8*0.3(8.5)남양 ,135,"24,000"
합판4*8*0.3*(8.5)선창 ,4,"33,000"
합판4*8*0.4(12)베트남MLH ,265,"34,000"
합판4*8*0.4(12)선창방수 ,113,"41,000"
합판4*8*0.4(7P)말레방수** ,37,"39,600"
합판4*8*0.5(15)남양재 ,50,"48,000"
합판4*8*0.5(15)선창방수 ,11,"68,000"
합판4*8*0.6(18)남양재 ,41,"58,000"
합판4*8*0.6(18)선창방수 ,25,"75,000"
합판가공 ,38,"18,000"
합판낙송엠보4*8*4.8유절 ,136,"25,000"
합판낙송엠보4*8*7.5유절 ,11,"36,000"
합판미송4*8*2.0 ,206,"23,500"
합판미송4*8*3.0 ,37,"36,000"
합판미송4*8*4.0 ,135,"45,000"
합판오징어4*8*4미리 ,12,"23,000"
합판집성3*8*18*멀바우 ,57,"120,000"
합판집성3*8*18*미송 ,20,"75,000"
합판쫄대5 ,925,"1,000"
핫팩 소 ,,
핫팩 중100g ,70,800
핫팩대*150g ,25,"1,000"
핫팩발패드 ,,850
해바라기샤워GL-S3000 ,4,"140,000"
해바라기샤워대림5010 ,,"220,000"
해바라기샤워선반 ,2,"140,000"
해빙기노즐 ,14,"5,000"
해빙기스팀스텐*DS ,,"330,000"
해빙기호수6*4 1M당 ,100,"2,500"
해빙기호수8*6 ,40,"60,000"
핸드빠레트쟈키2.5t(한도) ,2,"462,000"
핸드작키2톤 ,,"42,000"
핸드작키4톤 ,,"60,000"
핸드카2단*통바퀴 ,3,"76,000"
핸드카2단에어바퀴 ,,"62,000"
핸드카바퀴 ,4,"10,000"
핸드카접이식알미늄120 ,2,"56,000"
핸드카접이식알미늄80 ,1,"38,000"
핸드카통바퀴파랑색 ,29,"14,000"
핸드카특대 ,1,"95,000"
핸디코트(소)퍼티PD-600내부 4 KG,27,"8,000"
핸디코트(소)퍼티PD-700외부 4 KG,16,"10,000"
핸디코트620내부퍼티PD말통* ,1,"22,000"
핸디코트700외부퍼티말통*아크릴 ,2,"34,500"
행가 16 ,87,800
행가 20 ,90,900
행가 25 ,73,"1,000"
행가 30 ,75,"1,000"
행가 40 ,15,"1,200"
행가 50 ,72,"1,500"
행가 65 ,31,"1,700"
행가 75 ,86,"2,200"
행가100 ,103,"2,500"
행가1200*1400H*400W ,,"30,000"
행가125 ,58,"3,500"
행가150*12미리 ,20,"6,500"
행가200*12미리 ,2,"9,000"
행가250*10미리 ,15,"16,000"
행가가이드T ,11,"1,000"
행가레일28*31*2m ,5,"15,000"
행가레일3m ,-4,"20,000"
행가레일중2*110트랙 ,6,"13,500"
행가레일중3 ,5,"20,000"
행가로라C형관로라50 ,33,"6,000"
행가로라C형관로라65 ,2,"12,000"
행가로라C형관로라90 ,6,"18,000"
행가볼트1000*3부 ,145,"1,000"
행가볼트3부너트 ,250,100
행가스토퍼중 ,11,"3,500"
행가호차일체국산 ,13,"12,000"
향목루바*2400(8자) ,,"30,000"
향목루바*3600(12자) ,9,"48,000"
허스크바기름통부속 ,-1,"59,000"
허스크바벽면컷팅기K1270 ,-10,"2,130,000"
허스크바전용오일1리터 ,,"18,000"
허스크바전용장갑 ,,"45,000"
헤드랜턴21LED우신건전지용 ,5,"9,000"
헤드랜턴충전HP50C제스트 ,2,"32,000"
헤드랜턴충전LL-6653B ,1,"20,000"
헤드랜턴충전SH-G026-3WS ,3,"15,000"
헤드랜턴충전SH-GO17 ,9,"12,000"
헤드랜턴충전Z-MS2제스트 ,6,"11,000"
헤라 ,83,"1,500"
헤라고무120 ,25,"2,000"
헤라고무200 ,12,"3,000"
헤라도배용(철) ,6,"4,000"
"헤라목손잡이5"" ",,"3,000"
"헤라목손잡이6"" ",,"3,000"
헤라솔 ,,"3,500"
헤라솔칼부착 ,3,"4,000"
헤라스크립바*알미늄2단 ,,"23,000"
헤라스크립바*알미늄대1200 ,5,"21,000"
"헤라스텐*2""*20개 ",46,"2,000"
"헤라스텐*3""*20개 ",30,"3,000"
"헤라스텐*4""*20개 ",48,"4,000"
"헤라스텐*5""*20개 ",61,"4,000"
"헤라스텐*6""*15개 ",64,"5,000"
"헤라스텐*8""*200 ",,"6,000"
헤라스텐300*인화 ,,"8,000"
헤라스텐350*인화 ,5,"10,000"
헤라스텐450*인화 ,10,"12,000"
헤라스텐600*인화 ,10,"14,000"
헤라스텐900*4CR13 ,1,"16,000"
헤라썬팅*삼각형 ,18,"1,000"
헤라장대스텐1단 ,12,"15,000"
헤라장대스텐2단 ,1,"21,000"
헤라칼 ,87,"2,000"
헤라프라스틱 ,90,"1,000"
헤라프라스틱톱니 ,63,"1,200"
헤라피삼각 ,176,"1,000"
헷다발브레바15 ,8,"5,000"
헷다밸브15나비 ,6,"5,000"
헷다밸브15레바무퇴수 ,121,"5,000"
헷다밸브나비12무퇴수 ,22,"5,000"
헷다밸브레바12퇴수 ,37,"5,000"
현관바람막이커튼 ,5,"13,000"
현관보조키스타 ,4,"14,000"
현관안전고리k-303 ,3,"7,000"
현관안전고리막대형*대흥 ,16,"6,000"
현관안전고리체인 ,29,"7,000"
현관키원키메카A210협신 ,2,"48,000"
현관키투키메카A220협신 ,3,"66,000"
현무암경게석100*100*1000 ,122,"16,500"
현무암경게석150*150*1000*30개 ,60,"30,000"
현무암굴림50T*1빠렛트 ,1,"388,000"
현무암굴림50T*개당 ,45,"13,000"
현무암맷돌500@(원형) ,231,"25,000"
현무암맷돌500빗살원형 ,171,"27,000"
현무암메주석150*150*120*90개 ,8,"418,000"
현무암메주석개당 ,50,"6,000"
현무암부정형30T*1빠렛트 ,6,"396,000"
현무암부정형50T*1빠렛트 ,15,"365,000"
현무암판석1000*500*50T벤취용 ,2,"70,000"
현무암판석1000*500*80T이맛돌인 ,15,"70,000"
현무암판석300*600*50T개당구둘 ,419,"20,000"
현무암판석500*500*30T*100개 ,68,"16,000"
현무암판석500*500*50T개당구들 ,58,"20,000"
현무암판석600*600*30T개당 ,57,"22,000"
현무암판석헤배300*600*50T헤배 ,,"54,000"
현무암판석헤배500*500*50T*m2 ,,"59,000"
현무암판석헤배600*600*30T*M2 ,,"48,000"
현무암헤배당굴림50T*M2 ,,"30,000"
혈당케어셋트 ,-1,"82,000"
혈압계 ,-2,
혈압계HCR-1901 T2오므론 ,,"540,000"
혈압계자동프린터셋트 ,-2,"1,450,000"
형광등20 ,-24,"1,500"
형광등32v오스람 ,-51,"2,500"
형광등EX20D ,6,"1,500"
형광등EX32D ,25,"2,500"
형광등EX40D ,-25,"3,000"
형광등EXD-32*장수 ,85,"2,000"
형광등FL10D ,14,"1,500"
형광등FL20D남영 ,74,"1,500"
형광등FL20D번개 ,41,"1,500"
형광등FL40D-1500 ,40,"2,000"
형광등FPL-13EX-D*2핀 ,-33,"1,600"
형광등FPL-26EX-D*4핀 ,,"4,000"
형광등FPL-36EX-D장수 ,-35,"2,000"
형광등FPL-36EXD남영 ,56,"2,000"
형광등FPL-36EXD비츠온 ,186,"1,500"
형광등FPL-55EXD ,-3,"6,000"
형광등FPL-55EXD비츠온 ,40,"2,000"
형광등FPL-55EXD장수 ,41,"2,500"
형광등LED30W 일자등 비츠온 ,75,"7,000"
형광등LED30W 일자등 코콤 ,19,"13,000"
형광등LED55W 십자등 코콤 ,9,"23,000"
형광등LED60W 십자등 비츠온 ,10,"14,000"
형광등기구36WFPL*2구남영 ,61,"8,000"
형광등기구36WFPL2구스위치용 ,-1,"9,000"
형광등기구55WFPL2등용*남영 ,30,"11,000"
형광등삼파장2구세트 ,17,"12,000"
형광등삼파장4구세트 ,-4,"18,000"
형광등안전기32W*2등용 ,11,"7,000"
형광등안전기36W*2등용 ,10,"7,000"
형광등안전기40*2등용 ,14,"6,000"
형광등안전기55W*2등용 ,20,"7,000"
형광등천정매입등LED50W ,,"98,000"
호로라기스텐 ,9,"4,000"
호미 ,223,"2,000"
호미국산 ,238,"4,000"
호미나무긁는용도 ,35,"3,000"
호미마늘창 ,20,"3,500"
호미삼각형*양기 ,-30,"2,000"
호미소 ,224,"2,000"
호미인삼외발 ,10,"5,000"
호미잔디*빠루 ,81,"2,000"
호미제초호미양날네기고물개 ,5,"18,000"
호미톱니 ,35,"3,500"
호미특 ,,"2,000"
호수M당 ,-347,"1,000"
호수냉방에어컨16*20M ,6,"30,000"
호수냉방에어컨19*20m ,9,"33,000"
호수냉방에어컨호수1M ,10,"2,000"
호수노랭이15*50M ,1,"39,000"
호수니불40*38(양수기) ,74,"6,500"
호수니불40엘*양수기 ,7,"6,500"
호수니불50*38(양수기) ,32,"6,500"
호수니불50엘*양수기 ,5,"6,500"
호수릴통13m/m용 ,,"52,000"
호수연결13~19mm ,7,"3,500"
호수연결15*일자 ,193,200
호수연결구Y 원터치12-20 ,10,"5,500"
호수연결구Y자밸브달림16 ,2,"3,500"
호수연결구Y자밸브달림20 ,21,"4,000"
호수연결구원터치형하늘색 ,141,"2,500"
호수연결대15*중간밸브 ,-6,"1,000"
호수연결대15m/m ,86,600
호수연결대19m/m ,187,"1,500"
호수연결대25 ,,"2,000"
호수연결대컨넥타(알파) ,-13,"4,500"
호수연결총*인화 ,29,"2,000"
호수연결티 ,110,500
호수카프링15 ,-1,"3,000"
호수행거걸이대스텐 ,7,"35,000"
호수행거걸이소스텐 ,2,"32,000"
호차베아링턱30 ,,"1,500"
호차베아링턱36 ,1,"2,000"
호차신주오메가신주30 ,92,"3,500"
호차신주오메가신주36 ,18,"4,700"
호차신주평신주30 ,31,"3,000"
홀더샤프독일제*스타빌라 ,17,"10,000"
홀더샤프문화 ,49,"5,000"
홀더샤프심 ,24,"1,000"
홀더샤프심문화국산 ,98,"4,000"
홀소바이메102*세양 ,3,"36,000"
홀소바이메105*세양 ,3,"36,000"
홀소바이메114*세양 ,3,"53,000"
홀소바이메121*세양 ,4,"63,000"
홀소바이메127*세양 ,3,"58,000"
홀소바이메140세양 ,3,"72,000"
홀소바이메152*모로스 ,2,"79,000"
홀소바이메152Φ세양 ,3,"99,000"
홀소바이메16*세양 ,1,"9,000"
홀소바이메17*세양 ,3,"10,000"
홀소바이메19*세양 ,,"10,000"
홀소바이메22*세양 ,8,"10,000"
홀소바이메23*모로스 ,2,"10,000"
홀소바이메24*세양 ,5,"10,000"
홀소바이메25*세양 ,7,"12,000"
홀소바이메27*모로스 ,1,"12,000"
홀소바이메27*세양 ,2,"12,000"
홀소바이메29*세양 ,3,"13,000"
홀소바이메30세양 ,6,"13,000"
홀소바이메32세양 ,8,"14,000"
홀소바이메33세양 ,5,"16,000"
홀소바이메35세양 ,6,"13,000"
홀소바이메38세양 ,7,"13,000"
홀소바이메41세양 ,3,"14,500"
홀소바이메44세양 ,1,"15,000"
홀소바이메48세양 ,4,"15,000"
홀소바이메51*모로스 ,1,"15,000"
홀소바이메51세양 ,6,"15,000"
홀소바이메52세양 ,5,"20,000"
홀소바이메54*세양 ,4,"21,000"
홀소바이메57세양 ,2,"22,000"
홀소바이메60세양 ,5,"24,000"
홀소바이메64*세양 ,2,"24,000"
홀소바이메67세양 ,6,"24,000"
홀소바이메70세양 ,3,"25,000"
홀소바이메73*모로스 ,1,"25,000"
홀소바이메73세양 ,1,"26,000"
홀소바이메76*모로스 ,3,"26,000"
홀소바이메76세양 ,2,"28,000"
홀소바이메79세양 ,3,"28,000"
홀소바이메83*모로스 ,2,"28,000"
홀소바이메83세양 ,6,"28,000"
홀소바이메89*세양 ,2,"29,000"
홀소바이메98 ,2,"30,000"
홀소바이메탈*2/1아바4발M45P ,4,"10,000"
홀소바이메탈*2/1아바세양 ,20,"4,500"
홀소바이메탈*2/1아바임팩용 ,8,"6,000"
홀소바이메탈*8/3아바 ,1,
홀소아바A232-152*4발 ,12,
홀소아바A414-30 ,7,
홀소아바SDS ,1,"24,000"
홀소아바SDS롱 ,23,"9,000"
홀소아바대*8/5 ,10,"6,000"
홀소아바소*2/1 ,47,"4,000"
홀소아바육각대 ,9,"12,000"
홀소아바충전용2/1 ,1,"5,000"
홀소아바충전용8/5 ,,"5,000"
홀소연결대롱 ,3,"8,000"
홀스100동해 ,1,"72,000"
홀스105 ,,"48,000"
홀스110 ,,"52,000"
홀스115 ,,"48,000"
홀스120 ,,"65,000"
홀스125 ,1,"89,000"
홀스12세양 ,4,"4,000"
홀스13세양 ,5,"4,000"
홀스14세양 ,5,"5,000"
홀스15세양 ,5,"5,000"
홀스16세양 ,4,"5,000"
홀스17세양 ,4,"5,000"
홀스18세양 ,4,"6,000"
홀스19 ,3,"5,500"
홀스20세양 ,5,"6,000"
홀스21세양 ,5,"6,000"
홀스22세양 ,7,"7,000"
홀스23*동해 ,5,"7,000"
홀스23세양 ,5,"5,000"
홀스24세양 ,4,"6,000"
홀스25세양 ,4,"8,000"
홀스26세양 ,4,"8,000"
홀스27세양 ,3,"8,000"
홀스28세양 ,2,"8,000"
홀스29세양 ,6,"8,000"
홀스30세양 ,3,"9,000"
홀스31동해 ,5,"9,000"
홀스32세양 ,3,"9,000"
홀스33세양 ,5,"9,000"
홀스34*동해 ,3,"11,000"
홀스35세양 ,3,"10,000"
홀스36세양 ,4,"10,000"
홀스37 ,5,"13,000"
홀스38세양 ,3,"12,000"
홀스39세양 ,3,"10,000"
홀스40세양 ,3,"12,000"
홀스41세양 ,3,"14,000"
홀스42세양 ,5,"12,000"
홀스43 ,5,"13,000"
홀스44 ,-1,"13,000"
홀스45 ,6,"16,000"
홀스46 ,3,"13,000"
홀스48 ,2,"15,000"
홀스50세양 ,1,"13,000"
홀스51동해 ,2,"16,000"
홀스52동해 ,4,"15,000"
홀스54세양 ,2,"15,000"
홀스55세양 ,3,"17,000"
홀스57세양 ,2,"17,000"
홀스60세양 ,2,"22,000"
홀스65세양 ,2,"24,000"
홀스70 ,,"30,000"
홀스75 ,4,"30,000"
홀스76 ,,"15,000"
홀스80 ,2,"36,000"
홀스85 ,1,"30,000"
홀스89 ,,"14,000"
홀스90 ,1,"38,000"
홀스95 ,2,"48,000"
홈대 ,36,"48,000"
홈박스무선강철진기톱밧데리단품 ,-2,"54,000"
홈키파500ml ,61,
홍송몰딩 ,,"15,000"
홍송문짝 ,14,"180,000"
홍송왁구 ,-33,"165,000"
홍송왁구3*7*5 ,20,"80,000"
홍송왁구800*2000*5 ,2,"80,000"
홍송왁구미서기 ,-8,"195,000"
홍송완자 ,,"250,000"
홍송완자940*2040 ,,"250,000"
홍송원목문선몰딩 ,196,"10,000"
화강석계단1000*400*150T ,10,"68,000"
화강석디딤판석부정형500*400개?,43,"24,000"
화강석디딤판석부정형M2 ,39,"64,000"
화강석판석300*600*60T장당 ,61,"22,000"
화덕3 ,13,"9,000"
화덕3구3탄난로용크로바 ,1,"24,000"
화덕가마솥용(58cm) ,2,"38,000"
화덕나팔 ,5,"21,000"
화독 ,35,"5,000"
화물비 ,176,"2,000"
화변기952부속셋트 ,,"110,000"
화변기CC-12H대림 ,3,"85,000"
화변기고무바킹 ,34,"2,000"
화변기물탱크 ,2,"5,000"
화약 ,,"10,000"
화약*원형노량람셋25 ,5,"14,000"
화약못37 ,9,"15,000"
화약못42 ,7,"20,000"
화약못45 ,10,"11,000"
화약못47 ,9,"21,000"
화약못52 ,,"24,000"
화약못62 ,6,"22,000"
화약못72 ,9,"22,000"
화약못NK27*500개 ,1,"16,000"
화약못NK32*500개 ,3,"20,000"
화약코펙 ,20,"8,000"
화약피스 ,20,100
화이트보드500*700 ,,"16,000"
화이트보드600*900 ,4,"30,000"
화이트보드900*1200 ,2,"50,000"
화이트보드마카 ,82,"1,000"
화이트보드맞춤 ,2,
화이트보드월중행사900*1200 ,,"55,000"
화이트보드월중행사900*600 ,,"33,000"
화이트보드지우개 ,10,"1,000"
화장실전기판넬 ,-1,"77,000"
화장실푸세식세정제말 ,-1,"95,000"
환경관리 ,,
환기창150*150백 ,286,"1,500"
환기창160*230 ,132,"2,000"
환기창200*200백색 ,262,"2,500"
환기창200*400백색 ,10,"7,000"
환기창300*300백색 ,57,"4,000"
환기창350*350백색 ,38,"6,000"
환기창갤러리200*200P ,39,"6,000"
환기창불럭200*400P ,-1,"8,000"
환기창스텐150*15 ,10,"8,000"
"환기창팔각갤러리22"" ",3,"27,000"
환자용변기*한남 ,4,"90,000"
환자용양변기*도기*관통형 ,2,"110,000"
환풍기 ,-11,"35,000"
환풍기c2-100LF플렉스힘펠 ,-2,"48,000"
"환풍기개별샷다12""*K30*30 ",1,"35,000"
"환풍기개별샷다14""*K35*35 ",4,"37,000"
"환풍기개별샷다16""*K40*40 ",4,"45,000"
"환풍기개별샷다18""*K45*45 ",2,"52,000"
"환풍기개별샷다20""*K61 ",2,"89,000"
환풍기닥트16DRZ천장용 ,4,"40,000"
환풍기도리200개페식DRA ,13,"29,000"
환풍기도리250개페식DRA ,-1,"34,000"
환풍기도리300개페식DRA ,-21,"43,000"
환풍기도리개방형20DRC천정용 ,3,"25,000"
환풍기도리개방형25DRC천전용 ,,"31,000"
환풍기도리샷다자동200RWS ,3,"30,000"
환풍기도리샷다자동250RWS ,12,"34,000"
환풍기도리샷다자동300RWS ,5,"43,000"
환풍기배풍기포터블팬30(팬직) ,1,"198,000"
환풍기시로코HSP-F19S단상200 ,,"117,000"
환풍기시로코팬단상200 ,,"150,000"
환풍기시로코펜F28단상업소용 ,,"275,000"
환풍기신일수동샷다20KM ,-2,"30,000"
환풍기신일수동샷다25KM ,-1,"36,000"
환풍기신일수동샷다30KM ,,"43,000"
환풍기신일욕실100KB ,24,"12,000"
환풍기신일욕실150KB ,11,"15,000"
환풍기신일조리개샷다20KA ,5,"29,000"
환풍기신일조리개샷다25KA ,12,"36,000"
환풍기신일조리개샷다30KA ,4,"43,000"
환풍기욕실100(신일) ,,
환풍기욕실100*DRB*도리 ,22,"11,000"
환풍기욕실150*DRB동우 ,8,"17,000"
환풍기욕실DWV11DRB닥트용 ,3,"17,000"
환풍기욕실SP200C현대물산닥트형 ,2,"31,000"
환풍기욕실한일EK-146ST ,,"25,000"
환풍기욕실힘펠JV201C그릴형코아 ,8,"51,000"
환풍기욕실힘펠제로코HV3-80X닥?,11,"84,000"
환풍기유압동우DWV-25DRFE ,1,"59,000"
환풍기유압동우DWV-30DRBF ,2,"63,000"
환풍기유압동우DWV-35DRBF ,1,"75,000"
환풍기유압동우DWV-40DRBF ,1,"110,000"
환풍기유압벨마우스팬DWV-50BP ,1,"230,000"
황색인삼천 ,,
황토몰탈1톤 ,,
황토몰탈25K*황토세상 ,,
황토몰탈믹싱탈SB200삼보25K ,74,"16,000"
황토몰탈세라믹*황토세상 ,,"15,000"
황토몰탈유니온조적용 ,,
황토벽돌150*300 ,,
황토벽돌200*300H150 ,,
효성타일날4*1.2T터보날*노랑 ,6,"10,000"
후드캡동색100동색 ,59,"6,000"
후드캡동색50동색 ,160,"4,000"
후드캡동색75동색 ,63,"5,000"
후드캡루바100 ,,"5,000"
후드캡스텐 50스텐 ,93,"3,000"
후드캡스텐 75스텐 ,87,"5,000"
후드캡스텐100검정 ,10,"6,500"
후드캡스텐100스텐 ,35,"6,000"
후드캡스텐125스텐 ,19,"12,000"
후드캡스텐150스텐 ,11,"14,000"
후드캡스텐200스텐 ,3,"29,000"
후드캡스텐250스텐 ,4,"43,000"
후드캡스텐300스텐 ,1,"66,000"
후라시도*마춤문짝ABS ,,"110,000"
후라시도*마춤왁구900*2100*ABS ,,"80,000"
후라시도ABS800*1800 ,,"165,000"
후라시도ABS800*2000 ,,"180,000"
후라시도ABS900*1800 ,,"180,000"
후라시도ABS900*2000 ,,"180,000"
후라시도ABS900*2100 ,1,"180,000"
후라시도래핑800*2000 ,5,"130,000"
후라시도원목문짝840*2040 ,20,"200,000"
후렉시볼(코브라)비트셋트 ,4,"8,000"
후렉시블GW방수회색16*50M ,,"41,000"
후렌지100 ,-3,"10,000"
후렌지고FF10K*100A ,3,"12,000"
후렌지바킹100 ,-17,900
후렌지볼트너트16 ,-33,900
후렌지볼트너트16*65L ,16,600
후지목*라왕목재 ,396,"4,000"
후크1 ,-14,
후크1.2/1 ,6,
후크2 ,-24,
후크2/1 ,34,
후크3 ,-3,
후크3/8 ,,
후크3/8이태리 ,,
후크4/3 ,20,
후크5톤 ,1,
후크대*200개*아시바 ,6,"43,000"
후크소*250개*아시바 ,3,"47,000"
후크스링1/2 ,6,"16,000"
후크스링1/4 ,5,"5,000"
후크스링3/8 ,13,"8,000"
후크스링5/16 ,13,"7,000"
후크스링5/8*c/s ,,"30,000"
"후크실링바2""*2m ",8,"29,000"
"후크실링바2""*3m ",4,"32,000"
후크안전아이후크3톤*180 ,3,"25,000"
후크안전크레비스2톤*8미리 ,,"23,000"
후크안전크레비스3톤*10미리 ,3,"37,000"
휀스기둥*백색기초3자900 ,20,"14,000"
휀스기둥*백색기초4자1200 ,27,"14,000"
휀스기둥*백색기초5자1500 ,6,"16,000"
휀스기둥*백색앙카3자*900 ,22,"14,000"
휀스기둥*백색앙카4자*1200 ,25,"16,000"
휀스기둥*백색앙카5자*1500 ,29,"18,000"
휀스기둥기초3자 ,29,"12,000"
휀스기둥기초4자 ,34,"14,000"
휀스기둥기초5자 ,33,"16,000"
휀스기둥기초6자 ,19,"18,000"
휀스기둥기초7자*2M ,20,"19,500"
휀스기둥앙카3자 ,21,"14,000"
휀스기둥앙카4자 ,29,"16,000"
휀스기둥앙카5자 ,25,"18,000"
휀스기둥앙카6자 ,36,"20,000"
휀스기둥앙카7자 ,29,"22,000"
휀스기초석80㎖ ,97,"10,000"
휀스너트 ,830,50
휀스대문1.2*5 ,-1,"720,000"
휀스대문1.5*2 ,,"360,000"
휀스대문1.5*3 ,,"540,000"
휀스대문1.5*4 ,,"600,000"
휀스대문기둥기초0.9 ,1,"45,000"
휀스대문기둥기초1.2m ,1,"45,000"
휀스대문기둥기초1.5 ,,"65,000"
휀스대문기둥앙카0.9 ,1,"45,000"
휀스대문기둥앙카1.5 ,1,"65,000"
휀스대문기둥앙카1.8 ,1,"75,000"
휀스대문기둥정첩대1개 ,2,"30,000"
휀스대문기둥정첩소1개 ,22,"20,000"
휀스대문기초1*0.91 ,1,"130,000"
휀스대문기초1*1.2 ,,"145,000"
휀스대문기초1*1.5 ,1,"190,000"
휀스대문기초1*1.8 ,1,"250,000"
휀스대문마춤 ,,"740,000"
휀스대문시공비 ,,"220,000"
휀스대문앙카1*0.9 ,3,"120,000"
휀스대문앙카1*1.2 ,4,"150,000"
휀스대문앙카1*1.5 ,,"180,000"
휀스대문앙카1*1.8 ,1,"220,000"
휀스대문앙카1*2.0 ,,"240,000"
휀스대문회전고리 ,14,"14,000"
휀스망녹색3자 ,25,"22,000"
휀스망녹색4자 ,66,"24,000"
휀스망녹색5자 ,45,"29,000"
휀스망녹색6자 ,22,"33,000"
휀스망녹색7자 ,13,"39,000"
휀스망백색3자 ,15,"22,000"
휀스망백색4자 ,22,"24,000"
휀스망백색5자 ,31,"29,000"
휀스보조지지대*1.5M밴드형 ,,"30,000"
휀스볼트16*5*이지 ,"1,780",400
휀스볼트너트8*110스텐 ,"1,818",400
휀스볼트너트셋트16/5*이지 ,986,400
휀스빗장고리개당 ,,"2,000"
휀스시공비M당기초 ,,"12,000"
휀스시공비M당앙카 ,,"10,000"
휀스앙카볼트스텐 ,-81,500
휀스에스고리1000 ,,"6,000"
휀스코팅망5자*10*6.5*10M ,4,"75,000"
휀스코팅망6자*10*6.5*10M ,5,"83,000"
휀스크립 ,"1,010",100
휀스크립볼트셋트 ,458,600
휠라스페이스10*1200*20개 ,80,"1,200"
휠라스페이스20*1200*10개 ,83,"1,600"
휠라핀*500개 ,"9,450",100
휠라핀*500개*자루 ,11,"50,000"
"휠타렌지*대만10"" ",2,"12,000"
"휠타렌지*대만12"" ",,"15,000"
휴지걸이 ,8,"7,000"
휴지걸이사각롤휴지 ,-6,"13,000"
휴지걸이스텐 ,24,"7,000"
휴지걸이스텐대림1401 ,,"22,000"
휴지걸이스텐신형*핸드폰받이 ,31,"9,000"
휴지걸이피이 ,,"4,000"
휴지통6호45L ,5,"15,000"
휴지통7호60L ,3,"18,000"
휴지통8호75L ,10,"24,000"
흄관1000*2500나팔 ,,"505,000"
흄관1100*2500나팔 ,,"560,000"
흄관1200*2500*A형 ,,"620,000"
흄관1200*2500*B형나팔 ,,"620,000"
흄관1350*2500나팔 ,,"750,000"
흄관250*2500 ,,"69,000"
흄관300*2500나팔B형 ,8,"98,000"
흄관400*2500나팔 ,7,"110,000"
흄관450*2500나팔 ,,"123,000"
흄관500*2500나팔 ,2,"156,000"
흄관600*2500나팔 ,,"240,000"
흄관700*2500A형 ,10,"255,000"
흄관800*2500나팔 ,2,"340,000"
흄관900*2500A형 ,,"360,000"
흄관사각300*2500그레이팅포함 ,7,"220,000"
흄관원형관학가3~500 ,,"450,000"
흄관콘크리트수밀소켓1000 ,,"62,000"
흄관콘크리트수밀소켓800 ,,"45,000"
흑색별돌 ,1,"1,000"
흑유리10# ,100,"1,000"
흑유리11# ,45,"1,000"
흙받이 ,10,"7,000"
흙칼0.8 ,23,"5,000"
"흙칼10"" ",34,"5,000"
흙칼2자*주왕 ,4,"20,000"
흙칼드라이비트거성1.2 ,-3,"14,000"
흙칼마루맨 ,-6,"5,000"
흙칼보강1.2 ,1,"12,000"
흙칼볼트조임10 ,-2,"12,000"
흙칼스텐330 ,11,"15,000"
흙칼양고대1.5 ,5,"20,000"
흙칼주왕1.3 ,29,"12,000"
흡음재아트보드9T*1200*2400베이 ,,"34,000"
흡음재타공9T*1200*2400메이플 ,,"47,000"
흡음재타공9T*1200*2400오크 ,,"47,000"
흡음제500*500*30T*아이*청색*회 ,,"15,000"
흡음제주문 ,-1,"44,000"
흡음차음하나로500*500*30T아이* ,,"15,000"
흡착제기름500*430 ,,"70,000"
흡착제기름500*430개당 ,,900
히다찌SDS드릴함마22 ,1,"130,000"
히다찌임팩스복스 ,1,"450,000"
히다찌임팩트렌지WR22SE ,-1,"750,000"
히다찌함마로타리22PG ,1,"136,000"
히오끼저항절연계4051-10 ,,"230,000"
히오끼후쿠메타3280-10F ,,"69,000"
히타봉자동3K*0.5M*우주 ,8,"58,000"
히타봉자동3K*0.5M참좋은 ,5,"36,000"
히타봉자동3K*0.7M우주 ,3,"66,000"
히타봉자동3K*1M우주 ,3,"75,000"
히타봉자동3k*1.5m우주 ,,"115,000"
히타봉자동5k*1.0m우주 ,,"98,000"
히타봉자동5k*1.5m우주 ,1,"135,000"
히타선100 ,6,"85,000"
히타선50 ,-20,"50,000"
힐티D*460-F8화약총 ,,"1,150,000"
힐티가스타정기충전단열재용 ,,"1,180,000"
힐티드롭인앙카HKD12*50 ,,"90,000"
힐티드릴TE2 ,,"255,000"
힐티매거진드릴SF4000 ,,"500,000"
힐티매거진드릴건SMD-57 ,1,"260,000"
힐티못20가스포함신형 ,,"84,000"
힐티배터리22v5.2ah ,3,"154,000"
힐티전기톱 ,,"130,000"
힐티충전렌지22V*5.0AH ,,"600,000"
힐티충전밧데리5.2 ,,"168,000"
힐티충전임팩렌지SW-A22 3/4 ,,"1,078,000"
힐티코아드릴DD-120 ,,
힐티타정기가스캔 ,,"69,000"
힐티타정기핀130 ,,572
힐티폼 ,2,"12,000"
힐티폼건 ,1,"125,000"
힐티피스톤ds450 ,,"45,000"
,,
,,
,,
,,
